subset,invariance_score,predictiveness_train,predictiveness_val,predictiveness_test,skill_score_test,regret_cluster_0,regret_cluster_1,regret_cluster_2,regret_cluster_3,regret_cluster_4
"{TA, VPD, SW_IN, SW_IN_POT_daily, dSW_IN_POT_daily, NDWI_SWIR2, PFT}",1.9743106169269737e-06,0.05623857655229573,0.05508838149852076,0.060942641432148996,0.055602866139907205,0.002822301979226137,0.0043305723067869825,0.0014880063256565643,0.003311547940723733,0.005654315261185469
"{VPD, dSW_IN_POT_daily, NDWI_SWIR2, PFT}",3.2511371469438843e-06,0.08566861388096725,0.08137926587835922,0.09335187619758574,-0.5387940080228909,0.0014750801508356254,0.003114176884779593,0.0018139669242890621,0.006221239983237696,0.004826331595036107
"{SW_IN, SW_IN_POT_daily, LST_Day, EVI, NIRv, PFT}",6.262989002279516e-07,0.057227883723074795,0.057159020219757016,0.06135099542001106,0.12529501175207272,0.0017079994883458238,0.0025987685018982742,0.001469351908285857,0.0014047714653464272,0.0034608896808583506
"{SW_IN, SW_IN_POT, dSW_IN_POT, LST_Day, NDWI_SWIR2, PFT}",9.121086785528482e-07,0.05763372665509208,0.05849198000766879,0.061701700637280615,0.057204859867202494,0.002573794370943412,0.0032387824870784565,0.0014810874523708273,0.0009898296872440232,0.003406490997590786
"{VPD, SW_IN, SW_IN_POT, dSW_IN_POT_daily, LST_Night}",1.586782125667887e-05,0.07310560125263806,0.059847860631109695,0.0774681053609238,-0.5954745962620264,0.012851273214431205,0.001453598496056939,0.0032606094254261087,0.0036810906614561517,0.0062754475624936384
"{SW_IN_POT_daily, dSW_IN_POT, LST_Day, LST_Night, NIRv, PFT}",4.1818271600820426e-07,0.0817441471838507,0.07995199846522019,0.09637002858776075,-0.13335268066217756,0.002615600826674516,0.0023226804139378915,0.0020369284348671773,0.002186405126869871,0.003835174399321392
"{dSW_IN_POT, dSW_IN_POT_daily, LST_Day}",3.7737939254015717e-07,0.09283224992350915,0.08472287716612319,0.1009160968697899,-0.5591343516564508,0.0053422321640491655,0.004026930146261154,0.004277582146763451,0.005083376664878958,0.003748976561732481
"{TA, VPD, SW_IN_POT, LST_Day, LST_Night, PFT}",2.750263050234378e-06,0.06495918964922388,0.057565452746605225,0.07647896457552711,-0.20297731590447232,0.005012409579693532,0.003810547440155146,0.002574946719396662,0.0011987250994027407,0.005820361459595663
"{TA, VPD, SW_IN, SW_IN_POT, SW_IN_POT_daily, LST_Day, LST_Night, EVI, NIRv}",2.3608882426913573e-07,0.05831896449838399,0.05150899323007428,0.05856858356514034,0.10497488876796023,0.0023398015447381112,0.0017297567974609365,0.002056189813986392,0.001448199734403556,0.0028485307639835172
"{TA, SW_IN_POT, SW_IN_POT_daily, dSW_IN_POT, LST_Day, NIRv, NDWI_SWIR2, PFT}",2.061700353152698e-06,0.06041326852672268,0.05861292588741414,0.06759919883166718,-0.015116737752587428,0.0020344715353205686,0.002593106629994839,0.0021461712154757923,0.00020581895128692768,0.004697731085975404
"{SW_IN, SW_IN_POT_daily, dSW_IN_POT, EVI}",3.1813289659043276e-07,0.06442688025889232,0.057856831653373436,0.06407035730457472,0.015467320515950234,0.002336481849852537,0.003244326053724822,0.0017213690266958612,0.00298765931343032,0.00208920384012104
"{TA, SW_IN, SW_IN_POT, SW_IN_POT_daily, dSW_IN_POT, dSW_IN_POT_daily, LST_Night}",1.322202359293359e-05,0.0686893189065007,0.06171186263825204,0.07898811399628844,-0.5352866262531554,0.008440388463478457,-3.0482799958840567e-05,0.002826328364575262,0.0020405176011120615,0.009105510217307447
"{VPD, dSW_IN_POT, dSW_IN_POT_daily, LST_Day, LST_Night, EVI, PFT}",1.404552299929311e-06,0.07060015236537996,0.06284660359576544,0.0749108126551615,-0.11741905156517139,0.002760958399816202,0.002077129445105616,0.0017142906203538172,0.0025019874507188553,0.005088050604875452
"{TA, VPD, SW_IN, SW_IN_POT, SW_IN_POT_daily, dSW_IN_POT_daily, LST_Night, NDWI_SWIR2}",1.1875159333108894e-06,0.05913998748200351,0.05425047055059233,0.06255884626147551,-0.03738052669174959,0.004575253506645817,0.0018227496552556469,0.0014956071695573572,0.0020957938261401757,0.002487668620383396
"{TA, SW_IN_POT, dSW_IN_POT, LST_Day, EVI, NDWI_SWIR2}",5.859582191097939e-07,0.06405494013929733,0.06093184527985197,0.0752149368049684,-0.14362152055787752,0.0015818979102915631,0.0022990617160001878,0.003225842138814647,0.0013152232770235611,0.003066275485278741
"{SW_IN_POT, dSW_IN_POT, LST_Day, LST_Night, EVI, NIRv, NDWI_SWIR2, PFT}",1.0482652541665916e-06,0.06329190132210541,0.06524905998125627,0.06942831179815775,-0.025494109153507676,0.0018781673551592423,0.0017895599107654037,0.0019996072226615147,0.0003686463121216413,0.003596225988475088
"{VPD, SW_IN, SW_IN_POT_daily, dSW_IN_POT, LST_Night, EVI, NIRv, NDWI_SWIR2, PFT}",1.4244693700205843e-06,0.0538838210437413,0.0522990419782029,0.056932569330318185,0.1417590899724613,0.0020791808885503305,0.002687153186083542,0.0016712531190832478,0.0018987637826246434,0.004946310972462092
"{TA, VPD, dSW_IN_POT, dSW_IN_POT_daily, LST_Day, EVI, NIRv, NDWI_SWIR2}",2.5694938168976827e-07,0.07272194992677024,0.06394726429763038,0.08059952122283547,-0.16946517473112246,0.002574315723458384,0.002502716721886608,0.003134389552439748,0.003289275178109105,0.003885640951963698
"{TA, SW_IN, SW_IN_POT, SW_IN_POT_daily, dSW_IN_POT, dSW_IN_POT_daily, LST_Day, LST_Night, NDWI_SWIR2}",8.131449544448875e-07,0.057992013215964956,0.05436568547601769,0.06713088263894654,-0.1452812346053122,0.003622018370470159,0.0013880586524538802,0.002004577662395278,0.0010154864321734458,0.002345263288943314
"{SW_IN, dSW_IN_POT, dSW_IN_POT_daily, LST_Night}",1.3958716825375947e-05,0.07276882409660544,0.06332103053570917,0.09066120329597173,-0.73754003499816,0.012332782433111145,0.0017585485268803644,0.0032808317113315194,0.003936137856151323,0.006850824030398411
"{VPD, SW_IN, SW_IN_POT_daily, dSW_IN_POT, dSW_IN_POT_daily, LST_Day, LST_Night, EVI, NDWI_SWIR2, PFT}",1.4028997214745564e-06,0.05336973295559314,0.0499986243572005,0.05692471686201074,0.12732921482210907,0.0025322737611934293,0.0027809915482787523,0.0014165111228815613,0.0013340255176789925,0.004599134531333329
"{SW_IN_POT, dSW_IN_POT, EVI, NIRv}",4.2298917017218434e-07,0.0711773331264824,0.0695794091425494,0.07481916461443451,-0.1295257617433337,0.0021658320487047966,0.0034462623703615802,0.0022695238675853324,0.001503216131657513,0.0019049391247673853
"{VPD, SW_IN, SW_IN_POT, SW_IN_POT_daily, dSW_IN_POT_daily, NIRv, PFT}",2.9815216550369802e-06,0.0559057266123954,0.05505082827504265,0.06053198785274644,0.11751934531655818,0.001899584429700188,0.0030272750023525724,0.0013945206541388575,0.0018335631080291584,0.006139639118107679
"{TA, dSW_IN_POT, LST_Day, LST_Night, EVI, NDWI_SWIR2}",4.710325712251667e-07,0.07869394056414498,0.07390165887223632,0.09613026090753476,-0.4029950231248742,0.002020591520682319,0.0023792352455352384,0.003974167990129965,0.003235375269044355,0.0031377043564182194
"{SW_IN_POT_daily, dSW_IN_POT_daily, LST_Night, EVI, NIRv, PFT}",9.11254213294103e-08,0.1040301697872473,0.09057768659035502,0.11798903490833032,-0.9904385417245131,-0.00011272384193880547,0.0006631631648621045,0.00016456915278675877,-4.363454543980516e-05,-0.0001616140599030591
"{TA, SW_IN_POT, SW_IN_POT_daily, LST_Night, NIRv, PFT}",3.551088500545399e-06,0.06286082704472269,0.06001773694153101,0.06910798107191601,-0.04923118093510109,0.0020605238997124173,0.003019769747153664,0.0031681365789136204,0.0006165869734587257,0.006342472005351998
"{SW_IN, SW_IN_POT_daily, dSW_IN_POT, dSW_IN_POT_daily, LST_Day, LST_Night, NDWI_SWIR2}",2.5478373406077483e-07,0.059035120240135526,0.056256236623318356,0.06792853465856066,-0.1312001925964851,0.0032083281859226903,0.0023902443657428593,0.0021479983678933112,0.0016466152330148545,0.002354276077127168
"{TA, SW_IN, SW_IN_POT_daily, dSW_IN_POT, dSW_IN_POT_daily, LST_Day, LST_Night, NDWI_SWIR2, PFT}",1.1684827644219667e-06,0.055076320949937856,0.05629388787756083,0.06497628676865727,-0.0041247069410800434,0.0028235753240704806,0.004049323457827929,0.0014809931481598454,0.0016376312708752463,0.00389218745129144
"{TA, VPD, SW_IN, SW_IN_POT, SW_IN_POT_daily, dSW_IN_POT_daily, LST_Day, LST_Night, NDWI_SWIR2}",1.4610985271814094e-06,0.05861324792336874,0.054232050765275416,0.061464377754353525,-0.005387335503646544,0.004803936660494702,0.0017724107679106746,0.0019162753711909689,0.001496693803550199,0.0028856801153027967
"{dSW_IN_POT, LST_Night, EVI, NIRv, NDWI_SWIR2}",6.348595470666919e-07,0.08743330706026543,0.08177706933999018,0.10649579449937036,-0.30051003366575374,0.0023940863954427793,0.004507451129861284,0.00286504810561046,0.004096348754935128,0.003942960030498183
"{VPD, SW_IN, SW_IN_POT, SW_IN_POT_daily, dSW_IN_POT, dSW_IN_POT_daily, LST_Night, NIRv, PFT}",1.9950236301482358e-06,0.05435608968154115,0.05252560263469745,0.05895948113507088,0.05139039776766441,0.002041126209410535,0.0018731750724891721,0.0017594181367342268,0.0006495243161288161,0.004893392236654415
"{SW_IN_POT, LST_Night, EVI, NIRv, NDWI_SWIR2}",7.035368771970718e-07,0.0682315607334977,0.06812053343418895,0.0741303932528393,-0.1481437493750131,0.0011859918276442838,0.0033595023196033857,0.0016721843827510324,0.00227368974208024,0.003174519338612805
"{dSW_IN_POT, NIRv}",1.4747586806587335e-05,0.10372919712248793,0.09419248169885125,0.10694440854527396,-0.21929341236270886,0.005906308471763391,0.013948288374000653,0.005805275456265538,0.012838034990589248,0.005109978423541731
"{TA, VPD, SW_IN, SW_IN_POT, dSW_IN_POT, dSW_IN_POT_daily, LST_Night, NDWI_SWIR2, PFT}",1.1014533006355605e-06,0.05472681900018271,0.055468023011660095,0.06574075639342966,0.050115595783158516,0.0027791285888100134,0.003248868815110391,0.0016165865556400857,0.0012726727149533074,0.004124993773271329
"{VPD, SW_IN_POT, SW_IN_POT_daily, dSW_IN_POT_daily, LST_Day, PFT}",8.529429124379449e-06,0.06535679746867687,0.05813209836925061,0.06640263835319876,-0.014007693450986458,0.007480909629329721,0.0030295123932925147,0.004228256477130876,0.0017442923550123543,0.009655469987030402
"{VPD, SW_IN, SW_IN_POT_daily, dSW_IN_POT_daily, NIRv, NDWI_SWIR2, PFT}",2.899005900740817e-06,0.054654801316288804,0.05527382371670936,0.059272842573819734,0.10934141232047212,0.0017713584887351502,0.0036316788029236158,0.0015663481636322418,0.00238591193774175,0.006196058244480648
"{TA, VPD, SW_IN_POT, dSW_IN_POT_daily, LST_Day, LST_Night, EVI}",2.1356495097034127e-07,0.06289677631453129,0.054626458510694184,0.06939140940080882,-0.013806837329322178,0.002667659598896442,0.0023185515044846228,0.0025568721005205935,0.001357671370441231,0.0022553434515476672
"{TA, SW_IN, dSW_IN_POT, LST_Day, NDWI_SWIR2, PFT}",1.4333707807421235e-06,0.05758968477389872,0.05603608271218856,0.06291972521904698,0.010405172096430252,0.0023746789434297214,0.00397735585901033,0.001452208823682813,0.0017692526910466494,0.0044495193111202674
"{TA, SW_IN_POT, dSW_IN_POT_daily, EVI, NIRv}",3.0756999413165033e-07,0.06729007054894144,0.061136364162238235,0.07595041108849124,-0.2400669144920541,0.0030290782158030466,0.002357253591287925,0.002245927944457757,0.0018149137036937713,0.0033492510397224867
"{SW_IN, SW_IN_POT_daily, dSW_IN_POT_daily, EVI, NIRv}",6.671977144769328e-07,0.06178502849732315,0.05973380372413852,0.06329197634666509,-0.06682632751643974,0.001522967880035704,0.0032746589574777288,0.0013660613575000313,0.002778593313947225,0.0031693538977784624
"{VPD, SW_IN, SW_IN_POT_daily, dSW_IN_POT, dSW_IN_POT_daily, PFT}",1.841660176609321e-05,0.06454309296837316,0.06028086875303626,0.06650865561505001,-0.12868961499022744,0.011375961409870065,0.002520921182971647,0.003982866686271722,0.00303366883896148,0.012351543588949465
"{TA, VPD, SW_IN, LST_Night}",3.352009808197031e-06,0.07132077906559324,0.060549176963207635,0.07528763522773721,-0.42729086833340557,0.005970228743555753,0.0009755266839022378,0.0010562720654461039,0.0019948637268460134,0.002759107465777705
"{TA, SW_IN_POT_daily, dSW_IN_POT_daily, NIRv, PFT}",8.548648405442011e-07,0.08649870149816555,0.08670110024406495,0.1145056222267818,-1.071419098495804,0.0003685922879504283,0.002738936685299509,0.002313002899307637,0.0012672928082810148,0.002710239626320707
"{TA, LST_Day, NDWI_SWIR2}",7.039811495902747e-07,0.09511005316245201,0.08798402811073305,0.11541709241164977,-1.0586383083266515,0.004117805922310536,0.002134548108744777,0.0021571664175919353,0.0023837913564193278,0.0017012376520640082
"{dSW_IN_POT_daily, EVI, NIRv, NDWI_SWIR2, PFT}",3.297805244714605e-07,0.10540170611185622,0.09903246079852107,0.1217771131548441,-0.675085109244366,3.444227455608184e-05,0.0015090730213216802,4.3397393424252084e-05,0.0008803738254745397,0.00023710257372944188
"{TA, SW_IN_POT, SW_IN_POT_daily, dSW_IN_POT_daily, LST_Night, PFT}",1.8044647041155693e-05,0.06919497340544194,0.06313387272099978,0.0832744554028736,-0.5548385146719443,0.013269198561381958,0.0027367462417239585,0.004329787834467358,0.0012305093914188048,0.007220599705912822
"{LST_Day, LST_Night, PFT}",2.0336394058609644e-07,0.10934289843759902,0.10005069202213906,0.1352983148095236,-1.6630072932054292,0.0006556590033513637,0.0017703868515622362,0.0009551601980250929,0.000631334910837611,0.0005464243873501695
"{TA, VPD, SW_IN, SW_IN_POT, SW_IN_POT_daily, dSW_IN_POT, dSW_IN_POT_daily, LST_Night, NDWI_SWIR2}",9.10859115087824e-07,0.057887073592394256,0.05392976951420131,0.0656207433664728,-0.09496953579224858,0.003751674860549961,0.001143026150036995,0.0016892567338107067,0.0012160504203030595,0.0022009687755085716
"{SW_IN, SW_IN_POT, LST_Day, LST_Night, NIRv, PFT}",1.075838245338671e-06,0.05732491926568312,0.05537981321880301,0.061347869764492066,0.04311209226965531,0.0014766044768366668,0.002454531283852264,0.001659548095302818,0.00047417280879955004,0.003574972432774312
"{TA, SW_IN, SW_IN_POT, SW_IN_POT_daily, LST_Night, NDWI_SWIR2}",7.040206055962174e-07,0.06112462324033124,0.055086309978094515,0.0669429235559501,-0.11571040313815466,0.004098020175424863,0.0018913837244886461,0.0020478740793361747,0.0018853989219555015,0.002342090916071904
"{SW_IN, SW_IN_POT, SW_IN_POT_daily, dSW_IN_POT, dSW_IN_POT_daily, LST_Day, EVI}",2.236426155438688e-07,0.05914159967632097,0.05436114641378193,0.0616722625169445,0.07401858386537781,0.0021871995088014948,0.0016199208426673495,0.0017035734367488523,0.000831080441729283,0.0020489839963826056
"{TA, VPD, dSW_IN_POT_daily, LST_Day, NIRv, NDWI_SWIR2}",2.7761772389045415e-07,0.08227660664047183,0.07254274807030489,0.0960290135571481,-0.7049256889544138,0.0010913288655308578,0.0017581904554747618,0.002147372143698506,0.0017224652529615261,0.0026892952536256565
"{SW_IN, dSW_IN_POT, dSW_IN_POT_daily, LST_Day, EVI, NIRv, NDWI_SWIR2, PFT}",1.5259440017201471e-06,0.054558606819667434,0.05317522770050394,0.05993503770367407,0.13257609338467408,0.0024112155215578954,0.002372337417830543,0.0010981320838702388,0.0012084039439091837,0.004531367362143171
"{TA, VPD, dSW_IN_POT, dSW_IN_POT_daily, LST_Day, LST_Night, NIRv, NDWI_SWIR2, PFT}",1.6512359981267194e-06,0.06892195140838915,0.06332946802769407,0.07720596421601411,-0.2581788069170278,0.0016679248468641147,0.001984652432806669,0.0017677798531225003,0.0014022045514607076,0.004883881913504959
"{SW_IN_POT_daily, dSW_IN_POT, dSW_IN_POT_daily, LST_Night, EVI}",1.1169780948503944e-06,0.08471029753911354,0.08084762663787365,0.10376720812606596,-0.746918918864881,0.00143485165356394,0.002757024441538858,0.0015335719908341067,0.004198496267614545,0.0033227560674546075
"{TA, SW_IN, SW_IN_POT_daily, dSW_IN_POT_daily, LST_Day, LST_Night, NIRv}",1.336554478306815e-07,0.058667707191061104,0.0523301230102035,0.06485633457184012,-0.06113532286586645,0.0018020423370016733,0.0020230923609821025,0.0016404260565407308,0.0010289117968370481,0.002015575168635486
"{VPD, SW_IN_POT, SW_IN_POT_daily, dSW_IN_POT, dSW_IN_POT_daily, LST_Day, EVI, NDWI_SWIR2}",3.8816582488903345e-07,0.060158027908409406,0.05634000397017552,0.0633697356724113,0.03950533648934614,0.0022178744143608667,0.0023312098987708016,0.002848154364886328,0.0013194878964147214,0.0031341826663766337
"{TA, SW_IN_POT, LST_Day, LST_Night, EVI, NIRv, NDWI_SWIR2}",5.115429779952374e-07,0.06413511261750714,0.060864583808978405,0.07154095522435627,-0.13330096914396103,0.001929433294907322,0.00257712318872573,0.0025566302630437993,0.001558956791947133,0.0036605580355314887
"{TA, SW_IN, SW_IN_POT, dSW_IN_POT, dSW_IN_POT_daily, EVI}",1.852803520729614e-07,0.060839125534606006,0.0534833768125057,0.06388792506462063,-0.09336005734735692,0.0011555375467679624,0.0015309334854261142,0.0017660417648347748,0.0012257577137626194,0.002346040044999817
"{SW_IN_POT, dSW_IN_POT, dSW_IN_POT_daily, LST_Day, NIRv, PFT}",1.3544615016854308e-06,0.06460474999802042,0.06720319135178883,0.07028607500072931,-0.018113350629441787,0.0014929693667291438,0.0017706771216567246,0.0017458610895171728,0.00026540613460426105,0.003879431412099371
"{TA, VPD, SW_IN, SW_IN_POT, dSW_IN_POT_daily, PFT}",9.260871199327773e-06,0.06337819884582198,0.05418665449738201,0.07143876416136685,-0.16746562238406057,0.009425332376401627,0.003176465237705657,0.0028145380536838682,0.0023242433336512006,0.008425106918349995
"{TA, SW_IN, SW_IN_POT, SW_IN_POT_daily, dSW_IN_POT, LST_Day, LST_Night, EVI, NDWI_SWIR2, PFT}",1.6851798596104955e-06,0.05363796411556023,0.05109511154056784,0.05820143670576235,0.08747548262941723,0.002226349424068276,0.00256675449881396,0.001472110695513791,0.0005048176029689572,0.004412209840530257
"{TA, VPD, SW_IN_POT_daily, dSW_IN_POT, dSW_IN_POT_daily, LST_Day, EVI, NIRv}",2.5552139083178086e-07,0.0735244488970809,0.06381948729270837,0.08180501679480562,-0.1679278530304356,0.001625461843429904,0.0023142417253713826,0.0030537798848876,0.0028161792638872613,0.0027700227729872684
"{TA, SW_IN_POT, SW_IN_POT_daily, dSW_IN_POT, LST_Night, NIRv, NDWI_SWIR2, PFT}",2.498229678552967e-06,0.06054172820413132,0.059021424572481315,0.06767487905698433,-0.07717743642385004,0.0017725712581640185,0.0026022865435138057,0.002120359676034647,4.057689569460926e-05,0.004942805015061086
"{VPD, SW_IN, SW_IN_POT, SW_IN_POT_daily, LST_Day, NIRv, PFT}",2.828354284992961e-06,0.05614041320496857,0.05459900500850584,0.058082661360935664,0.11366863020306683,0.002048494815615365,0.0026679145921901515,0.0015392590130658343,0.0012547782542144253,0.005906505388270256
"{TA, SW_IN, SW_IN_POT, SW_IN_POT_daily, dSW_IN_POT, dSW_IN_POT_daily, EVI, PFT}",1.3840573566737505e-06,0.05498433445107038,0.051787059268226784,0.05929463044513447,0.10381675049810098,0.0017446183812046684,0.0024930978579836907,0.0012827365359019058,0.0007076512609449984,0.004109523119955688
"{TA, VPD, SW_IN, SW_IN_POT, SW_IN_POT_daily, dSW_IN_POT_daily, NIRv}",9.759562245910112e-08,0.061169273875139124,0.05132776830130505,0.06217481076782115,-0.09309164283714105,0.0020451281340003735,0.0018468783610563408,0.0016661923942362447,0.0017580809728390268,0.0025444468774365042
"{SW_IN, SW_IN_POT, LST_Day, EVI, NIRv, PFT}",9.989930070027124e-07,0.05811890594727035,0.05668032692024606,0.06138918091897348,0.12557473790804666,0.0016464438386575436,0.0022758307955437346,0.0014752891820166078,0.001001975877218321,0.0038810236614892774
"{TA, SW_IN, SW_IN_POT, SW_IN_POT_daily, dSW_IN_POT, dSW_IN_POT_daily, LST_Day, NDWI_SWIR2, PFT}",1.128240640111439e-06,0.05527969171558919,0.05588612034361117,0.0610543451513095,0.053821506718730705,0.0030749333015233846,0.0035403886740202617,0.0015141477000887235,0.0013007508681775817,0.003898376842901355
"{VPD, SW_IN_POT, dSW_IN_POT, dSW_IN_POT_daily, LST_Night, NIRv}",2.77351611670885e-07,0.06399911533223215,0.054439810081182725,0.07632388330903389,-0.3111428669835316,0.0026242927047400236,0.0014641445510592682,0.002630797298646244,0.0014589972307871013,0.0018600720761015321
"{TA, SW_IN, SW_IN_POT, SW_IN_POT_daily, dSW_IN_POT, LST_Night, EVI, NIRv, PFT}",1.5357015962491525e-06,0.05469151684894551,0.05222750378423899,0.05931545706697608,0.08762395424600634,0.0012946264736738641,0.0018821139245103063,0.001616015870562211,0.00028535716032386527,0.004056545231732489
"{VPD, SW_IN_POT, dSW_IN_POT_daily, LST_Day, LST_Night, PFT}",3.081797206744072e-06,0.0638662870959437,0.05770452678338085,0.07581617563983423,-0.22846508304054627,0.005948532483227083,0.0040038262283832865,0.0027936234146835326,0.002226701340806131,0.006758984349464925
"{TA, SW_IN_POT_daily, LST_Night, PFT}",7.575550098819358e-06,0.09363926466359407,0.08948816107789022,0.11383432621035924,-1.2654639369090965,0.009487493890894622,0.002673921544348229,0.004190722992017226,0.001682610257329173,0.005938310064687188
"{VPD, SW_IN, SW_IN_POT, SW_IN_POT_daily, dSW_IN_POT_daily, LST_Day, EVI, NDWI_SWIR2, PFT}",2.271670756097127e-06,0.054049373963918144,0.05259888777243409,0.05632341819951711,0.14888289418004885,0.002736368784846961,0.00329872413831922,0.0012702271883798522,0.001625504876836166,0.005525354163596674
"{SW_IN, SW_IN_POT, dSW_IN_POT_daily, NIRv, NDWI_SWIR2, PFT}",1.546802797393079e-06,0.057038356580335056,0.0585274976251145,0.06133177515766129,0.08173831657893266,0.002558397527554185,0.003877089224773679,0.001700201173240129,0.002171588826069243,0.0051042441795827315
"{TA, VPD, SW_IN_POT, SW_IN_POT_daily, LST_Night, EVI, NDWI_SWIR2}",5.518355735216618e-07,0.06183521689769694,0.05708671469037156,0.06710858954479235,0.05123642802181324,0.002020885839534692,0.003015034773688613,0.0031545423493044775,0.0017408201440962598,0.003738192949040167
"{TA, SW_IN, LST_Day, LST_Night, PFT}",2.642723180488947e-06,0.0631837122286289,0.05606582998114517,0.06990151794169092,-0.26447597454604355,0.006182769602364746,0.0046480347861295596,0.002947967029666737,0.0013506563590313728,0.0041230594934063836
"{TA, dSW_IN_POT, LST_Day, LST_Night, EVI, NIRv, NDWI_SWIR2, PFT}",1.1802765599509793e-06,0.075005184161079,0.07009691995055618,0.09091458114691246,-0.29895642870252936,0.0016136204965752354,0.0021229739058056946,0.002986113225548287,0.00204016340993312,0.004667719919230137
"{VPD, SW_IN, dSW_IN_POT_daily, LST_Night, NDWI_SWIR2, PFT}",1.6623151673921242e-06,0.05660099618955157,0.054788364977043945,0.06592003649324879,-0.0256405595533666,0.0026465496510228795,0.00416731615865696,0.0016298613240110782,0.003445966969001839,0.005409352174703244
"{TA, SW_IN, SW_IN_POT_daily, dSW_IN_POT, LST_Night, EVI, NIRv, NDWI_SWIR2}",5.325371941652566e-07,0.05698276662431414,0.05358003869265692,0.05903472049383062,0.0500272796456816,0.002111845812517339,0.002266612796503281,0.0026318855792113044,0.0017243682866067908,0.003856547091581189
"{SW_IN_POT_daily, dSW_IN_POT, LST_Day, LST_Night, NIRv}",3.338334409033579e-08,0.08491270722590621,0.08114563411554859,0.1028017997934353,-0.19219113388793718,0.002627680409425112,0.0029598856241707383,0.0024938788070638096,0.002918930934242815,0.002881275936898353
"{SW_IN_POT, EVI, NDWI_SWIR2, PFT}",2.0182858672775078e-06,0.06953899123793261,0.07079819471500964,0.06963767118764913,0.012284012413110465,0.0029671085872781666,0.00546920460831013,0.0025943396658106854,0.003288134493917627,0.006102093516626633
"{TA, VPD, SW_IN, SW_IN_POT, SW_IN_POT_daily, dSW_IN_POT, NIRv, PFT}",1.821629591881526e-06,0.05538789713935827,0.05128887766383296,0.05917272862515738,0.09681405945676615,0.0016793211948116296,0.0022338499073371668,0.001789831913255567,0.0010486853492263568,0.0049265613847955525
"{TA, SW_IN_POT, dSW_IN_POT, LST_Day, LST_Night, EVI, NIRv, NDWI_SWIR2}",4.508534103330424e-07,0.06296103991700755,0.05938826569367462,0.07592028450884672,-0.20626748053012567,0.001722719923416119,0.0020645588101900966,0.0028065090887777477,0.001076780943750244,0.002851422056637923
"{TA, VPD, SW_IN_POT, dSW_IN_POT, dSW_IN_POT_daily, LST_Day, NIRv, PFT}",2.369563856002025e-06,0.05869878685167159,0.054200161025221384,0.0660026312890602,0.021263884047330928,0.0016969573493415338,0.0027212023802991453,0.002318405401215154,0.0006844907964520738,0.005299044454328619
"{TA, VPD, SW_IN_POT, SW_IN_POT_daily, LST_Day, LST_Night, PFT}",2.8031371742024005e-06,0.06326281081979472,0.056787667590943225,0.0737496385915071,-0.12465714904400998,0.004939533747205571,0.003917335678883034,0.00280919123919042,0.001364883508433938,0.006209025489341269
"{TA, SW_IN_POT, SW_IN_POT_daily, dSW_IN_POT, LST_Night, EVI, NIRv}",3.779989591860258e-07,0.0655034491173493,0.05873526031041749,0.07871373398999454,-0.375157669304414,0.0018951890664071283,0.001605372025109797,0.002479284415541669,0.000810251659709188,0.0024425324945188953
"{SW_IN_POT_daily, LST_Day, NDWI_SWIR2, PFT}",2.6313631818342117e-07,0.10552928365320725,0.0926407069672915,0.11926755234955036,-0.7200983890413578,0.00013277817993141705,0.0014688097361856278,0.00010983730005936776,0.0005754743561373205,0.0009338228617687128
"{SW_IN, SW_IN_POT, dSW_IN_POT, dSW_IN_POT_daily, LST_Day, LST_Night, PFT}",3.471813531385048e-06,0.0598909337164901,0.05611579987440149,0.07025145183794759,-0.17073533396248156,0.006687581107693255,0.0030535986443881863,0.002456280722967649,0.0012255809891715402,0.00436818856748819
"{SW_IN_POT, dSW_IN_POT, EVI, PFT}",1.1011973697366555e-06,0.06831027003222212,0.0718674155700494,0.07181887400058333,0.03865594183408457,0.0016082115504985062,0.0033096308605965047,0.0023376727125422186,0.0005292010288896268,0.0032556016103102436
"{TA, SW_IN, dSW_IN_POT, dSW_IN_POT_daily, LST_Day, NIRv, NDWI_SWIR2}",6.713452181722657e-07,0.05720497656442623,0.05323068229135202,0.06130264009986855,0.011876337728520777,0.0023089497630051914,0.002817625176271245,0.0023529164544657116,0.0015530830332018547,0.004038253467698857
"{SW_IN, SW_IN_POT_daily, dSW_IN_POT, dSW_IN_POT_daily, LST_Night, NIRv, NDWI_SWIR2, PFT}",9.49677430013183e-07,0.054253696942399884,0.053379457738749664,0.05979815348173241,0.04488688431396685,0.0018027962644734524,0.002903346187688678,0.0016016707792112714,0.0011246774407385474,0.0038104048134837976
"{TA, VPD, SW_IN_POT, dSW_IN_POT, dSW_IN_POT_daily, LST_Night, EVI, PFT}",1.7648168688849491e-06,0.05847311033405427,0.05363922088914693,0.0696067651307003,-0.019764105795823755,0.0017562070084861034,0.002367035678780799,0.0018580802933141141,0.00045881412805438837,0.004534677865946399
"{TA, VPD, SW_IN, SW_IN_POT_daily, dSW_IN_POT_daily, LST_Day, EVI, NIRv, PFT}",1.980491301316356e-06,0.05449102164408979,0.05222864799369058,0.056976522611955335,0.1261205499977954,0.0016597514106657593,0.0027738061014666374,0.0015071295779818042,0.0011057692045679038,0.004996705446502825
"{TA, VPD, SW_IN_POT, EVI, PFT}",2.6680062691502174e-06,0.061655839657714706,0.0553591688310842,0.06588826231038197,0.08479197076583765,0.001383072978763708,0.003052247779518985,0.0020637608779581276,0.0014525809469805168,0.005787431743944582
"{SW_IN, SW_IN_POT, SW_IN_POT_daily, dSW_IN_POT_daily, EVI, NIRv}",5.492196783906602e-07,0.061489214830458515,0.05806549884813958,0.06294249816889799,-0.061477997985811626,0.002220181596009299,0.003261998556596743,0.0012851612306179205,0.0026338260092877153,0.003274322244731606
"{SW_IN, dSW_IN_POT, dSW_IN_POT_daily, LST_Night, EVI, NIRv, NDWI_SWIR2, PFT}",8.011041184177361e-07,0.054363599673491435,0.0533546530612482,0.059765391483540695,0.06083246661716148,0.001672759806212093,0.0025841074752346108,0.0016714822216100655,0.001182628885009078,0.0037073894125573686
"{SW_IN, SW_IN_POT, dSW_IN_POT_daily, LST_Day, LST_Night, EVI, NIRv, NDWI_SWIR2, PFT}",1.0362202154512304e-06,0.054889136895335734,0.05162844572552665,0.05921516371319235,0.08427088719787078,0.0017380607862476014,0.002626916947766657,0.001231603904043442,0.0007278716796231405,0.003585042349348755
"{TA, VPD, SW_IN_POT, SW_IN_POT_daily, dSW_IN_POT, LST_Day, EVI, NIRv, NDWI_SWIR2, PFT}",1.8153228930185226e-06,0.057503795521414755,0.05346257345584783,0.0626276928316413,0.0880578812860074,0.0019464821050608483,0.0028101943750585,0.0021669845646725,0.0005895734145258194,0.004719827475774471
"{TA, SW_IN_POT_daily, dSW_IN_POT, NIRv}",7.672542810729486e-07,0.08263501331785565,0.0706546355509392,0.09468100583666667,-0.46827983021967173,0.0017120767439629675,0.0028948457229238528,0.0031652348438102607,0.0043583531945891735,0.0024219927486387044
"{TA, VPD, SW_IN, SW_IN_POT, dSW_IN_POT_daily, EVI, NDWI_SWIR2, PFT}",2.8013697917385325e-06,0.05430787960254167,0.05055001662633099,0.057302482322926784,0.13739722805454294,0.0020954927047217853,0.0031782021037701086,0.0014906419095516363,0.0019761402742036055,0.0061358520120406435
"{TA, SW_IN_POT, SW_IN_POT_daily, LST_Night, PFT}",1.7344721338347024e-05,0.07108270649941749,0.06394154907922613,0.08594607221157832,-0.47848974766362135,0.013165281703938624,0.00338064737528046,0.004458894283845938,0.0013776225814651488,0.00820187247535649
"{TA, SW_IN, SW_IN_POT, LST_Day, NDWI_SWIR2, PFT}",1.0864976610590466e-06,0.057711459928168805,0.05576641100249587,0.06033838259000399,0.04227723430191469,0.0027030721431420893,0.003874259825370735,0.0017347018568004205,0.001983743748565789,0.004401623683758307
"{TA, VPD, SW_IN_POT_daily, dSW_IN_POT, dSW_IN_POT_daily, EVI, NIRv, NDWI_SWIR2}",3.4932806852744244e-07,0.07260361050213947,0.06395388016500536,0.08090146245876723,-0.16269248429805352,0.002107467853594197,0.002842380875196726,0.0029437084300079908,0.003284490235326322,0.003918111537307076
"{VPD, SW_IN, SW_IN_POT_daily, dSW_IN_POT, dSW_IN_POT_daily, LST_Day, EVI, NIRv, NDWI_SWIR2}",6.944540075576651e-07,0.05661748666556571,0.05325597616009525,0.057530087223848586,0.13235813486818412,0.002812219271507252,0.0024450608475949723,0.002050647063745574,0.002203035947868505,0.004359360829863226
"{SW_IN, dSW_IN_POT, dSW_IN_POT_daily, EVI, NIRv, NDWI_SWIR2, PFT}",1.2309479329259067e-06,0.055750259065839414,0.0558602485727346,0.06222959019029964,0.10864092763077504,0.002303615560491669,0.0030423311181013435,0.001611747000081376,0.0020298114947726875,0.004763884834275034
"{SW_IN, SW_IN_POT, dSW_IN_POT_daily, NIRv, NDWI_SWIR2}",5.513757448422026e-07,0.060728799649571556,0.058566128830152636,0.05934146192812939,0.0846135976658476,0.0033798864843807216,0.003950424056000455,0.0022976083938724343,0.003285381555595636,0.004523987087698897
"{TA, VPD, dSW_IN_POT_daily, LST_Day, NIRv, PFT}",6.096053871256589e-07,0.08074773589152706,0.07618610816942778,0.09502925476924995,-0.478040136138032,0.0007869861807093675,0.0019868944335866695,0.0015745217628406888,0.0013260616053600224,0.00311171131414488
"{SW_IN_POT, SW_IN_POT_daily, dSW_IN_POT, NDWI_SWIR2, PFT}",5.443804010968548e-07,0.06781665240851452,0.07378663632141333,0.07267761896064644,-0.084394896828393,0.003250619349959613,0.002957155146259993,0.002195635608745916,0.0013566205379580767,0.003279593730916422
"{SW_IN, SW_IN_POT_daily, dSW_IN_POT, dSW_IN_POT_daily, LST_Day, NIRv, NDWI_SWIR2}",1.0016057431325304e-06,0.057332069957603295,0.054582149019981624,0.061013048861394734,0.07911537508239147,0.003088579031938342,0.0030164617606104963,0.0015617513988402248,0.0010786398991585872,0.0037224980205973063
"{TA, dSW_IN_POT, EVI, PFT}",9.545775886069433e-07,0.07965540973812776,0.07310730895798324,0.09747591144999045,-0.2715850664565092,0.0024838667041340856,0.0035727090460181687,0.0040013748345755495,0.0036576752929915746,0.005514288149208332
"{VPD, SW_IN, LST_Day, EVI, NIRv}",1.380005070168645e-07,0.06257922671426297,0.052762222000030536,0.06032661909014812,0.0698098193443231,0.002298594566445815,0.0016723152042027178,0.002061006589641881,0.0014394560774798268,0.002421689857661169
"{SW_IN_POT_daily, EVI, NDWI_SWIR2}",5.158223868790176e-07,0.10664736562766919,0.10095393340373068,0.1125220740870049,-0.5735083845392096,0.0006359389240932073,0.0025808813049767038,0.0007359487693795602,0.0017035017182930323,0.0011213301287861799
"{VPD, SW_IN_POT_daily, dSW_IN_POT_daily, LST_Day, LST_Night, NIRv, PFT}",3.534835585759773e-07,0.08067581679921675,0.07638128524107826,0.08134261460101287,-0.4845814710804497,0.0005053226993237819,0.001886756809951165,0.0009879076002384662,0.0009913632858455715,0.0020743090586583385
"{VPD, SW_IN_POT, SW_IN_POT_daily, dSW_IN_POT, NDWI_SWIR2}",5.120796758895794e-08,0.06483438752973786,0.05903615511238894,0.0717747117535607,-0.043478688108603614,0.0024232700112002473,0.0018729908601679349,0.0021881788041454436,0.0018091982511312665,0.0021879206833652076
"{SW_IN_POT_daily, dSW_IN_POT, LST_Night, NDWI_SWIR2}",4.701461142628653e-06,0.08711679952445264,0.08310560179299706,0.09876570436217336,-0.3292005367279723,0.0029250848117711725,0.004121319407992416,0.0035298227767012746,0.008868237308897763,0.003546569042578218
"{SW_IN, SW_IN_POT, dSW_IN_POT, LST_Day, EVI, NIRv}",4.469110604970997e-07,0.06082232920289891,0.05356853626281571,0.06216064265272938,0.03691464794148395,0.0024113115753856065,0.0014118283250397004,0.0026091757824554668,0.0008583823137887289,0.0022847667908084263
"{TA, SW_IN, dSW_IN_POT_daily, LST_Day, LST_Night, NIRv, NDWI_SWIR2}",7.98507379510076e-07,0.05709271556742369,0.05287692809862432,0.059733033536463864,-0.04650055032180581,0.0026704714706387994,0.0028909687039107637,0.0016865461940871879,0.0013479465259446724,0.003849915561917369
"{NIRv, PFT}",2.032472595996537e-05,0.11989147625516239,0.11447668312379514,0.12689188191296294,-0.640330647501432,0.0016169890985938962,0.0118165021347829,0.0010182691351030143,0.006646870438354907,-0.00036554953944450963
"{TA, SW_IN, SW_IN_POT_daily, dSW_IN_POT, dSW_IN_POT_daily, LST_Day, PFT}",3.6540641118311827e-06,0.060154378206832775,0.056035360493544184,0.06701261792528558,-0.12118742921281357,0.0064145440807074,0.002837334592188906,0.003400977270678146,0.0014233503586723317,0.006022998593380957
"{TA, SW_IN_POT, SW_IN_POT_daily, dSW_IN_POT, dSW_IN_POT_daily, EVI}",3.769625268999441e-07,0.06669778151914998,0.059676836503228026,0.07998447666117658,-0.4112957813750015,0.0020359139769264845,0.001524926980009278,0.0023373694943441686,0.0007614041265575008,0.002422406782242953
"{TA, SW_IN, dSW_IN_POT_daily, LST_Night, EVI, NIRv, NDWI_SWIR2, PFT}",1.4984669608804773e-06,0.05402570835644738,0.052719175017997805,0.05889025776932942,0.05106071967307466,0.0017903976775865554,0.003125650665583825,0.0013359484172574473,0.0012588453217106388,0.004439657132822461
"{TA, SW_IN_POT, dSW_IN_POT, dSW_IN_POT_daily, EVI, NIRv, PFT}",1.5485656892894803e-06,0.06165242035039107,0.06109097562701009,0.07270601871988314,-0.10067401860764301,0.001733498548037192,0.002554678614509455,0.002438328739121809,0.00039401284312996776,0.004226091165134352
"{VPD, SW_IN_POT, SW_IN_POT_daily, LST_Night, EVI, NDWI_SWIR2}",3.9198310901682064e-07,0.06197304441972729,0.05734310486101956,0.06722393020190225,0.050519261949268035,0.0018834868994055606,0.002586689634509892,0.002958638597371395,0.0023274988140013567,0.003736697339401407
"{dSW_IN_POT, dSW_IN_POT_daily, EVI, NIRv, PFT}",2.0430274764041545e-06,0.0866990366841157,0.08616853876725405,0.10004126909629696,-0.1130316434473051,0.0058583950859978084,0.0075025341526390454,0.0035322527628002393,0.007305289139931843,0.0056112000572242915
"{VPD, SW_IN, SW_IN_POT, LST_Day, EVI, NDWI_SWIR2, PFT}",2.3862855624532535e-06,0.05531103181134668,0.052642531020319315,0.057225783043929536,0.13543871911919877,0.002312240739209555,0.00296723497895153,0.0014491104685927236,0.0016813969906032122,0.005731446129242396
"{TA, SW_IN_POT_daily, dSW_IN_POT, dSW_IN_POT_daily, LST_Day, LST_Night, EVI}",3.8019104800914505e-07,0.07667938461546846,0.06732789205574546,0.09709777122408512,-0.6045487073037599,0.0017266024227084037,0.0017417026618443826,0.003234169822751362,0.002720559618492553,0.0018273565708828016
"{TA, VPD, SW_IN, SW_IN_POT, dSW_IN_POT, LST_Day, LST_Night, EVI, NIRv, NDWI_SWIR2}",5.772555805658743e-07,0.05628873445375605,0.05218349522722303,0.05743503836505885,0.08194970705292244,0.0024242291557287216,0.0017161338395456013,0.002484228133607151,0.0014091842997789178,0.0036062832761536157
"{SW_IN_POT_daily, dSW_IN_POT, dSW_IN_POT_daily, EVI, PFT}",3.4287292474179834e-06,0.08189712342354317,0.08057098356547082,0.09780415452293671,-0.06074307215808774,0.0009900085107779621,0.003454869170428629,0.001799899996067264,0.005474406564063748,0.005516652501315333
"{SW_IN, dSW_IN_POT, dSW_IN_POT_daily, LST_Night, NDWI_SWIR2, PFT}",6.654480554891364e-07,0.05703381364866087,0.058888783400782976,0.06524526151324783,0.0024812633644031488,0.002032029176347247,0.0040044599345896575,0.0021898453872578535,0.0028689644350516214,0.0038417861037648993
"{TA, VPD, SW_IN, SW_IN_POT, LST_Night, EVI, NDWI_SWIR2, PFT}",2.6580166098508245e-06,0.054534716355965275,0.05077009692069624,0.0578029798787236,0.10527234033931833,0.001958312612969554,0.002891956150287256,0.0011388936242822667,0.0010800361186980995,0.005495824730232565
"{SW_IN_POT, dSW_IN_POT, NIRv, PFT}",1.1792581577094172e-06,0.06869726390353523,0.07203323462159913,0.07034160979343695,-0.002555154735278231,0.0016451045893460803,0.002822490298194452,0.002556016901062802,0.0007881502053068493,0.003991620651477498
"{SW_IN_POT, SW_IN_POT_daily, dSW_IN_POT_daily, EVI, PFT}",1.412417120881938e-06,0.06642809417240249,0.06838748757840171,0.07082773713364757,0.05347824640470492,0.0016543086297984705,0.003389375431818706,0.0015560358397245927,0.0014552703305282383,0.004390494384888935
"{SW_IN, SW_IN_POT_daily, LST_Day, EVI}",7.07986747242641e-08,0.06333514093849525,0.05534020659397634,0.05964691944508893,0.12226608242357524,0.001981299254246241,0.0015963032411163355,0.001983452784531617,0.0015561626062173609,0.0022643730301966786
"{TA, VPD, SW_IN, SW_IN_POT, SW_IN_POT_daily, dSW_IN_POT, LST_Day, NDWI_SWIR2}",8.205531443635485e-07,0.05873226959481002,0.054446993866291746,0.0610551487634917,0.02165454330049499,0.0034987142064625276,0.0012753689684268585,0.002200233290022058,0.0008712962888714204,0.0021325198692023206
"{SW_IN, SW_IN_POT, LST_Night, EVI, NIRv, NDWI_SWIR2, PFT}",8.95169967881763e-07,0.05645036752780662,0.05439338191615145,0.05994822191829663,0.0717793768425189,0.001609682406144973,0.0025545646183467857,0.001482674357653986,0.0011139509879231069,0.003735673649415683
"{TA, SW_IN_POT, dSW_IN_POT_daily, LST_Day, EVI, PFT}",2.7773847065249606e-06,0.06202493876679318,0.05893450458728214,0.06904335285246455,0.000797296903223684,0.0018222134739107054,0.0030538146025343993,0.002702612062374418,0.0010675390850885813,0.005950678957826944
"{TA, VPD, SW_IN_POT_daily, dSW_IN_POT_daily, EVI, NDWI_SWIR2, PFT}",2.594624937630421e-07,0.07940196914340845,0.07209149643101884,0.09127716939709424,-0.5479836760849999,0.0008236681631383358,0.001964688834446768,0.0011993552904116939,0.0014857068750461846,0.0022363138278423123
"{VPD, SW_IN_POT, SW_IN_POT_daily, dSW_IN_POT, dSW_IN_POT_daily, LST_Night, EVI, PFT}",1.2817608744852795e-06,0.05825432591776521,0.05373374407831756,0.06705551748368557,0.015057656324382588,0.001793214150133761,0.0021080229835997374,0.0014529639620995405,0.0009639102701414076,0.004246181176896319
"{SW_IN, SW_IN_POT_daily, dSW_IN_POT_daily, LST_Day, LST_Night, PFT}",2.2079761222225074e-06,0.06054220154616132,0.056967609465456495,0.06853016364055961,-0.1595851146650251,0.004446765054158711,0.002900309013506415,0.0021114901951779647,0.0012213802946669655,0.00527275199028919
"{VPD, SW_IN_POT_daily, dSW_IN_POT_daily, LST_Day, LST_Night, NIRv, NDWI_SWIR2, PFT}",4.987783774119663e-07,0.07965558517911715,0.07579727490875851,0.08648468500699527,-0.5097142259077759,0.00021899437515056352,0.001999678298556379,0.0009526047212893296,0.000991925567084613,0.0020949074080388735
"{TA, SW_IN_POT, SW_IN_POT_daily, LST_Day, LST_Night, EVI}",5.322037915389007e-07,0.06602871020744314,0.057822991550256025,0.07261709031638795,-0.1670246000843422,0.0025081605717592256,0.0019990463191025126,0.00338877741008356,0.0012107926784098097,0.0027203703806549656
"{TA, VPD, SW_IN_POT, SW_IN_POT_daily, dSW_IN_POT_daily, LST_Day, LST_Night, EVI, NIRv, NDWI_SWIR2}",8.668513536397303e-07,0.060154630682910847,0.05567326073423244,0.06645897676407361,-0.019720111829790905,0.002199338113961058,0.0028013311808880517,0.0029971541896665205,0.0016174296208281008,0.00439252312780028
"{TA, SW_IN, SW_IN_POT_daily, LST_Day, EVI, NIRv, NDWI_SWIR2, PFT}",1.3293142749433713e-06,0.0545737876124884,0.0535656763194882,0.05843183101455009,0.12227242535900222,0.001788952872307438,0.00337554079925724,0.0018894686961803547,0.0017235793127685778,0.004636831733501726
"{TA, VPD, SW_IN, SW_IN_POT_daily, dSW_IN_POT_daily, LST_Day, EVI, NIRv, NDWI_SWIR2, PFT}",1.7484895304431331e-06,0.053538001513597874,0.051555682165010025,0.05658808750960893,0.13585976647880874,0.001784962092547554,0.0031804349356109735,0.0012121075493756739,0.001972392225796371,0.004928594285101055
"{TA, dSW_IN_POT, LST_Night, EVI, NIRv, PFT}",9.898718448117557e-07,0.07725439023044622,0.07171701473186687,0.09290220780914576,-0.2397808486310963,0.0023539124742053413,0.0030513711125785548,0.003334875090716255,0.0024045211213260254,0.005089821367067884
"{VPD, SW_IN_POT, SW_IN_POT_daily, dSW_IN_POT_daily, LST_Night, EVI, NDWI_SWIR2}",2.7770252606187206e-07,0.061029562592310814,0.05673150265295279,0.06621518699240586,0.004234365842565017,0.002152084936668075,0.002832310644030993,0.002582170609532815,0.0022566913338243344,0.00362782959767792
"{VPD, SW_IN, SW_IN_POT, dSW_IN_POT_daily, LST_Night, EVI, NDWI_SWIR2}",3.87402447444298e-07,0.05753155935301021,0.053009210620328734,0.058521290133712135,0.06549600162503823,0.0026843279947869683,0.002811746216444408,0.0020241399245783873,0.002173878927671999,0.003791206856082266
"{SW_IN, dSW_IN_POT_daily, LST_Day, LST_Night, PFT}",2.0819414019143865e-06,0.061897452162707915,0.05711239645312323,0.07192716545578581,-0.21957498529918118,0.005091116618238245,0.0034738378511639106,0.0025835194297144023,0.001638850678192548,0.005416403863661615
"{SW_IN_POT_daily, dSW_IN_POT, dSW_IN_POT_daily, EVI, NIRv, NDWI_SWIR2}",3.3201875271925083e-06,0.08345145360048196,0.08382486438161577,0.09581907442413429,-0.11569041226675962,0.0008416171185030713,0.004209775613548017,0.0016607870649136547,0.005398638328675008,0.004943062521655897
"{TA, SW_IN, SW_IN_POT_daily, dSW_IN_POT, EVI, NIRv}",2.0115783705413184e-07,0.06081544887909233,0.05317489183897692,0.06354530940146175,-0.03017678227376937,0.0016717290560434583,0.0019360320497284964,0.0023400035625411875,0.0016606138846972651,0.0028385053091104645
"{TA, LST_Day, LST_Night}",2.228749477041283e-06,0.09791304686103904,0.08902023101225993,0.11634888918375078,-1.2582229056207985,0.0047895890429959925,0.001247995621019543,0.002427947905996708,0.002266457995699203,0.0003355965227802571
"{TA, VPD, SW_IN_POT_daily, dSW_IN_POT, LST_Day, LST_Night, NIRv}",1.8290731723247314e-07,0.07407870726056164,0.0629394090079273,0.08088234322777704,-0.2013098911468554,0.002782131053936182,0.0019449590023351004,0.0029488664991469543,0.002340177599806696,0.0018917540993756005
"{TA, VPD, SW_IN_POT_daily, dSW_IN_POT, EVI}",3.633423165432669e-07,0.07775198400384428,0.06421452950076836,0.08347687339153995,-0.26200087877306166,0.002291812862935408,0.0024089187281678137,0.003509082338255212,0.003734738106543893,0.002528468370274012
"{TA, VPD, SW_IN_POT, EVI, NIRv, NDWI_SWIR2, PFT}",3.0423178018389643e-06,0.059393314917218325,0.05380352930478166,0.06301855914212857,0.0849343387256431,0.00183022953625072,0.003357822099042132,0.0020081384023171236,0.0018439746207431704,0.006380896904410904
"{SW_IN, SW_IN_POT, LST_Day, LST_Night, NIRv, NDWI_SWIR2, PFT}",1.3034836636308843e-06,0.05606635914426804,0.05478026696049984,0.05982396446357322,0.04953150698043296,0.0017834008131154128,0.002777166942846118,0.0013019587813592956,0.00043472296836204183,0.0037114836190104833
"{TA, SW_IN, SW_IN_POT, SW_IN_POT_daily, LST_Day, EVI, NDWI_SWIR2}",5.110110208673285e-07,0.0581878839225073,0.053287950931827296,0.059375761764446595,0.06594935791179159,0.0022387643200834223,0.002603617850543409,0.002696194892575818,0.002094112862570087,0.004106173782008518
"{TA, VPD, SW_IN, dSW_IN_POT_daily, LST_Day, EVI, NIRv, NDWI_SWIR2, PFT}",1.8244175662125467e-06,0.05381353060022853,0.05185316907530148,0.05701685696073111,0.11472929941586439,0.00195605759652466,0.0030683932387281995,0.0014200585681041836,0.0019619129493409423,0.005200436996547514
"{TA, SW_IN, SW_IN_POT_daily, LST_Night, EVI, NIRv}",2.5105486935911454e-07,0.06068422055283475,0.05298978618828819,0.06346896084219802,-0.07953909475098815,0.0016168840306344245,0.001805298467890383,0.001764690093935456,0.001685213925479337,0.002960083421101961
"{TA, SW_IN_POT, dSW_IN_POT, dSW_IN_POT_daily, LST_Day, LST_Night, NIRv, PFT}",2.354259498060175e-06,0.06123230639183637,0.05905978493128111,0.07136810224496751,-0.12212293192968225,0.002027889436974073,0.0024289454992808615,0.0027671045627782817,0.00021408097131365988,0.004999474163797785
"{SW_IN_POT, dSW_IN_POT_daily, LST_Day, LST_Night, NDWI_SWIR2}",4.667368207814495e-07,0.06886943469057562,0.0680428599381033,0.07793606769548839,-0.3051617874272487,0.003488726754600553,0.0023101598983543276,0.0022350581224041266,0.001367250731973725,0.0020848020622501184
"{VPD, SW_IN, SW_IN_POT, SW_IN_POT_daily, dSW_IN_POT, dSW_IN_POT_daily, NDWI_SWIR2, PFT}",2.1721100574823174e-06,0.055922927178702744,0.05534468733840002,0.05928956675880962,0.08919318593688065,0.003263360467212935,0.003958386668644488,0.0011712232543835688,0.0016937051703875966,0.005199601530385414
"{TA, VPD, SW_IN, SW_IN_POT_daily, dSW_IN_POT, dSW_IN_POT_daily, LST_Day, EVI, NIRv, NDWI_SWIR2, PFT}",1.6909781599771983e-06,0.05323888900568378,0.050845741456155905,0.05735366751908658,0.14040674493704514,0.0019721376720728545,0.002912072659456977,0.0014012857678238344,0.0015710678426367891,0.00494007359198699
"{TA, SW_IN_POT, dSW_IN_POT, dSW_IN_POT_daily, LST_Day, EVI}",4.3131025707211013e-07,0.06519589317434185,0.058191663961564666,0.07699339936958427,-0.28064763973091195,0.0015217052264320588,0.001602225755747172,0.0028271895675093944,0.0008904811609280819,0.002197429764433406
"{VPD, SW_IN, PFT}",2.2269766422391643e-05,0.07983058082394358,0.07118073496944635,0.0757644187196217,-0.2220717241523775,0.014117550229633666,0.003774359048103637,0.0017817742580808205,0.004118457981164163,0.01084419525758143
"{dSW_IN_POT_daily, LST_Night}",5.951270044605607e-06,0.11270729932274624,0.098836530163761,0.1418136024044913,-2.2896796226760983,0.006608640711168026,0.0008549606074558236,0.000842982914842777,0.0005325622905270194,4.77938510090592e-06
"{TA, VPD, SW_IN, SW_IN_POT_daily, dSW_IN_POT, EVI, NIRv}",7.261218146395725e-08,0.0602552690889592,0.05200442484158864,0.06018448160510141,0.004096701122496327,0.0018228703265355597,0.0019091200450982032,0.0022436136383227126,0.0018606455137745379,0.002519601292279239
"{VPD, SW_IN_POT, NIRv}",8.038309926892379e-07,0.07128958397227078,0.06196106052044266,0.06806866854482538,-0.06880364099701829,0.00045188381396425725,0.002697519114780819,0.0022160969889150894,0.0027346811624950965,0.0011943730531282643
"{TA, SW_IN, SW_IN_POT, dSW_IN_POT}",2.1264925313913343e-05,0.0742652269870145,0.06450139281300785,0.08666608350714525,-0.6485780368737479,0.013588557175617258,0.001651913900504759,0.0030129475591540167,0.0017082836156657177,0.007855784223295179
"{TA, VPD, dSW_IN_POT, dSW_IN_POT_daily, NDWI_SWIR2}",1.008788598348282e-06,0.07714325915082812,0.06694285754794543,0.08361581838708661,-0.29229351615356997,0.003586928959145072,0.0030318362650228192,0.0032930426211286723,0.005517778492259207,0.0026255905227999116
"{VPD, SW_IN_POT, dSW_IN_POT, LST_Night, EVI, NIRv, NDWI_SWIR2}",3.085563236534632e-07,0.061041322310706136,0.056076383893893425,0.06830199125683328,-0.034184100645408076,0.0013800629221001406,0.002299149463679137,0.0026266260686058016,0.0019394454185771848,0.0029884692799260343
"{TA, VPD, SW_IN, SW_IN_POT, SW_IN_POT_daily, dSW_IN_POT_daily, LST_Day, EVI, NIRv, PFT}",2.0297835167330955e-06,0.05443432014999591,0.05127650272352917,0.05680114142443633,0.13971186543590977,0.0019311290383320426,0.0031388821748754084,0.00175751204650932,0.0012837852109864947,0.005244668567059491
"{TA, SW_IN, dSW_IN_POT, LST_Day, EVI}",5.88147259804307e-07,0.061560796424537635,0.05306807733082447,0.06356879457517098,0.019696125927795866,0.0010996668804056225,0.00162476371265418,0.0030509975252056842,0.0009746615178190532,0.002216659064182322
"{TA, SW_IN_POT_daily, dSW_IN_POT_daily, LST_Night, EVI, NDWI_SWIR2}",3.0298444583434684e-07,0.08559726663356784,0.08040101253218779,0.11059659181936289,-0.9810804886626237,0.000426281293652922,0.0017810343585608485,0.0018251102857810009,0.0015748760089591626,0.0008890878787718576
"{TA, SW_IN, SW_IN_POT, dSW_IN_POT, dSW_IN_POT_daily, LST_Day, EVI, NIRv, NDWI_SWIR2, PFT}",1.415386676638312e-06,0.05357338826566292,0.050807499099836,0.05891038519677497,0.09754901129398456,0.002518701790388017,0.0026537244548016717,0.0013064184126412998,0.0010208659736747824,0.0043757624375700965
"{VPD, dSW_IN_POT_daily, EVI, PFT}",1.305093142234201e-06,0.0844333787660985,0.0765461836072645,0.08509747557991229,-0.3463607168217404,0.000994013447294953,0.0035052997542202036,0.0016223180894222172,0.003572590188646134,0.003722325218328895
"{TA, VPD, SW_IN, SW_IN_POT, SW_IN_POT_daily, dSW_IN_POT, dSW_IN_POT_daily, LST_Night, EVI, NIRv}",3.387394185314594e-07,0.05796673699939892,0.05051572997806121,0.06465376863211929,-0.19143591297283657,0.002033326731418428,0.0012514810254887834,0.001534785533797163,0.0010072563669672185,0.002635157867401372
"{TA, SW_IN, SW_IN_POT, dSW_IN_POT_daily, LST_Night, EVI, NDWI_SWIR2, PFT}",2.0201024535426024e-06,0.05423050444021374,0.05124178036712548,0.060263820408633095,0.06483366396579038,0.0023765213545692485,0.0029568127626471777,0.001502866160577404,0.001045685351729414,0.005110710754036421
"{VPD, SW_IN, SW_IN_POT, SW_IN_POT_daily, dSW_IN_POT_daily, EVI}",2.0971028426257292e-07,0.062328924801431686,0.05543285117556854,0.06062031173755914,-0.019251157094431037,0.002092450526389955,0.0025608636083210914,0.0013702232587287436,0.0023444062817662356,0.0026443077685966154
"{TA, VPD, SW_IN_POT, LST_Night, EVI, NIRv}",1.4019096900435958e-07,0.06547782278453503,0.055681827372163,0.0695081619444124,-0.11141341806639443,0.002227180794615931,0.0023172483670560046,0.0020172800299844973,0.0015439811918114277,0.0026814398347729113
"{SW_IN_POT, SW_IN_POT_daily, LST_Night, NDWI_SWIR2}",3.676514811642693e-07,0.07103395962283245,0.06639514945605288,0.07700927912838737,-0.24886017691646636,0.0037378712427364805,0.0023888035833660587,0.0022265847466709787,0.002808757009081217,0.002031350511579419
"{TA, SW_IN, dSW_IN_POT, dSW_IN_POT_daily, LST_Night, PFT}",1.7082603576986676e-05,0.06411530843736271,0.05745519195645141,0.08215496158763194,-0.5770133011419961,0.013206219980094379,0.0034087423303620704,0.0036788633360674908,0.001928895132600944,0.008200700345033188
"{TA, VPD, SW_IN_POT, SW_IN_POT_daily, dSW_IN_POT, LST_Night}",5.259412098662805e-06,0.07161203607484411,0.060786032970573695,0.07855934325712877,-0.38381866614512195,0.006002747385790222,0.0009403421213349666,0.0031546187390233127,0.0019079432144736078,0.00684554655507473
"{TA, LST_Day, EVI, NIRv}",4.809403536138074e-07,0.09237899029491527,0.08345609974496485,0.12001181449785267,-1.073234776926154,0.0005116424500482414,0.001974760552766325,0.002586676328562368,0.0018626793827094049,0.001364882003309642
"{TA, VPD, SW_IN_POT_daily, LST_Night, EVI, NIRv}",5.1215610566635834e-08,0.08463208819886626,0.07382363669319741,0.09416390354229195,-0.6809094950283298,0.001452033739854433,0.002028126171692124,0.0016488057369312692,0.0014366840671384065,0.0018308124123750102
"{TA, SW_IN_POT_daily, dSW_IN_POT, LST_Night, EVI, NIRv, PFT}",1.1866061157617838e-06,0.07501247400903199,0.0711605132755436,0.09162063495274775,-0.21990122928562617,0.0017251407834579513,0.002757093690473264,0.003395714865076116,0.0028016528978177246,0.005038626962112963
"{VPD, SW_IN, dSW_IN_POT_daily, LST_Day, EVI, NIRv, NDWI_SWIR2, PFT}",1.7990214555227644e-06,0.05418473276052608,0.0526764870162221,0.056728334859601014,0.11075569676968083,0.002273442946037249,0.002973110564860791,0.0012435799713302678,0.002009895575458512,0.005179436454933212
"{TA, VPD, SW_IN, SW_IN_POT, dSW_IN_POT, LST_Day, LST_Night, NIRv, NDWI_SWIR2}",6.056594118080525e-07,0.05660552313540066,0.05175944885890538,0.05777892224501359,0.02591165593111076,0.0025521842016621027,0.0021586200397961317,0.0025973317640147348,0.0008817117170205405,0.003219994429498149
"{SW_IN_POT, SW_IN_POT_daily, dSW_IN_POT, dSW_IN_POT_daily, LST_Day, EVI, NIRv}",3.3975986605986565e-07,0.06638593618779366,0.06365823713547591,0.0767584369191199,-0.1464472043397655,0.0019956648734500287,0.0016182731852060345,0.0020745491783455694,0.00044817028471934306,0.0016299729686679865
"{TA, VPD, SW_IN_POT_daily, LST_Day, LST_Night, EVI, PFT}",5.731217551938906e-07,0.08020164001647968,0.0728456505510344,0.08855533479742658,-0.3606244575604456,0.0010222736019802614,0.002051202667590235,0.001831546024182909,0.0011457377449967249,0.0031324050763574113
"{VPD, SW_IN, dSW_IN_POT, dSW_IN_POT_daily, NIRv, NDWI_SWIR2}",6.74354578536899e-07,0.05893153474845575,0.05624654414437735,0.06066601033165826,0.06597784509428595,0.002761704112987047,0.003386449785812158,0.0025861912852956775,0.0027301143787244464,0.004800433089383091
"{SW_IN_POT_daily, dSW_IN_POT, NIRv, PFT}",3.231900684888556e-06,0.08540688168662897,0.0825654738111164,0.09831191906343752,-0.09216608735725014,0.0036381947306012574,0.005556320369756909,0.003116830201821061,0.007751524160309185,0.006912844116680153
"{VPD, dSW_IN_POT_daily, EVI, NIRv, NDWI_SWIR2, PFT}",4.316685904296666e-07,0.0811987226823748,0.0735728244415911,0.08723069551404333,-0.4474981345665799,0.0006440520579353154,0.002256070475766578,0.0014637970278282703,0.0019460387600511164,0.0024979587664052533
"{VPD, SW_IN, SW_IN_POT, SW_IN_POT_daily, dSW_IN_POT_daily, LST_Night, EVI, NDWI_SWIR2, PFT}",1.8873059491745623e-06,0.0536796140205321,0.050608308509817894,0.056430238462150534,0.1268758906985972,0.002244930958764463,0.0028325851469251026,0.0015321715469865105,0.0013926573478366885,0.005181705031430284
"{SW_IN_POT, SW_IN_POT_daily, dSW_IN_POT, dSW_IN_POT_daily, LST_Day, LST_Night, NIRv}",3.6635150973225555e-07,0.06609896027250467,0.06343382032773698,0.08066356166859846,-0.3771420907065159,0.001993572579281788,0.0016815760065023722,0.0017800518994788156,0.000280366817990714,0.0015255488578840293
"{TA, SW_IN, SW_IN_POT, SW_IN_POT_daily, dSW_IN_POT_daily, EVI, PFT}",1.4947798517018809e-06,0.055622455405581465,0.05215368806226367,0.05922649126800924,0.1184467113932481,0.0018069157618950116,0.002735246266987297,0.001416616044804829,0.0015032100703437426,0.004689779639229702
"{TA, VPD, SW_IN, dSW_IN_POT_daily, NIRv}",7.313837396407149e-08,0.06280267087180223,0.05186773833288989,0.061867742351002994,-0.07889159076223702,0.0016603160016736285,0.001750112613857581,0.0019270991705226184,0.0015074364854470723,0.002295895326891201
"{TA, VPD, SW_IN_POT_daily, dSW_IN_POT, dSW_IN_POT_daily, LST_Day, LST_Night, NIRv, PFT}",1.6956264692956197e-06,0.06935328852031532,0.06498835976899608,0.08233164153223027,-0.26222372402843913,0.002162452818800467,0.0019730013150340286,0.0015362177764190327,0.001344139364839951,0.004925687800815537
"{TA, SW_IN, LST_Day, LST_Night, EVI, NDWI_SWIR2, PFT}",1.5876912445018684e-06,0.05502730116285773,0.052409783190470696,0.0578731241643899,0.070633670931938,0.0018994632256546101,0.00298392731435404,0.0013496152340262205,0.0011653408683200486,0.004572424357818752
"{VPD, dSW_IN_POT_daily, LST_Day, NDWI_SWIR2, PFT}",1.145646212701561e-06,0.08296234893795389,0.07854329175582078,0.09235646489559125,-0.6749948518130445,0.0014977929945802076,0.0032164470738436923,0.0011714012535861823,0.0034072374272398967,0.0038010840711593524
"{SW_IN, dSW_IN_POT_daily, NIRv, NDWI_SWIR2, PFT}",1.6609671378682377e-06,0.057616399262250775,0.05986640817854608,0.06366252969861436,0.039346528650556545,0.002289543236698964,0.004063125939740259,0.0015021576208706713,0.002375863358858761,0.005012103762465206
"{VPD, SW_IN, SW_IN_POT_daily, dSW_IN_POT_daily, LST_Day, LST_Night, EVI, NIRv, NDWI_SWIR2, PFT}",1.5512273483763882e-06,0.05335059775884201,0.05090938015223022,0.056433637011589204,0.12144620460314594,0.0018795339998090646,0.0027282818682399096,0.0013251142154965187,0.0011304498962954948,0.004553979735614874
"{TA, VPD, SW_IN_POT_daily, dSW_IN_POT, LST_Day, PFT}",2.2634855255404328e-06,0.07535293201178346,0.06789988869640651,0.08360269137550563,-0.2256033784515105,0.004984103977034485,0.0031448894719187798,0.0024599971718470975,0.003643077148863562,0.006700497339179559
"{TA, VPD, dSW_IN_POT, LST_Day, PFT}",1.487104918732312e-06,0.0791294248379363,0.0712482684223093,0.09203094029736222,-0.5285009220009388,0.0060460577036092755,0.003455593102346985,0.0030431174840254427,0.003411962870359997,0.005443422208930723
"{TA, SW_IN_POT_daily, dSW_IN_POT, dSW_IN_POT_daily, LST_Day, NDWI_SWIR2, PFT}",2.6176127289256567e-07,0.07489664177773908,0.07057748030510666,0.09475114143670665,-0.4861964868346851,0.002462597716898246,0.0030366944017304887,0.003259144885832274,0.003171297138874686,0.00405679044375315
"{VPD, dSW_IN_POT, LST_Day, LST_Night, EVI, NDWI_SWIR2}",2.4939128438642605e-07,0.07489418032207128,0.06481229891249396,0.07360849152929061,-0.09882144118472885,0.002501985876563431,0.0020948290759740112,0.00291852565194628,0.0034157070213215943,0.0033304850349722137
"{VPD, SW_IN, dSW_IN_POT_daily, LST_Night}",1.70721181242483e-05,0.07513826168872785,0.06134399431942994,0.07947197170639286,-0.6528978148467396,0.013601390673659147,0.0016912980400100794,0.0037259926499572105,0.003984448343344903,0.005942542544517801
"{TA, SW_IN, SW_IN_POT_daily, dSW_IN_POT_daily, LST_Day, LST_Night, EVI}",1.9773951494784697e-07,0.058703011348116924,0.05213083953605309,0.06358520674938226,-0.009661025822022384,0.002221726010718336,0.002064401301401224,0.0018186588253833805,0.0010437922164693511,0.0022473067626545273
"{TA, SW_IN, SW_IN_POT, SW_IN_POT_daily, LST_Night, NIRv, NDWI_SWIR2}",1.1483868376007008e-06,0.05798731558711477,0.052445959875529836,0.05869541977832789,0.01752258866446249,0.002333012757514491,0.0027195413438955776,0.002362332038913194,0.001442286236448466,0.004677688595873072
"{TA, SW_IN, SW_IN_POT, LST_Night, NDWI_SWIR2}",6.367282384186915e-07,0.06237850538141593,0.05603524114150559,0.06798565503049481,-0.13952160435620903,0.003900928753970752,0.0023445150993721825,0.001674255309030176,0.0018338332443369881,0.002767051611897678
"{VPD, SW_IN, SW_IN_POT_daily, dSW_IN_POT, dSW_IN_POT_daily, EVI, NIRv, NDWI_SWIR2, PFT}",1.8457100929960643e-06,0.05410758600958217,0.05438344790416057,0.057156131780788794,0.13722748735435938,0.0021308443927709406,0.003123989869450991,0.0015989504607100621,0.0024058747542643963,0.005480982507896914
"{TA, SW_IN, SW_IN_POT_daily, dSW_IN_POT, LST_Day, NIRv}",5.003908420933599e-07,0.06025575122959594,0.0529107111880383,0.06316934378873679,0.048930454691748414,0.0012832191369287343,0.0020925141041606976,0.002972543977610702,0.0010417106639821205,0.002357997951618618
"{SW_IN_POT, SW_IN_POT_daily, NDWI_SWIR2, PFT}",2.4481978193099606e-06,0.07145471850557276,0.07386500391764758,0.07275175624814179,-0.03373430209883432,0.004884532695146417,0.006005724013836353,0.0025268613510524007,0.004335769827985524,0.007158731418476283
"{SW_IN_POT, LST_Night, NIRv}",4.4367931482896734e-07,0.07433536850115935,0.0681851560731535,0.0824926823511786,-0.3469318119643215,0.0016277107897727239,0.0031562458123738507,0.0015720529732311528,0.0017574964256369535,0.0028222335412476374
"{VPD, SW_IN_POT_daily, dSW_IN_POT, dSW_IN_POT_daily, NDWI_SWIR2, PFT}",7.785589002554005e-06,0.07306685536494682,0.06787180085441671,0.07599721637548051,-0.14734578278932628,0.001748677410849428,0.0038566674513367816,0.0014266265090701058,0.00769858198010006,0.007856973809495127
"{SW_IN, dSW_IN_POT, dSW_IN_POT_daily, LST_Day, LST_Night, NIRv, NDWI_SWIR2}",3.9448403919003704e-07,0.05681497506197259,0.05265686406740273,0.060936509502568126,-0.0339829036768449,0.0023645813239506416,0.0023164736168637887,0.001775734116809452,0.0009341043649703229,0.0027461032297322607
"{TA, VPD, SW_IN, dSW_IN_POT, dSW_IN_POT_daily, LST_Night, EVI}",1.788291529951445e-07,0.05994394478068859,0.051027203907383134,0.06501519019174076,-0.19034158743432328,0.002507695601158419,0.0017506582051455555,0.001535297074468693,0.0012670625759630197,0.0019933184990706676
"{TA, SW_IN, dSW_IN_POT, LST_Night, NIRv, PFT}",2.194358682291538e-06,0.056610630247329825,0.05430774733639615,0.06068353934396188,0.03457276234792248,0.0015785749567603993,0.0025288563804591324,0.001337439394300241,0.00046573744899208736,0.004796715671631174
"{SW_IN_POT_daily, dSW_IN_POT}",1.1933929312560643e-05,0.10014026332576285,0.09243569760701612,0.09958815146497126,-0.5927361663076808,0.006290614196996364,0.00539882497137166,0.00470696001675644,0.014237081323332915,0.006720897910982279
"{SW_IN, SW_IN_POT, LST_Day, LST_Night, EVI, PFT}",1.0063856061168458e-06,0.05703086280526446,0.05527304817557909,0.06149990275804544,0.0912749486916647,0.0016307615390813296,0.0020380212663731467,0.0010944776951334473,0.0004368394292442179,0.0034185633521309627
"{TA, SW_IN_POT, SW_IN_POT_daily, dSW_IN_POT, dSW_IN_POT_daily, LST_Day, LST_Night, NIRv}",6.701171188867758e-07,0.0640360553353128,0.057039073464138036,0.08037692887302145,-0.4082768237653071,0.002612207679435437,0.0013980767812536848,0.0027438815015879,0.0005206114160667408,0.0018800588546059455
"{TA, VPD, SW_IN_POT, SW_IN_POT_daily, dSW_IN_POT, LST_Night, NDWI_SWIR2, PFT}",1.2756955007272497e-06,0.059060453925669595,0.05664305432525621,0.0721799400814172,-0.04809878998723801,0.0024627609740952364,0.00325114049421886,0.00220054437633168,0.0009703188377781641,0.004370091482777269
"{SW_IN, SW_IN_POT, dSW_IN_POT, LST_Day, NIRv, NDWI_SWIR2, PFT}",1.5089546606810299e-06,0.05557725954922813,0.05581470648728766,0.0592974399779953,0.11586365207269943,0.0021993077251664453,0.0028678136915785274,0.001354085452458284,0.0005051597833970536,0.004073697658847533
"{SW_IN, SW_IN_POT_daily, dSW_IN_POT_daily, NDWI_SWIR2}",9.77422175098376e-07,0.06362440724066627,0.06288958359981749,0.06637865465029763,-0.13330895230867315,0.0029816328713565265,0.003347244803095409,0.0013575311187937963,0.004430159121626406,0.0032112561310818077
"{SW_IN_POT, dSW_IN_POT, dSW_IN_POT_daily, EVI, NIRv, NDWI_SWIR2, PFT}",8.976131436415937e-07,0.06381215378272334,0.06595284781993634,0.06949408351441766,0.01372725028650936,0.002000906094554708,0.002291735379471846,0.0017431260058619474,0.0008242584145275456,0.0037396941289109392
"{TA, VPD, SW_IN_POT, SW_IN_POT_daily, dSW_IN_POT, LST_Night, EVI, NIRv}",4.3578217597292375e-07,0.06306991968526442,0.0546104750908383,0.07191969585896055,-0.17098304010817925,0.0021925095834792532,0.0017584541919214852,0.0027622728743145544,0.0008323615130587242,0.0023746198406724983
"{TA, VPD, SW_IN, SW_IN_POT, SW_IN_POT_daily, LST_Night, EVI, NIRv, PFT}",2.1567181291132297e-06,0.05482268326060023,0.05157379558539696,0.05767427032677415,0.14249006559708335,0.0015672189207625031,0.0023939192671186688,0.0015896027252185543,0.0009699884824733163,0.005122822740650554
"{SW_IN, SW_IN_POT, dSW_IN_POT, LST_Night, EVI, PFT}",1.1598473361497767e-06,0.05645947563557545,0.054628626268922106,0.061654593507818475,0.06031063679342461,0.0010541945616973358,0.001834079514156567,0.0013405136802648043,0.00013472655190779892,0.003400910760470152
"{SW_IN, SW_IN_POT_daily, dSW_IN_POT, LST_Day, EVI, NDWI_SWIR2}",3.01474454708393e-07,0.058488548926957366,0.054446624292165055,0.06010731447997407,0.12337493356426199,0.0028832082357315783,0.0026609380724904735,0.002285282745515149,0.0018096089310721125,0.003437166867395855
"{VPD, dSW_IN_POT_daily, LST_Day}",4.162001228981066e-06,0.09502507946885758,0.0836503392202397,0.10677790254779007,-1.0424351952899495,0.007230959334810258,0.0017759465466729019,0.0021666570902409976,0.0036821179555609138,0.0020221513814179387
"{VPD, dSW_IN_POT_daily, LST_Day, EVI, NIRv, NDWI_SWIR2}",2.592130237876377e-07,0.08314828354908867,0.07395163742093395,0.08632747567805935,-0.46112981088753346,0.001205037579917384,0.0022098956715142504,0.0019317587168322659,0.002620338246971013,0.0025289249101414363
"{TA, SW_IN_POT, dSW_IN_POT, LST_Day, EVI, NIRv, NDWI_SWIR2}",4.838870476087393e-07,0.06343191759661425,0.06121155348504005,0.07569318488212659,-0.17202065931378482,0.001449407701869923,0.002199619643225216,0.0030236813056605943,0.0014770168393310051,0.0030124986689269717
"{TA, SW_IN_POT_daily, dSW_IN_POT_daily, LST_Night, NIRv, NDWI_SWIR2, PFT}",5.939762819471814e-07,0.08359936174022524,0.08236326361235899,0.10878643981601062,-1.0188937730098862,0.00015692505858183603,0.0017549631022689416,0.001881002300297377,0.001184718581244644,0.0024264453116632084
"{SW_IN, SW_IN_POT, dSW_IN_POT, dSW_IN_POT_daily, LST_Day, EVI, NDWI_SWIR2, PFT}",1.247224228475622e-06,0.05450074270879472,0.05155850774863864,0.05878670516355007,0.15064500261622035,0.0027750847409233337,0.002591744352804383,0.0012870341311326874,0.0009570163100398946,0.004061111004469695
"{TA, SW_IN_POT, dSW_IN_POT, dSW_IN_POT_daily, LST_Day, EVI, NDWI_SWIR2}",4.5124934336504586e-07,0.0627980941313114,0.06069155275039787,0.07493485958433284,-0.18441988114710148,0.001888604731744882,0.0019755392674079345,0.0026206574875452665,0.0011315791682691007,0.003098174294409714
"{SW_IN_POT_daily, LST_Day, NIRv, NDWI_SWIR2}",3.7231687291525803e-07,0.10511162050495466,0.09417580000266083,0.12074974489442447,-0.8130061254000432,-0.00014679077021639841,0.001707341150037775,0.000506046045536071,0.00034304128143233803,0.0005427061995065818
"{TA, VPD, SW_IN_POT_daily, dSW_IN_POT, dSW_IN_POT_daily, LST_Day, LST_Night, EVI, NDWI_SWIR2}",1.8475889635721943e-07,0.07163510478838367,0.06278181750526945,0.08065821847491408,-0.17342675548446573,0.0027184565797351637,0.0018814864039324447,0.0026851993508703736,0.0023445542787054324,0.0031733640283706926
"{dSW_IN_POT, LST_Day, EVI, NDWI_SWIR2, PFT}",1.5573767540737468e-06,0.0842929895186057,0.07930339369526883,0.1003000356542203,-0.1595399191267867,0.0019377889604576953,0.004115976812864339,0.0023285287164566543,0.0038142619071180536,0.005369955145703237
"{VPD, SW_IN, SW_IN_POT, SW_IN_POT_daily, dSW_IN_POT, LST_Night}",1.0579262310334767e-05,0.06937781250018829,0.058955181711995444,0.07477681755014498,-0.2731152850120775,0.008611966073680727,0.0005255617549688799,0.002740224996154887,0.0022948838646954725,0.008000557438223088
"{VPD, SW_IN, dSW_IN_POT, dSW_IN_POT_daily, LST_Night, EVI, PFT}",1.2400853135704114e-06,0.05505856392289465,0.052712782046614864,0.05878291974363245,0.094332476668865,0.002197341114694204,0.002425237497551712,0.0016926679021012983,0.0013245680755319539,0.004523004594735702
"{TA, SW_IN_POT, dSW_IN_POT, LST_Day, LST_Night, NIRv, PFT}",2.679055961218965e-06,0.06201953670080665,0.05873089584733952,0.06891490715442179,-0.08944750457472574,0.0019925710889588805,0.002241324209973382,0.0029128361631547764,0.00011766963071386388,0.005188011118927097
"{TA, VPD, SW_IN, SW_IN_POT_daily, dSW_IN_POT, dSW_IN_POT_daily, LST_Day, NDWI_SWIR2, PFT}",1.4311229010108313e-06,0.055193040718799345,0.05477885004050764,0.06011135281730765,0.07599369570668946,0.0028434063528206197,0.0041321139130057125,0.0015942906258267359,0.002036839818438281,0.004722613607540782
"{TA, VPD, dSW_IN_POT_daily, LST_Day, EVI, NIRv, NDWI_SWIR2}",1.5029873253464817e-07,0.08204569507458603,0.0733027908574014,0.09510484436445185,-0.6358830510768144,0.001504553529403277,0.0020826652249256172,0.002349063914971458,0.0016655716588801772,0.002518054648156312
"{TA, SW_IN_POT, SW_IN_POT_daily, dSW_IN_POT, LST_Day, LST_Night}",3.0935783259353416e-06,0.06942654948352622,0.06069597701003644,0.08001719090740947,-0.2571086498347865,0.0050989540681499745,0.0007439137462097872,0.003920546231692662,0.0006248911933255108,0.0030051220441992543
"{TA, LST_Day, LST_Night, EVI, PFT}",1.3236154938547351e-06,0.08749050741576654,0.08008358796443907,0.10727519793618305,-0.7134156885385075,0.0008718709158944682,0.002471627138312185,0.003316971193837351,0.000951671805917674,0.003608604667632534
"{TA, VPD, SW_IN_POT, LST_Day, PFT}",2.1858048845744135e-06,0.06686644701982798,0.05993026325252217,0.07567126628901907,-0.16783045633260754,0.004373082272586336,0.0033563490602834326,0.0032419591681218385,0.0013887022781942232,0.005894991322486831
"{TA, SW_IN_POT_daily, dSW_IN_POT, dSW_IN_POT_daily, LST_Day, NIRv}",3.9730117122463335e-07,0.07795496976360176,0.06734403334250955,0.10057457684635798,-0.5511400624431305,0.0017683318347287424,0.0018506661514935407,0.0035259974976929453,0.0022480659031284406,0.0024310683567546204
"{TA, VPD, SW_IN, SW_IN_POT, SW_IN_POT_daily, dSW_IN_POT, LST_Day, EVI, NIRv, NDWI_SWIR2}",5.282657047438895e-07,0.05623798919305962,0.052111809022992416,0.0562941737861135,0.11203942055173062,0.0021938326156402885,0.0021251784287110442,0.0025299071185553162,0.0017294721673484642,0.0038467046527922294
"{SW_IN, dSW_IN_POT_daily, LST_Night, NIRv, NDWI_SWIR2, PFT}",1.191757380409575e-06,0.05576815221704149,0.055218029009818065,0.06155880114108242,-0.011633780232469563,0.001399682056392744,0.0032043757930567754,0.0014251582763006587,0.0011280399501517671,0.0038001226909697844
"{VPD, SW_IN, SW_IN_POT, dSW_IN_POT, dSW_IN_POT_daily, LST_Day, NIRv, NDWI_SWIR2, PFT}",2.1543325553156997e-06,0.05374667412366918,0.054730084444060564,0.056595541487343554,0.10577503503755169,0.002717216463068807,0.0028939080319299454,0.0012280334678098914,0.000937827775430139,0.005056015109867321
"{VPD, SW_IN_POT, SW_IN_POT_daily, LST_Night, EVI, PFT}",2.2103407554396706e-06,0.059655368195243995,0.05449298388128758,0.06742622882023316,0.06705245292366147,0.0017390114823595051,0.0024403766137428423,0.0019066833347338025,0.00123877102486461,0.005422073860369303
"{TA, VPD, SW_IN_POT, dSW_IN_POT_daily, LST_Day, LST_Night, EVI, NIRv}",1.6521175716934473e-07,0.06238842456449639,0.0542402044576788,0.06914600631257325,-0.006916137723310696,0.0023277440134261973,0.0025284622740947907,0.002512100183981958,0.001505918674836071,0.0026123752800343847
"{TA, VPD, SW_IN, SW_IN_POT_daily, dSW_IN_POT, dSW_IN_POT_daily, NDWI_SWIR2}",1.852284361185094e-07,0.059420141620307704,0.05554036748157713,0.060581864416056286,0.007170696625532454,0.003084290636985884,0.002015380476359456,0.001838659806169353,0.0023582241355472044,0.002466124675707629
"{VPD, SW_IN, SW_IN_POT_daily, LST_Day, LST_Night, NIRv, PFT}",2.1245163790468498e-06,0.05511530862187039,0.054216031362505857,0.058412038203726216,0.10943287429311549,0.00185538970633687,0.0025474589736390885,0.001585948054511524,0.0008700343458152987,0.005102048848082866
"{TA, SW_IN, SW_IN_POT, dSW_IN_POT, LST_Day, LST_Night, EVI, NIRv}",4.591296972317573e-07,0.058393033051018894,0.05215797597386995,0.062498845979503344,0.01365538843263405,0.0016438775886549253,0.0012067795872335585,0.0023585710006124583,0.0009028568512700341,0.0026997647097586203
"{SW_IN_POT, LST_Night, NIRv, NDWI_SWIR2}",4.2317985422352464e-07,0.0691516975741502,0.06863878363943182,0.07462555023600662,-0.16714613185692132,0.0018479474456427059,0.0033707989939513877,0.002147845137799753,0.0020076437035959974,0.0032545359405121016
"{TA, VPD, SW_IN, SW_IN_POT, SW_IN_POT_daily, EVI, NDWI_SWIR2, PFT}",2.518181515333599e-06,0.054775402221350404,0.05124827586271373,0.05754979361836539,0.16826632025403843,0.002039955850856194,0.0030979179448547417,0.0016948709511087554,0.0021499649305300045,0.006038717699514945
"{TA, SW_IN, SW_IN_POT_daily, dSW_IN_POT, dSW_IN_POT_daily, LST_Night, NDWI_SWIR2}",3.002755485794695e-07,0.05937602756865089,0.05483180435420335,0.06836095359119956,-0.2157550173088998,0.003265930967703036,0.0021096995583736247,0.0015854583377528791,0.002337566263329531,0.0021566122727676024
"{VPD, SW_IN, SW_IN_POT, dSW_IN_POT_daily, EVI, NDWI_SWIR2, PFT}",3.19246803023266e-06,0.0551061310709974,0.052973707663534694,0.05685893315747232,0.1470546658431063,0.0024681836746388228,0.003408603383485781,0.0014728783004074805,0.0025759040674346867,0.006676093229093155
"{TA, VPD, SW_IN_POT, dSW_IN_POT_daily, LST_Day, EVI, NDWI_SWIR2}",7.696541391821265e-07,0.06137109072302259,0.05536698464614838,0.06621668725996635,0.04157345297185522,0.0020411074215258562,0.003032622462576358,0.003085906325339241,0.0023664345515479676,0.00458793765730145
"{TA, VPD, dSW_IN_POT, LST_Day, LST_Night, NDWI_SWIR2}",5.533280819734872e-07,0.07743978875233123,0.06733107567544652,0.08054340199290563,-0.2627228681736646,0.004089747798106821,0.0030025290154764017,0.0026603761152208527,0.004686707879161069,0.003245189366272938
"{SW_IN_POT, SW_IN_POT_daily, LST_Night, EVI, PFT}",1.3737715117774659e-06,0.06621183503783265,0.06714363024509853,0.07563067584406968,-0.035539543794869954,0.0017173442179710396,0.0021961691118706217,0.0022377780318033336,0.0008690969458897899,0.004413788156183901
"{SW_IN, SW_IN_POT, SW_IN_POT_daily, dSW_IN_POT_daily, LST_Night, NDWI_SWIR2, PFT}",7.532820730351916e-07,0.05703272629729254,0.05921465470478557,0.06611698369011151,0.009735308142376978,0.001576716168492573,0.0035492999059851746,0.0019480451112564717,0.0022996297416018746,0.0037426146249098513
"{TA, SW_IN, SW_IN_POT, SW_IN_POT_daily, dSW_IN_POT, dSW_IN_POT_daily, EVI, NDWI_SWIR2}",3.5510022881669554e-07,0.05684813928832659,0.054641422156724365,0.06171386351943252,0.005887828948992609,0.0025789096797021946,0.0023557641227398077,0.002112598805392593,0.00151117664436419,0.003333417282271642
"{SW_IN, dSW_IN_POT, EVI, NIRv, PFT}",1.5742892260255908e-06,0.060413259992405606,0.060271456398562656,0.06406201461044411,0.10750635277389485,0.0024413332351950756,0.004257059638022434,0.001405779825988357,0.0016089718441157294,0.0043024754001296656
"{VPD, SW_IN, SW_IN_POT_daily, dSW_IN_POT, LST_Night, NIRv, PFT}",1.7925651403042836e-06,0.055382875931616324,0.05249277665646718,0.058430677803691364,0.08424996528084115,0.0019220886968015008,0.00238038718035144,0.001768289619243489,0.0013382259664013255,0.005094112553661698
"{SW_IN, SW_IN_POT, SW_IN_POT_daily, dSW_IN_POT, LST_Night, EVI, NIRv, PFT}",9.743385419413732e-07,0.05528496855454669,0.053617480968602596,0.06021555067725928,0.06670141572215171,0.0013598429377248006,0.001587389833143965,0.0015161225929141917,0.0003228511483200705,0.0033836718880554673
"{VPD, SW_IN, dSW_IN_POT_daily, LST_Day, NIRv}",6.621725450769428e-08,0.061387258275639324,0.053646120084404524,0.06315112775229989,-0.04398763863141771,0.0015245840592382348,0.0019078807782165752,0.0017050025700451887,0.0015892923893702365,0.002236398130824588
"{VPD, SW_IN, SW_IN_POT, dSW_IN_POT_daily, LST_Day, LST_Night, EVI, NIRv, PFT}",1.5304334999569904e-06,0.05423556061644953,0.05278376088370365,0.05738808870986267,0.09952662684088776,0.002333474640433847,0.002373306628104019,0.001447376685040934,0.0006952860996799134,0.004387449372160679
"{SW_IN_POT_daily, LST_Night, EVI, NIRv, NDWI_SWIR2, PFT}",6.473458724999074e-08,0.10392143375645678,0.08909942596073037,0.12056868895560308,-0.8229298738160683,-8.179573000859086e-05,0.0006331955147309276,3.558988262554463e-05,4.8335341904862106e-05,2.9639743545722963e-05
"{TA, VPD, SW_IN_POT, SW_IN_POT_daily, dSW_IN_POT_daily, LST_Day, LST_Night, EVI, NIRv}",2.6184466760147027e-07,0.062012983759359055,0.05421799306756299,0.06824666199738452,-0.00489197307566247,0.0022472099283591465,0.0024501329313174197,0.0027392512917219225,0.0012614019027344173,0.0024812377761045112
"{TA, VPD, SW_IN, dSW_IN_POT, LST_Day, LST_Night, NDWI_SWIR2}",7.167319102725083e-07,0.0595780330877731,0.05426148480500349,0.06310863201392405,-0.01795996806464582,0.0033127093349637066,0.0015904352634035779,0.0020565263076756657,0.0008752469741667157,0.002692945815711542
"{VPD, SW_IN, SW_IN_POT, SW_IN_POT_daily, dSW_IN_POT, dSW_IN_POT_daily, LST_Night, EVI, NIRv, NDWI_SWIR2, PFT}",1.2558170184975815e-06,0.05310314770162492,0.05219638402509283,0.056715996399359675,0.12252424052584797,0.0021734632056657835,0.0022536422488092997,0.0015831986314209234,0.0012382601322664527,0.004451235156926733
"{TA, SW_IN_POT_daily, dSW_IN_POT, dSW_IN_POT_daily, LST_Day, LST_Night, NDWI_SWIR2, PFT}",1.7320887225087373e-07,0.07412477172735278,0.06947882525363439,0.09405452842332028,-0.5495099638589266,0.00237699520103285,0.0028961125571598245,0.002990767201262512,0.002483924318102307,0.0035476901179413572
"{TA, VPD, SW_IN, dSW_IN_POT_daily, LST_Night, EVI, NIRv, PFT}",1.6692389023746314e-06,0.05469727832481097,0.0517906754753714,0.05760638056641214,0.08189980351165567,0.0015124736053689289,0.0025068578265226155,0.001389109803057724,0.000811131689490173,0.004482668222570221
"{SW_IN_POT, dSW_IN_POT, dSW_IN_POT_daily, LST_Day, EVI, PFT}",9.776022755747411e-07,0.06446072784675196,0.06514067775357396,0.07176478954353371,0.021498833895881492,0.0016699828774796865,0.001953548921305545,0.0017076391386223883,0.0005977599311484255,0.00366097149417606
"{SW_IN_POT, SW_IN_POT_daily, LST_Night, NIRv, NDWI_SWIR2}",2.959727250378272e-07,0.06754245045401057,0.06761595135332349,0.07174211233298311,-0.1470222403149771,0.0021093526490491635,0.0030561248675928937,0.00208622743362967,0.0018803695144305674,0.0031852085992215284
"{SW_IN, SW_IN_POT_daily, dSW_IN_POT_daily, LST_Day, LST_Night, EVI, NDWI_SWIR2, PFT}",8.793438119039771e-07,0.055039756252026555,0.051519336042408284,0.059024112334983544,0.08168961693289932,0.0018098086707849584,0.00273737130164773,0.0010608436968348248,0.0008612925490693452,0.003284628094423578
"{TA, SW_IN_POT, SW_IN_POT_daily, dSW_IN_POT, LST_Day, NIRv}",1.1374874641358014e-06,0.06582970860379475,0.05723847052303649,0.07482771821765394,-0.21083631418485171,0.0022172450696369,0.001310141463956055,0.00395207747621501,0.0008867851002143518,0.0016614201250692157
"{TA, VPD, SW_IN, SW_IN_POT_daily, LST_Night, EVI, NDWI_SWIR2}",5.088801857745254e-07,0.05789674039623486,0.05358258403444102,0.05778424461283718,0.11026248789271902,0.0021956757068446325,0.002540774739561283,0.0024619812083323672,0.0022271466528989217,0.0041087932068954724
"{TA, VPD, SW_IN}",3.2808053001048247e-06,0.07331403286992647,0.06258585921705156,0.07678626175937317,-0.3612596886376385,0.005513031481261199,0.0016521732874149458,0.00023660384111590105,0.0010611620458688409,0.002188677822793972
"{TA, VPD, SW_IN, SW_IN_POT, EVI, NIRv, NDWI_SWIR2}",1.0133921960334053e-06,0.05878072544778487,0.05279891369153823,0.05792329178903137,0.1261728451764594,0.002314285854400605,0.0026475111465992865,0.0023229804969703283,0.003127753467588555,0.005008295632646792
"{VPD, SW_IN, SW_IN_POT, LST_Night, EVI, NIRv, PFT}",1.7304360760410076e-06,0.055901562508590755,0.052655266022984835,0.05816913114597928,0.1320722860384055,0.0016803601165434404,0.002193824020045962,0.001171342514474899,0.001028736331434292,0.0046429721687139686
"{SW_IN, SW_IN_POT_daily, dSW_IN_POT_daily}",9.518089774433109e-06,0.07553763410067704,0.06733856056568444,0.08216055725465551,-0.5271575234127271,0.009499332147875988,0.001859060687117782,0.0031195819662259844,0.003788102507537465,0.008632831198662691
"{SW_IN_POT, SW_IN_POT_daily, LST_Night, NIRv, PFT}",1.366551212282474e-06,0.06626411561990803,0.06844918749092077,0.07394254650325982,-0.05883672837869014,0.0018639095592978133,0.0024987576461423106,0.0025741639633986013,0.0012403632102731543,0.004705739326928873
"{TA, VPD, dSW_IN_POT_daily, LST_Night, EVI, PFT}",7.901496048205857e-07,0.08111179381580412,0.07596276422536849,0.09419864497020637,-0.5760962072442605,0.0009193705735236063,0.0021021895180782096,0.0018898094929940545,0.0009222692230290638,0.003319921183748256
"{SW_IN, LST_Day, EVI, PFT}",7.127380601135587e-07,0.05966914901189476,0.05826702173846231,0.06365187944543288,0.09008007637947156,0.001540143208433431,0.002122565103720213,0.001371486946845489,0.0013330374589533775,0.0035804680257646854
"{TA, SW_IN_POT, SW_IN_POT_daily, dSW_IN_POT, LST_Night, NDWI_SWIR2, PFT}",1.274605005465943e-06,0.062267354711589784,0.059254539121893796,0.0752208249696985,-0.14229089433373307,0.002378595551147139,0.0029158297414887194,0.002598738964531888,0.0007008438615697318,0.004219993856906287
"{SW_IN, SW_IN_POT, dSW_IN_POT, LST_Night, PFT}",1.5552832251143973e-05,0.06571090639727388,0.05917905638317909,0.08419800686514048,-0.4228716192945366,0.012498213083885462,0.0038815853148824533,0.002405093913979528,0.001593258031856691,0.006670303822180423
"{TA, SW_IN_POT_daily, dSW_IN_POT, dSW_IN_POT_daily, EVI, NIRv, NDWI_SWIR2}",7.075255804725898e-07,0.07680695494725548,0.06943958400826744,0.09860891041219316,-0.5756765527639162,0.0012810794084662652,0.0026270713077277824,0.0032935184245945215,0.003651720465525289,0.0032852415250955724
"{VPD, SW_IN_POT, SW_IN_POT_daily, dSW_IN_POT_daily, NIRv, PFT}",3.87147246965064e-06,0.05997347030951789,0.05702074583665679,0.06451360842638806,0.05416827433664062,0.0014875666348926411,0.003042801877046475,0.0020387875628042826,0.0020716479633415275,0.006917216642764082
"{LST_Day, LST_Night, EVI, NDWI_SWIR2, PFT}",3.813207684189626e-08,0.10449847455625029,0.08745312152038227,0.12586174333394873,-1.0612638011536868,0.00041033358744824167,0.0007219816348256469,0.0001529820460556136,0.00023889786990098638,0.00042207097959576223
"{SW_IN, dSW_IN_POT, dSW_IN_POT_daily, LST_Night, EVI, PFT}",8.800047225158213e-07,0.055917900948970645,0.05426589911637059,0.060745058494575795,0.05904946166784795,0.0016234465383360777,0.0024698053697786576,0.0016826909657658914,0.0011465283299385634,0.003821874056014432
"{VPD, SW_IN_POT_daily, dSW_IN_POT, dSW_IN_POT_daily, EVI, NIRv, NDWI_SWIR2}",1.7359375617196777e-06,0.07357790800047924,0.0653079956196751,0.07456493300303015,-0.08751554821505109,0.0019572252057268452,0.0027808353857961127,0.0022227441301145706,0.005251011877602775,0.004587681656753953
"{SW_IN_POT, LST_Day, NIRv}",6.959948427190057e-07,0.07446906621709362,0.0678444149873083,0.07368967360823821,-0.1169101778093336,0.0011423685933122096,0.0029954346156683825,0.0030847579937955394,0.0012103463735933725,0.0021220108252242437
"{TA, VPD, SW_IN_POT_daily, dSW_IN_POT, EVI, NDWI_SWIR2}",8.37967668147504e-07,0.07442951967591038,0.0643589100244197,0.07833919293143135,-0.06598366907036883,0.001835263792566738,0.0027792354123493124,0.0034983481125606536,0.004049442701901482,0.0043828628010367104
"{TA, SW_IN, SW_IN_POT, SW_IN_POT_daily, NDWI_SWIR2}",2.950791291574008e-07,0.06253233523747828,0.056980969224405056,0.062017437337817845,0.009714181350029568,0.0032706362572894887,0.0020881784602828912,0.0018043514120822668,0.00292529156271569,0.002274438364982742
"{TA, VPD, SW_IN, SW_IN_POT, SW_IN_POT_daily, dSW_IN_POT, dSW_IN_POT_daily, LST_Day, NIRv, NDWI_SWIR2}",5.607638516888515e-07,0.05600664024644881,0.05195312372408191,0.057877148664999906,0.0791084896812012,0.0026075073197506307,0.0025188698704140602,0.0023901628360112614,0.0012100584617615665,0.0035606346838594066
"{VPD, SW_IN, SW_IN_POT, SW_IN_POT_daily, LST_Day, LST_Night, EVI, NIRv}",2.244885788671958e-07,0.058533699414681034,0.05228147989354707,0.05929091977533213,0.10620608446511844,0.0024111567264244946,0.0014730203951198312,0.0017283413392312416,0.001225913621949043,0.002361516176260181
"{TA, SW_IN_POT, SW_IN_POT_daily, dSW_IN_POT_daily, NIRv}",3.7262931945637604e-07,0.06829831644424994,0.060523632829724505,0.07949505002343178,-0.46985697537264076,0.0024340911285110345,0.0015623844983936874,0.00230147178295019,0.0009034437196606959,0.002461149645951774
"{SW_IN, SW_IN_POT, dSW_IN_POT, LST_Day, EVI, NIRv, NDWI_SWIR2}",3.3544176302227785e-07,0.057966236391008855,0.054058985189187045,0.060587728737120844,0.12243247239089665,0.002573219970527639,0.002174156623414046,0.002453035099273304,0.0013227798046265699,0.003081364476992088
"{TA, SW_IN, dSW_IN_POT, dSW_IN_POT_daily, EVI, NDWI_SWIR2, PFT}",1.4357393751507095e-06,0.05459726909058067,0.052374612306728435,0.059561038092989696,0.07949291325306528,0.002546622733522977,0.003135479216725877,0.0017736565227069526,0.0016266150408235924,0.004938181900807678
"{TA, VPD, SW_IN, SW_IN_POT, SW_IN_POT_daily, dSW_IN_POT_daily, LST_Night, NIRv, NDWI_SWIR2}",1.0418136631920205e-06,0.05661304962354921,0.051472440477551014,0.05757067298839534,0.03596364299774901,0.002542315993761736,0.0024642542519524163,0.00194418225145232,0.0015791794190665592,0.004527642432253634
"{TA, VPD, SW_IN, SW_IN_POT, dSW_IN_POT, dSW_IN_POT_daily, LST_Day, LST_Night, NIRv}",2.6008346962862616e-07,0.057631359502935915,0.0505243246864157,0.06100450955542314,0.010724935870823718,0.002330112665428548,0.0015329660021186214,0.0020863194298651744,0.0009716979903501219,0.0022296167987831683
"{TA, SW_IN_POT, dSW_IN_POT, dSW_IN_POT_daily, LST_Day, LST_Night, EVI, NIRv, NDWI_SWIR2}",3.541458484520055e-07,0.062094250493800386,0.05841585438812427,0.07581962673350662,-0.22164670632488595,0.002024027527805436,0.002066574245621511,0.002229529085987385,0.001108529771649748,0.0029751567662220507
"{VPD, SW_IN_POT, SW_IN_POT_daily, EVI, NDWI_SWIR2, PFT}",2.9626275709232838e-06,0.05947071359288744,0.0552445314506773,0.06195970718207344,0.11255553836611508,0.0024348483304787866,0.0034113183759692037,0.0016753780853499822,0.002525474546138405,0.006588869988319715
"{TA, SW_IN_POT, dSW_IN_POT, dSW_IN_POT_daily, LST_Day, NIRv, NDWI_SWIR2}",4.455279274835676e-07,0.06280632950383219,0.060684826642805556,0.07405327406526427,-0.18558846788843578,0.0018514537872044018,0.0019511379328308945,0.0025156867456322812,0.0010866164213464563,0.0030716341552627785
"{TA, SW_IN, dSW_IN_POT, dSW_IN_POT_daily, LST_Day, EVI, NIRv, PFT}",1.4060015361237064e-06,0.05499367523890645,0.05352709085564269,0.0589532304691295,0.12270025994188298,0.001681405804582925,0.0029049985175541165,0.001629409248514492,0.0008590635116789702,0.0042396433462627
"{TA, LST_Day, NIRv, NDWI_SWIR2}",7.770510491956923e-07,0.09077340035993428,0.08437248485333934,0.11541502620431304,-0.9959816856295248,0.0009979317457546044,0.002487806860813929,0.0035114549717251697,0.0014621354196837008,0.0025055211764859475
"{VPD, SW_IN, SW_IN_POT, dSW_IN_POT, LST_Day, LST_Night, EVI, NIRv, PFT}",1.493152901424838e-06,0.05465118699479018,0.0527024457868608,0.05848676786541185,0.1228789197461274,0.0019318908063078385,0.0020057902904109873,0.0014764692541365323,0.00047205394454530314,0.00420317641358553
"{VPD, SW_IN, SW_IN_POT_daily, dSW_IN_POT, dSW_IN_POT_daily, LST_Day, EVI, NIRv, NDWI_SWIR2, PFT}",1.9380778231048837e-06,0.05359714635922344,0.05298238621411111,0.05637167484057684,0.15675672703919494,0.0023678549265082754,0.0026939485462282656,0.0009966293086268105,0.0017177617028090106,0.005106250842256264
"{VPD, SW_IN_POT, SW_IN_POT_daily, dSW_IN_POT_daily, LST_Day, EVI, NIRv}",3.465851506131553e-07,0.06300022978114503,0.05696917231126687,0.0671723756627908,0.04746720562652842,0.0023119526694462267,0.001964469109388328,0.002004429206087628,0.0019949047590471433,0.003506520920236872
"{SW_IN_POT, dSW_IN_POT_daily, LST_Night, NIRv, NDWI_SWIR2, PFT}",1.10612035887214e-06,0.06447991355505965,0.06664073682439928,0.0709335447837591,-0.08866159244741985,0.0018801445527107802,0.00249335304000195,0.0017800745122076161,0.0009973567478588352,0.00413278258207081
"{VPD, SW_IN, SW_IN_POT, dSW_IN_POT, LST_Night, NIRv, PFT}",1.8787713202168034e-06,0.05568704918364716,0.05306623770351104,0.05891201722749974,0.06359458321946888,0.0020687175196387603,0.001766611945513398,0.001765710720700038,0.0006292272665600757,0.004755953856761405
"{TA, SW_IN, SW_IN_POT_daily, LST_Day, NIRv, NDWI_SWIR2}",8.789060498305701e-07,0.0583710052128682,0.05360713993987845,0.059643528379466626,0.06375385445795628,0.0019972268940775598,0.0031047620637032897,0.0023749693183713824,0.0020737022915875564,0.004517549637987214
"{TA, VPD, LST_Night, NDWI_SWIR2}",4.833660266331977e-07,0.08917496691377,0.07739770381651341,0.09398836350121488,-0.671938608187706,0.003611854462021488,0.002029410661856218,0.0017843551967416382,0.0032241584128284775,0.0028500468974466953
"{VPD, SW_IN, SW_IN_POT_daily, LST_Day, LST_Night, NDWI_SWIR2}",9.300763166293301e-07,0.06073500503615809,0.05481741900875899,0.06293398928868485,0.013452540905276367,0.004696135213442136,0.002139003876148196,0.0023313090013729887,0.0021691034523531744,0.0029131722548867145
"{TA, VPD, SW_IN, SW_IN_POT_daily, dSW_IN_POT, LST_Night, EVI, NIRv, NDWI_SWIR2, PFT}",1.6510488192780042e-06,0.053634756195197225,0.0519715467874929,0.05787945556491132,0.12367500658354348,0.002023968835430233,0.0027817889614022845,0.0016852702703512926,0.0014554717527793942,0.004996738192835387
"{TA, SW_IN, SW_IN_POT, SW_IN_POT_daily, LST_Day, LST_Night, EVI, NIRv, NDWI_SWIR2, PFT}",1.699759470513019e-06,0.0540496636188295,0.0510052629443704,0.057903938797307264,0.09544545904974318,0.002043923499283583,0.003036199247433119,0.0018600936696423556,0.0010463323362091964,0.004845792466065424
"{VPD, SW_IN, SW_IN_POT, SW_IN_POT_daily, LST_Night, EVI, NIRv, PFT}",1.6034334893675964e-06,0.05498944786105483,0.05261300822908356,0.05731276620167356,0.13869201479545107,0.0018450058637152766,0.002195451175695043,0.001386717196520254,0.0009809983537295494,0.004596609388209813
"{VPD, SW_IN_POT, SW_IN_POT_daily, dSW_IN_POT, dSW_IN_POT_daily, LST_Day, EVI, NIRv}",1.7019019777302018e-07,0.06192290095630745,0.05616929106039005,0.06742936086088308,-0.012129284298690776,0.0023668783713315447,0.0014540897047449625,0.002357614912360355,0.0015197835600931908,0.002245883228041215
"{SW_IN_POT, SW_IN_POT_daily, dSW_IN_POT, LST_Night, NDWI_SWIR2, PFT}",7.503678877586339e-07,0.06531798278300659,0.06778944155304634,0.07605618500455907,-0.15055027662405124,0.002598317155311995,0.0021100102713490637,0.002641928273017083,0.000534240783207629,0.0029863624159976038
"{VPD, SW_IN_POT, dSW_IN_POT, dSW_IN_POT_daily, EVI, PFT}",1.6956266416988343e-06,0.059425762120632344,0.055526358660058006,0.06330590819275075,0.08118155238010878,0.001678813806831013,0.0027570942797722903,0.001872714681155331,0.001303230006452362,0.004931526276986051
"{dSW_IN_POT, NDWI_SWIR2}",5.3289143913771746e-05,0.11058311675741585,0.11135411405698128,0.10886842179267767,-0.22307447918822218,0.005181112728731896,0.011363229765717839,0.004444144962805541,0.024439012644859176,0.007933156720012519
"{SW_IN, SW_IN_POT_daily, LST_Night, NDWI_SWIR2}",6.954348848330326e-07,0.06341977605968387,0.05777464533894908,0.07056845543888549,-0.11357734033904839,0.0031289739732400026,0.0022773876831989545,0.0020018373441062914,0.004375146749224498,0.0026657715464986215
"{TA, SW_IN, SW_IN_POT_daily, LST_Day, LST_Night, EVI, NIRv}",1.858492719978542e-07,0.05890283868724745,0.05382020817234537,0.05979832944677349,0.09309658879242337,0.002094546482118591,0.0017090200976695447,0.001940165248195,0.0013464772176854656,0.002647120504727915
"{VPD, SW_IN, SW_IN_POT, dSW_IN_POT_daily, LST_Night, EVI, NIRv}",3.4981867347689924e-07,0.059910787333587026,0.05128430533248984,0.06380838018707673,-0.1400838794070892,0.002698668312230708,0.00229862906623058,0.001287144931734055,0.0017690861750655346,0.0028873167723738047
"{SW_IN_POT_daily, dSW_IN_POT_daily, LST_Day, LST_Night, PFT}",1.299438660986553e-07,0.1050359832786856,0.09666752776599417,0.128286492822821,-1.1406007180009776,0.0005289082805532558,0.000544612618522719,-0.0003863414286829625,3.8104892279636204e-05,0.00044153765036708537
"{VPD, SW_IN, dSW_IN_POT, dSW_IN_POT_daily, LST_Day, LST_Night, EVI, NIRv}",1.034116967571916e-07,0.05777675814032521,0.051511799437358737,0.06085335812980126,0.053268159149511884,0.002105971341572775,0.001524259569500891,0.0014346725118507889,0.0014381426427714714,0.002131279212662124
"{TA, VPD, SW_IN, SW_IN_POT_daily, LST_Night, NIRv, PFT}",2.752220991748832e-06,0.05547271641878854,0.05313880267729843,0.0585493960715035,0.08675767274723263,0.0011867935768766977,0.002592149933348012,0.0016140558064796431,0.0010954530585308292,0.005551679656138037
"{TA, dSW_IN_POT, dSW_IN_POT_daily, LST_Day, LST_Night, NIRv}",1.9289656887940766e-07,0.07770775488441659,0.07185036310394266,0.09910611061659821,-0.5653113528648958,0.0021755393641436638,0.0020812472288220113,0.0030402987301745427,0.0019991261223692852,0.001748632927715446
"{SW_IN_POT, SW_IN_POT_daily, dSW_IN_POT_daily, LST_Day, LST_Night, NDWI_SWIR2}",5.496825709079042e-07,0.06783289024662016,0.06765040809291703,0.07710938336424503,-0.3339506572113291,0.0031562876425889966,0.0014602842403347721,0.0018790474100134902,0.0009559191463987815,0.0015263827452313
"{VPD, SW_IN, LST_Day, LST_Night, EVI, NDWI_SWIR2, PFT}",1.751358532078679e-06,0.054757636691905816,0.051483132393419534,0.05757176420150863,0.09984116514332259,0.0021836341830608133,0.0025968729769493895,0.001182884197573543,0.0011572909058346834,0.004776475971077707
"{TA, VPD, SW_IN, SW_IN_POT_daily, LST_Day, LST_Night, NIRv, PFT}",1.9747847676612914e-06,0.05484929827038045,0.05331259463573633,0.05834194232996187,0.10434311254383227,0.0015340420638896846,0.00270127556643808,0.001754704604580097,0.000978107259452951,0.004968248074861639
"{TA, VPD, SW_IN, EVI}",8.467728797742563e-08,0.06486401197799374,0.05277689410266196,0.06051816016092745,0.010273325831287447,0.0012221253267967747,0.0014814824622530545,0.001195650844764251,0.0015635455926244698,0.0019994474380820304
"{TA, SW_IN_POT_daily, dSW_IN_POT_daily, LST_Night, EVI, PFT}",1.0907963757211082e-06,0.08494463372238027,0.08352085275260082,0.11060529792426457,-0.9219826506000386,-8.239188323128088e-07,0.002148469893264074,0.0025726327610099825,0.0005823091183559739,0.0023921216302662113
"{TA, SW_IN, SW_IN_POT, SW_IN_POT_daily, LST_Day, LST_Night, EVI, NIRv, NDWI_SWIR2}",8.309721756968913e-07,0.05697595272601779,0.052593781307785074,0.058553407918634476,0.05033759248873643,0.0023746669182899763,0.002316031346935657,0.0022351080898117062,0.0015733397644702163,0.0042868404457908765
"{VPD, SW_IN_POT, SW_IN_POT_daily, dSW_IN_POT, LST_Day, LST_Night, NIRv, NDWI_SWIR2}",5.329529011869825e-07,0.06037348273819644,0.05658523167444668,0.06906797510205268,-0.05103200467660638,0.0023939824305346177,0.001975566664025874,0.003383232173405415,0.001210945954165439,0.0027473905517990255
"{SW_IN, SW_IN_POT_daily, dSW_IN_POT, dSW_IN_POT_daily, LST_Day, LST_Night, NIRv}",1.7819117740843745e-07,0.05830699154247521,0.052211328596818776,0.06383406136372663,-0.0454074043608611,0.0018888230067839462,0.001600217812656339,0.0015079601883117022,0.0006543067966165578,0.0016496421465524436
"{SW_IN_POT, dSW_IN_POT, dSW_IN_POT_daily, EVI, PFT}",1.0251835385856248e-06,0.06566264687269431,0.0668214883694962,0.0718338210048178,0.03947692749835948,0.001645358756693284,0.0022201811323821763,0.0017194606757737763,0.00050574376705078,0.0036296619519086554
"{SW_IN_POT_daily, LST_Night, NIRv, PFT}",1.9262521631982226e-07,0.10493444363218721,0.0934964801705791,0.11829705233100367,-0.7477975546424821,-4.524345095102689e-05,0.001123416251828463,0.00035022594063867374,0.00023257675598831185,-9.950701292044117e-05
"{TA, SW_IN, SW_IN_POT, LST_Day, LST_Night, EVI, NIRv, NDWI_SWIR2}",9.853372850770247e-07,0.05764107313542001,0.053026037297649764,0.05948833939589175,0.024094578740409527,0.0021618300696283274,0.0020661116988230158,0.001982199477583213,0.0015851828937371096,0.0043814761125594015
"{SW_IN, SW_IN_POT_daily, dSW_IN_POT_daily, LST_Night, NIRv, NDWI_SWIR2, PFT}",1.0036029297642426e-06,0.05533030781735166,0.055122990203443446,0.060105851000193125,0.014653059093364137,0.0015994320417574218,0.0029532118989800127,0.0013603499749942627,0.0010601754557201595,0.0036538289139942254
"{TA, SW_IN, SW_IN_POT, dSW_IN_POT, LST_Day, LST_Night, PFT}",3.8084221304176205e-06,0.06072818002836374,0.05544907630888585,0.06960968682387693,-0.2138425330376977,0.0070526924244591754,0.003549046814627567,0.0028116200963912985,0.0010784028824150915,0.004042076014978455
"{SW_IN_POT, SW_IN_POT_daily, dSW_IN_POT, LST_Day, LST_Night, EVI, NIRv}",2.2820627355528167e-07,0.06612566153529646,0.0637915132510905,0.08005197187947527,-0.27009018838803805,0.001573091824646905,0.0015782431290218696,0.0020549251908910104,0.000633747245898035,0.0017715114241314278
"{VPD, SW_IN, dSW_IN_POT, LST_Day, LST_Night, NDWI_SWIR2, PFT}",1.7858734780879795e-06,0.056591887330426645,0.05447547873921813,0.06556752850434817,0.02916828778409238,0.0030127920486428886,0.004132280675026488,0.0013305707176475487,0.001826455481209542,0.004867810810551473
"{TA, VPD, SW_IN_POT_daily, dSW_IN_POT, dSW_IN_POT_daily, LST_Night, EVI, NIRv}",6.536906124402507e-08,0.07398598031556934,0.0621563196408513,0.08677297233782333,-0.6246327483224979,0.0023395927099569003,0.001977178095204174,0.00258144342165037,0.001978140711422924,0.002502916304550698
"{TA, VPD, SW_IN, SW_IN_POT_daily, EVI, NDWI_SWIR2}",6.497605193099779e-07,0.05893211413972177,0.05409395848397011,0.05853851781883737,0.11867101165398158,0.00205031673484541,0.002724104082866767,0.002843871236939327,0.003121410539622421,0.004497643364209186
"{VPD, SW_IN, SW_IN_POT_daily, dSW_IN_POT, LST_Night, EVI, NIRv, NDWI_SWIR2}",2.8453427267960244e-07,0.057071429746696094,0.053148364921171046,0.05761185921103161,0.11568418532941661,0.002272416110020971,0.0022333879913351354,0.0024272125761300722,0.002528875680632578,0.0036722119300276884
"{TA, VPD, SW_IN_POT_daily, dSW_IN_POT, NIRv}",4.7158529062680117e-07,0.0778331157205468,0.06436092145783277,0.08338209241362478,-0.34275364711596185,0.0019113368733703617,0.0023214277155957364,0.0029770677298018577,0.0037894242603944903,0.0020989166861220543
"{VPD, SW_IN_POT, dSW_IN_POT, LST_Night, EVI, NDWI_SWIR2}",1.5626310303498384e-07,0.061455947354492724,0.056385506370843094,0.06835274274061662,-0.01579233169698639,0.0015544123298516996,0.002144631574324214,0.002663025417180505,0.0018866778971032075,0.00245727072439611
"{SW_IN, SW_IN_POT_daily, dSW_IN_POT_daily, LST_Day, NDWI_SWIR2}",7.599391281216741e-07,0.0617813185204207,0.05766608137733377,0.06238681320867794,-0.018671341785638267,0.0036378134532573103,0.0032072281918656548,0.0011936373487353713,0.002004183107338603,0.002767975105022913
"{TA, VPD, SW_IN, SW_IN_POT, SW_IN_POT_daily, dSW_IN_POT_daily, LST_Day, LST_Night, EVI, NIRv, NDWI_SWIR2}",9.344683723989542e-07,0.0559951713929876,0.051860844477553056,0.05717025742069139,0.08354905096510166,0.0027594068968662885,0.0022173033391049146,0.001963832163541804,0.0018152282314622542,0.004468134092940487
"{TA, VPD, SW_IN, SW_IN_POT, SW_IN_POT_daily, dSW_IN_POT, dSW_IN_POT_daily, LST_Day, EVI, NIRv, PFT}",1.4797339343708268e-06,0.05388468219403406,0.05094816615319822,0.05760736195944775,0.14851454130401123,0.0018556140101684757,0.002372774354131288,0.0016549420511495286,0.0007766897634486278,0.004420044789451502
"{VPD, SW_IN_POT, dSW_IN_POT_daily, EVI}",1.9020846446510986e-07,0.06785443384630489,0.05860671545518472,0.06674210024518959,-0.07927068721596563,0.0020344920764040486,0.0029330331453380973,0.0020759988437978744,0.0030887541085145853,0.0027091128212637233
"{TA, SW_IN, SW_IN_POT, SW_IN_POT_daily, dSW_IN_POT_daily, EVI, NIRv, PFT}",1.630554382696983e-06,0.05519260658823988,0.05222896465457083,0.057863279736616285,0.13428489508458538,0.0015828088763426632,0.002594305690841195,0.0014523431789088062,0.001349725047815567,0.004737130836082237
"{TA, VPD, SW_IN_POT, dSW_IN_POT, dSW_IN_POT_daily, LST_Day, EVI, NIRv, NDWI_SWIR2}",7.301852673237288e-07,0.05999216399681788,0.054688819484578606,0.06942582837606931,-0.014191706268470975,0.0017992290974903485,0.002228161453042027,0.003163727696376434,0.001637267987645158,0.0038820140965224043
"{SW_IN, SW_IN_POT, dSW_IN_POT, LST_Night, EVI, NDWI_SWIR2}",1.794699700717797e-07,0.05827194032867225,0.053553928476432165,0.061963997545465825,-0.019434039908658034,0.001564756736642213,0.002104484919563436,0.0022971135409254675,0.0014897981492987059,0.0025906365445549084
"{TA, SW_IN_POT, SW_IN_POT_daily, EVI, NDWI_SWIR2}",8.058563942083539e-07,0.06530384810712557,0.061395243332553216,0.07123282762347383,-0.09907949109994545,0.0014417735440872617,0.0027444668183688598,0.0031977887875445227,0.001854373637599896,0.003926287007072718
"{TA, VPD, SW_IN, SW_IN_POT_daily, dSW_IN_POT_daily, LST_Night, PFT}",1.2965193022672467e-05,0.061619360124716485,0.05511231133962301,0.07319443127462849,-0.2703864713144901,0.010759299046675733,0.0026456127333177176,0.0021202633987774666,0.0020014949552108405,0.00798005692378076
"{SW_IN_POT_daily, dSW_IN_POT, dSW_IN_POT_daily, NIRv, NDWI_SWIR2, PFT}",2.119773288013058e-06,0.08095711009129683,0.08363100919879382,0.09749038521432182,-0.1138213354391437,2.7728783997288398e-05,0.0032559714578978827,0.0012522177375453164,0.004133489389840449,0.002574506075146435
"{VPD, dSW_IN_POT, EVI, NIRv}",2.3807735245009495e-06,0.08073113815704289,0.06801042839280153,0.08032564851728963,-0.1194796710892135,0.002904296620662883,0.003974628327780214,0.0022741763100449647,0.00668163058608489,0.003137193165842725
"{TA, VPD, SW_IN, SW_IN_POT, SW_IN_POT_daily, dSW_IN_POT_daily, LST_Day, EVI, NIRv, NDWI_SWIR2, PFT}",2.08860384590689e-06,0.05346573208098405,0.05060238940287369,0.05654551611762872,0.1411441742670542,0.0021040748136093926,0.003232479852197795,0.0014314781177379582,0.0017238158213082333,0.005396752960043903
"{TA, VPD, SW_IN, dSW_IN_POT_daily, LST_Night, NIRv, PFT}",2.225769237726649e-06,0.05512838384823436,0.05218462199195034,0.05980510291985999,0.0619964347743606,0.001315234897339694,0.0026562297610567692,0.0015569569219099563,0.000727094022728407,0.0049501628338319
"{TA, VPD, SW_IN_POT_daily, dSW_IN_POT, LST_Day, LST_Night, NIRv, PFT}",1.7657282194350559e-06,0.07006153935862265,0.06571436401753103,0.08229431416875779,-0.17340549860409618,0.0025763005454995103,0.002207205200289858,0.002150069068887747,0.0016012532041595473,0.005363175866458805
"{VPD, LST_Night, NIRv, NDWI_SWIR2, PFT}",5.994089145290278e-07,0.08258413476232725,0.07644015113805154,0.0904532763195691,-0.5586613832415014,0.00046820966358940286,0.001945892774784616,0.001686355385453503,0.0013752482186972018,0.002848817811354501
"{VPD, SW_IN, dSW_IN_POT, dSW_IN_POT_daily, LST_Night, EVI}",1.090593621077882e-07,0.06063943154322307,0.05161607376715682,0.06423068409655115,-0.17526156607734078,0.0024502090734235954,0.0019478195978222188,0.0014538144903247369,0.0021240868088289594,0.002175347114464349
"{TA, VPD, SW_IN, SW_IN_POT, SW_IN_POT_daily, dSW_IN_POT, dSW_IN_POT_daily, LST_Day, NDWI_SWIR2}",8.326981963239281e-07,0.0581693708922353,0.0537808353963527,0.06074755791921474,0.015107682969628092,0.003761677401757764,0.0014838140154472407,0.002108731261309539,0.0011453183816124216,0.002501743833992917
"{SW_IN, LST_Night, EVI, NDWI_SWIR2, PFT}",1.223936674807785e-06,0.05740747144482121,0.052827614226938366,0.0624395868499972,0.020626634842250174,0.0018073873774304972,0.0027707919305745357,0.0009057392751661009,0.0013758166531091381,0.0040134396008352086
"{TA, SW_IN_POT_daily, dSW_IN_POT_daily, LST_Day, LST_Night}",1.1662969889336726e-06,0.09026361085926266,0.0809513539271942,0.11321433123585406,-1.135610413828003,0.0037500300111312224,0.0005769254061362833,0.0023857266448288894,0.0012466458875230874,0.001803335688139493
"{TA, VPD, SW_IN_POT_daily, dSW_IN_POT, dSW_IN_POT_daily, LST_Day, LST_Night, NIRv, NDWI_SWIR2, PFT}",1.56095888422837e-06,0.06841613881532335,0.06278019221894203,0.07713713141071998,-0.23526060790487213,0.0015315677282554258,0.0018652731150015228,0.0011112228337743224,0.001626926797165272,0.004597175225280192
"{VPD, SW_IN, SW_IN_POT_daily, LST_Day, LST_Night, PFT}",3.1064778102588783e-06,0.060611237342495024,0.056752724984417635,0.06570239360837174,-0.10622473184531687,0.005997583089528684,0.0032859784584296156,0.0021441832304541983,0.0016420840348776375,0.005551881721950452
"{SW_IN, dSW_IN_POT, LST_Day, LST_Night, NIRv, NDWI_SWIR2, PFT}",1.465106911850861e-06,0.05516464312737733,0.053874446071544,0.059936172743356234,0.053736329933131766,0.001713972419959242,0.0027264860847202865,0.0011614623658278422,0.0005639476759406667,0.003988802079280776
"{TA, dSW_IN_POT_daily, LST_Day, NIRv, PFT}",1.0244594989823174e-06,0.0859691068257854,0.08432567615907052,0.11091452469482838,-0.9711948716997453,0.0007104795590669871,0.0026628745388056207,0.0027585279653247613,0.0011837928927241684,0.0033682157978970895
"{SW_IN_POT_daily, dSW_IN_POT, dSW_IN_POT_daily, LST_Day, NDWI_SWIR2, PFT}",1.1857398750670546e-06,0.08228751097764059,0.08207556763275801,0.09559955679025708,-0.15750031103688825,0.0021570894796894696,0.004848434227731166,0.0016741946438654787,0.0031922325650657335,0.0028513790010374906
"{TA, VPD, SW_IN, SW_IN_POT, SW_IN_POT_daily, dSW_IN_POT, dSW_IN_POT_daily, EVI}",1.5611643999197008e-07,0.05966600708483104,0.05170272307172174,0.060793889947911496,-0.04828399938736635,0.0021398349688835916,0.0014238511536459053,0.0016654257667754885,0.0012270595462704065,0.002242091110240707
"{SW_IN, SW_IN_POT, dSW_IN_POT, LST_Night, EVI, NIRv, PFT}",9.725126900116222e-07,0.0560757990935832,0.054085890703246486,0.06130986710712269,0.07143488012957074,0.000993721874959358,0.0018110945902352835,0.0015127070311152443,0.00033140420573700424,0.0032835633339834552
"{VPD, SW_IN, SW_IN_POT_daily, dSW_IN_POT_daily, EVI, NDWI_SWIR2}",1.0118628055209143e-06,0.05879360765669019,0.056672155206387465,0.05888706328404278,0.10662524648844092,0.002653903870686841,0.0030808769086358434,0.00195857427565211,0.0037451160362745733,0.004912680623324395
"{SW_IN, LST_Night, EVI, NIRv, PFT}",1.0233681779046658e-06,0.05864817516093769,0.055865771433118466,0.06273293441115113,0.06182636563367638,0.0011158922167856036,0.002519574598078632,0.0009906092680132053,0.0012602581418829362,0.0035976258417814433
"{TA, dSW_IN_POT, LST_Night, EVI, NIRv, NDWI_SWIR2, PFT}",1.3837814368193026e-06,0.0757289053591128,0.07038448652079246,0.09125934772288331,-0.29987609506645174,0.0015678693407509131,0.0021874274345357325,0.0031079051158786064,0.0020853689084342,0.004903424351930169
"{SW_IN_POT, SW_IN_POT_daily, dSW_IN_POT, EVI, NIRv, NDWI_SWIR2}",3.014713351153947e-07,0.06695277710006356,0.07188289132147278,0.07155242458244825,-0.07798926827883042,0.0033508270214659547,0.0029041994619744688,0.0030842751042432504,0.0017573550357497594,0.002587623787823387
"{TA, SW_IN_POT, SW_IN_POT_daily, dSW_IN_POT_daily, EVI, PFT}",2.25726485635624e-06,0.062316986580421826,0.060420440381185915,0.0704648749658356,-0.02297918232968099,0.0016719938020020864,0.00260807227799046,0.002315742966206444,0.0009537582344963311,0.0053632714348644805
"{TA, SW_IN, dSW_IN_POT, EVI, NIRv, NDWI_SWIR2}",5.549694383401607e-07,0.058957279870895454,0.054604279053889315,0.0601944147963002,0.08856162696344909,0.0020106521408889827,0.002321653461048394,0.002599991417591846,0.0024983515352260052,0.004151616445015577
"{TA, VPD, SW_IN_POT, dSW_IN_POT_daily, LST_Night, EVI, NIRv, PFT}",2.4109437136002496e-06,0.05880084451441473,0.054195179754084305,0.06721642451844387,0.007668073849211847,0.0017674734287300917,0.0029370067401728664,0.0020843948793945535,0.001136727139928781,0.005582041039128946
"{TA, SW_IN, SW_IN_POT, LST_Day, NDWI_SWIR2}",1.5027717076896218e-07,0.062340608074474016,0.05600445668529047,0.06172623137192575,0.028898674291460813,0.0027466193744172876,0.0023157064090350843,0.0016328635691100143,0.001961190704523337,0.0024506438788143153
"{SW_IN, SW_IN_POT, SW_IN_POT_daily, dSW_IN_POT, LST_Night, NIRv}",1.7915990028334184e-07,0.0608529929774119,0.05251226877992717,0.06879253082399783,-0.24880709748029384,0.001688791847751052,0.0012956780378736987,0.0019272109052789477,0.0011865573826570774,0.002346194292048631
"{TA, NDWI_SWIR2}",2.3182711284573196e-06,0.10031843617732768,0.09106999857708795,0.11997795139229342,-0.9908946885697288,0.0038007096030516913,0.002570296691654095,0.0007099108657737108,0.004177713693604673,0.0005039586562854137
"{SW_IN_POT_daily, dSW_IN_POT, EVI, NDWI_SWIR2, PFT}",4.7419117566074405e-06,0.08305120355538101,0.08060532789193664,0.09888844640207776,-0.07869431550518884,0.0016957207902959653,0.004326196785681677,0.001036786765903533,0.006502813101343208,0.005823303262133206
"{TA, VPD, dSW_IN_POT_daily, LST_Night, NDWI_SWIR2}",1.4479500438715227e-07,0.08551574173713382,0.07414713116490444,0.09663822098107364,-0.8137250073137295,0.0032424397142895856,0.0022496977595893725,0.0027138153075274424,0.002531773698220101,0.0021851313381614224
"{TA, VPD, SW_IN, SW_IN_POT, dSW_IN_POT_daily, LST_Night, EVI, NDWI_SWIR2, PFT}",2.3629649948607718e-06,0.053701641681795906,0.05005606812599905,0.058411733255104195,0.07683099657221792,0.0023558137331569223,0.0029390735470759127,0.0013512586564235415,0.0011680939162797138,0.005436026057800872
"{SW_IN, SW_IN_POT, SW_IN_POT_daily, dSW_IN_POT_daily, NDWI_SWIR2, PFT}",1.5540166924444986e-06,0.05843545567824058,0.060430100796460245,0.06254379458377657,0.04101985988855702,0.0021933922188956054,0.0037796150596512493,0.0013786117598768646,0.003349198499554118,0.004961794930087221
"{TA, VPD, SW_IN, SW_IN_POT, SW_IN_POT_daily, dSW_IN_POT, NIRv, NDWI_SWIR2}",4.564286438538125e-07,0.05717183998279088,0.05256435244686872,0.05737635015117218,0.07706445206205714,0.001959890539591426,0.0023256033716064772,0.002863484294316987,0.0015784216576941804,0.0034968885155551854
"{VPD, SW_IN, dSW_IN_POT, LST_Night, EVI, NIRv, NDWI_SWIR2, PFT}",1.7993541133831682e-06,0.05466016698328883,0.052183400295572904,0.05748279056730282,0.11578654953740485,0.0018594120024663027,0.0027639421351760493,0.001085890057092087,0.001678682241688538,0.00491866974802993
"{SW_IN, SW_IN_POT, dSW_IN_POT, LST_Night, EVI, NIRv, NDWI_SWIR2, PFT}",9.765804106275857e-07,0.05501883513884123,0.05353828954775779,0.058953650916199044,0.07019312616671362,0.0015311105511366108,0.00240503857461314,0.0016212884786029336,0.0006910220334605532,0.0036264296164824905
"{SW_IN, SW_IN_POT_daily, LST_Day, LST_Night, EVI, NIRv, NDWI_SWIR2}",4.2312553454301377e-07,0.05795159063193858,0.05364145877834256,0.05949424138609183,0.06156851551597466,0.0021401892297484224,0.002076548502897471,0.0013488512911426012,0.0012766830252189873,0.0030698032725895025
"{TA, SW_IN_POT, LST_Day, LST_Night, NIRv, NDWI_SWIR2}",4.999457346902741e-07,0.06472032861337303,0.060199814892208124,0.07198950705966908,-0.11749585612639675,0.0024913595169502936,0.0026948296812227338,0.002900479588357735,0.0012794779947643067,0.0034092913608360503
"{TA, SW_IN_POT, dSW_IN_POT, dSW_IN_POT_daily, PFT}",1.4259435380973646e-05,0.0699679483788009,0.06307806032114197,0.08084114559239944,-0.3806659723037726,0.011482052806663243,0.002856115364501019,0.00472000259099907,0.0010672328933627184,0.008411957893640881
"{VPD, SW_IN, LST_Night}",1.8911636546074872e-05,0.07813927504148357,0.06442156478986663,0.0801549441838037,-0.5621040626496258,0.013237820828435637,0.001076331279143354,0.002214336302296227,0.003400923408935004,0.0038724025110048743
"{TA, VPD, dSW_IN_POT, LST_Day, EVI, NDWI_SWIR2}",4.467535868519664e-07,0.07519714779041546,0.06483418919610368,0.07869877875398612,-0.07424148442823571,0.002198011337328498,0.002622040789659774,0.003366935510756855,0.0036698058636022504,0.00400677595990126
"{TA, SW_IN_POT_daily, dSW_IN_POT_daily, PFT}",4.040341385966782e-06,0.093721013987891,0.08749491438478152,0.12214722079782546,-1.2622687011931744,0.0066433906195748765,0.0016068497764826078,0.0031660160814955818,0.0017395128417593206,0.005440716493803691
"{SW_IN, SW_IN_POT, dSW_IN_POT, dSW_IN_POT_daily, LST_Night, EVI, NDWI_SWIR2, PFT}",8.756590065783966e-07,0.054365102573260785,0.05156136154245945,0.059536275147931125,0.06336377134941706,0.001875550687744483,0.00247757690723574,0.001639556816708486,0.0009339099615576843,0.003717948655829084
"{VPD, SW_IN_POT_daily, EVI}",1.02008164045234e-06,0.09047329623691899,0.0779728164654225,0.09397904649773857,-0.5133034564944111,0.0003909503903200273,0.0024301423022049795,0.0014058470028391473,0.003183751972152621,0.0009451490068792118
"{TA, VPD, SW_IN, dSW_IN_POT, dSW_IN_POT_daily, LST_Day, LST_Night, NIRv}",2.0062799202852745e-07,0.05807761840080048,0.05160186753610002,0.06089226486034005,0.023112756337315615,0.0021824123867886236,0.0016818216967961139,0.0019229288238485978,0.0009158244192692122,0.0020428504636487155
"{TA, SW_IN, LST_Day, EVI, PFT}",1.5283911771059318e-06,0.05733179099037795,0.05394865281528079,0.06063550080902888,0.11595945975463152,0.0013878446497500169,0.0027274121889712885,0.0017668360497312893,0.0009423209459724288,0.004424224022333431
"{TA, VPD, SW_IN, dSW_IN_POT, LST_Day, EVI}",2.760217665422906e-07,0.06069417285798905,0.051915609048736266,0.0613174181670518,0.0477832317064644,0.0018135118833370253,0.001578273181430015,0.0025974015372828563,0.0010225477045443937,0.0021053239658214012
"{TA, VPD, SW_IN_POT_daily, dSW_IN_POT_daily, LST_Day, EVI, PFT}",5.248858182315279e-07,0.07987082753103905,0.07242659207622236,0.091489735151324,-0.43249531370609057,0.0008225050336691242,0.0020262541368895742,0.001310463569683687,0.0010226843528608615,0.002792161008852226
"{VPD, SW_IN, SW_IN_POT, SW_IN_POT_daily, dSW_IN_POT, LST_Night, NDWI_SWIR2, PFT}",1.1821152454583547e-06,0.055631712674341624,0.05555511750528391,0.06588688005884327,0.008235552392955406,0.003174707059843296,0.003387271791046642,0.0016859350894284642,0.001251669009457529,0.004146077456300218
"{VPD, SW_IN, SW_IN_POT, dSW_IN_POT, LST_Night, NDWI_SWIR2, PFT}",9.301257420878023e-07,0.056259988205418276,0.054758637563589,0.06594784765282066,0.02485480328220006,0.002542439133821142,0.0033420066119417696,0.001708664659149678,0.0015984485142660002,0.004122800699536702
"{VPD, SW_IN_POT, SW_IN_POT_daily, dSW_IN_POT, dSW_IN_POT_daily, LST_Night, NIRv, NDWI_SWIR2, PFT}",2.231975228188654e-06,0.05729708236730939,0.054422444920778676,0.06506705345203437,-0.0018476386880083944,0.0018176572680598038,0.002592497441322457,0.0021465072173057834,0.0011211325342710618,0.005456335623327868
"{VPD, SW_IN, SW_IN_POT, SW_IN_POT_daily, LST_Day}",3.0769336156849513e-06,0.0709968985247159,0.06228214603918633,0.06545046931569683,-0.09215062948515362,0.005956923585731758,0.0014437564842709125,0.0023904392179543016,0.0016658851426345836,0.004500428571191789
"{TA, SW_IN, SW_IN_POT, dSW_IN_POT_daily, LST_Day, LST_Night, NIRv}",2.5940248643354203e-07,0.058992253463093336,0.05216421120866941,0.06477797500022786,-0.018980751992643985,0.002269038738131883,0.0018463590852034334,0.0017987358877853132,0.0010920056161339148,0.0026052061488776035
"{TA, SW_IN, SW_IN_POT_daily, dSW_IN_POT_daily, LST_Night, NIRv, NDWI_SWIR2}",6.640198156488704e-07,0.05720520350191366,0.05302473678644083,0.05952392659146116,-0.07122421399450822,0.0023457373611657437,0.0030932418562763173,0.001784196133774528,0.0017349038365087471,0.003866640969023505
"{SW_IN, SW_IN_POT, SW_IN_POT_daily, dSW_IN_POT_daily, LST_Day, LST_Night, EVI, NIRv, NDWI_SWIR2}",6.006377585968824e-07,0.057107761960524535,0.05314310148262941,0.058971797074254345,0.00408974254356248,0.002425674815102842,0.002197653138899941,0.0016412176602830716,0.0008302166308330611,0.003138731280268453
"{VPD, SW_IN, SW_IN_POT, SW_IN_POT_daily, EVI, NDWI_SWIR2, PFT}",2.712534605842017e-06,0.05585808605293088,0.053071170995613995,0.05719319415477987,0.12019362033429815,0.002690284950641504,0.003520118013125538,0.001804511226055877,0.002590760619302919,0.006538189900038363
"{SW_IN_POT, SW_IN_POT_daily, NIRv, NDWI_SWIR2, PFT}",2.9824553469584066e-06,0.06700439067578187,0.07160084627796233,0.06997299362304477,-0.011295642272743767,0.0030456169730764884,0.004317038956073313,0.0016914334463787872,0.0020655278932733764,0.006451380197140741
"{SW_IN_POT_daily, dSW_IN_POT, LST_Night, NIRv, PFT}",5.46786899355693e-07,0.08264702130501332,0.08215308090797695,0.0985436050497282,-0.19554396293795664,0.002669273223340471,0.0033944823376455963,0.0027165888659180376,0.00432874622296843,0.004355796017974811
"{TA, SW_IN_POT, SW_IN_POT_daily, dSW_IN_POT_daily, LST_Night, NIRv}",5.546227527038285e-07,0.06704900941470593,0.05815780025863383,0.08411434735384982,-0.5948539669426581,0.00295306618314492,0.0017570699772048587,0.002391986624059872,0.0008498503992257767,0.0026301017799859605
"{SW_IN_POT_daily, dSW_IN_POT, LST_Day, LST_Night, EVI, NDWI_SWIR2}",3.471493988448249e-07,0.08313293282434178,0.08059275354634854,0.10004789070308323,-0.21547365918509143,0.001939204563835839,0.0027501448367630993,0.001563654015509744,0.003112459320532078,0.002850644827057963
"{TA, VPD, SW_IN_POT, dSW_IN_POT_daily, LST_Night, NIRv, NDWI_SWIR2, PFT}",3.2610819812081814e-06,0.05792585108061908,0.05508766820184257,0.06427736266282744,-0.016742701282200328,0.0017159900230808711,0.003719927532117341,0.0022290642496690313,0.0012962441064816588,0.006263651409038742
"{SW_IN, SW_IN_POT_daily, dSW_IN_POT, dSW_IN_POT_daily, LST_Day, LST_Night, NIRv, NDWI_SWIR2}",5.350229945062646e-07,0.05657830018843177,0.05255417603492113,0.060694857575367495,-0.017642302640023866,0.0024537892300770317,0.0024326913387596877,0.0018908577229897333,0.0010512440908762508,0.00326923586539396
"{SW_IN_POT, LST_Day, EVI, NDWI_SWIR2, PFT}",1.3388890099305155e-06,0.06589336057974618,0.06743861838630996,0.06733824809824959,0.030902127658068674,0.0018923569477892269,0.0027225804815795146,0.0019161235549282618,0.0009948075416786883,0.0044308514929537746
"{VPD, SW_IN, SW_IN_POT, SW_IN_POT_daily, LST_Day, LST_Night, NIRv, NDWI_SWIR2}",1.100409594807567e-06,0.057039506834720255,0.05212495711404928,0.05737723380036101,0.09891927777937988,0.002892991910872965,0.002277344649220872,0.00224424876815036,0.0009124580999379794,0.004146956935069265
"{TA, LST_Day, PFT}",1.0829989213439964e-06,0.0977160607063442,0.09289409222887274,0.129137894170405,-1.0619809207048647,0.004860054899879493,0.0026607946695555162,0.0043146897549792285,0.002099828774670652,0.0029386068084048117
"{VPD, SW_IN_POT, dSW_IN_POT_daily, EVI, NIRv, NDWI_SWIR2, PFT}",3.436735863800733e-06,0.0584716439095316,0.05489938785797871,0.06346915533580014,0.09430405742007936,0.0017272290693567463,0.003338675196636172,0.0017304671098639021,0.002916416753250363,0.006778221056005049
"{VPD, SW_IN_POT_daily, dSW_IN_POT, LST_Day, NIRv, NDWI_SWIR2}",1.1621031403397202e-06,0.07403216200921836,0.06447797938499236,0.0736010556087415,-0.03949600926435857,0.001992873572850204,0.0029599790477729954,0.002470130325782735,0.004869005081846851,0.004214258791971792
"{TA, VPD, SW_IN, SW_IN_POT, LST_Day, EVI, NDWI_SWIR2, PFT}",2.1856214124506114e-06,0.054655513465676445,0.05187847879946638,0.05806113108678143,0.14770733953392798,0.0020026314236864518,0.0029843680769057745,0.001471933261225751,0.0016403400257340717,0.005480497149881497
"{TA, SW_IN, SW_IN_POT_daily, dSW_IN_POT_daily, LST_Night, EVI, NIRv, NDWI_SWIR2}",6.185443000464431e-07,0.05688548182629524,0.05379482673412225,0.05878659829125247,-0.02686224207644261,0.0022784703212791885,0.0027466244466866213,0.0017637185925904325,0.0020513707539351264,0.004004390335996144
"{VPD, SW_IN, SW_IN_POT, dSW_IN_POT, dSW_IN_POT_daily, EVI, NIRv, PFT}",1.7879301381271146e-06,0.055205064941071316,0.053124791959178144,0.05807805181752549,0.12254387240258585,0.0020531052683386702,0.0025065698125745495,0.0015004126373615312,0.0012095419758362466,0.004967638827955964
"{TA, SW_IN_POT, dSW_IN_POT, LST_Day, NIRv, NDWI_SWIR2}",4.966605947422101e-07,0.06390367494567341,0.06136217184361077,0.07418894189034658,-0.16833749471591256,0.0015242102022462803,0.0023779891924059007,0.0031046616606235228,0.0011683611932189128,0.002555941325599692
"{SW_IN, SW_IN_POT, SW_IN_POT_daily, dSW_IN_POT, LST_Night, NDWI_SWIR2}",2.9008637745406843e-07,0.05983293734308036,0.05576739595415581,0.06995378914940031,-0.1744080924618462,0.002563556000311752,0.0011000428207554591,0.001766573375554567,0.0013495767668245326,0.0011733670465116919
"{TA, VPD, SW_IN_POT_daily, dSW_IN_POT, LST_Day, LST_Night, EVI}",1.4969465270896089e-07,0.07405914662692353,0.06287573066754906,0.08143439527310586,-0.14270093412725568,0.002754874474409044,0.001782400775086207,0.002879888424797014,0.002376075214916583,0.002604748966994086
"{SW_IN, dSW_IN_POT, LST_Day, NIRv}",2.558982431993806e-07,0.06341418549139384,0.054298611843585864,0.0632446053795454,0.011581671116441908,0.001967068563623678,0.0020591611964449336,0.0021844025895564265,0.0009240651332576705,0.0023651097157459527
"{TA, SW_IN, dSW_IN_POT, LST_Day, EVI, NIRv, NDWI_SWIR2, PFT}",1.6022823584140804e-06,0.05473756320921039,0.05326505784438275,0.05993462238322783,0.10394710327531909,0.0016307139707582158,0.002836658859888465,0.0016421962084613786,0.0011994259806239263,0.004683266793609572
"{SW_IN_POT_daily, LST_Day, LST_Night, NDWI_SWIR2}",1.1895206324879966e-07,0.10549475777444807,0.09225293736123813,0.12346481529297865,-1.0105737321609671,0.000346447404875147,0.0011856776755754805,0.0002849869110349984,0.0003861081668003613,0.0008061251133990033
"{TA, SW_IN, SW_IN_POT, dSW_IN_POT, dSW_IN_POT_daily, LST_Day, LST_Night, EVI, NDWI_SWIR2}",4.400811684305241e-07,0.05615062894979683,0.05312402433738053,0.060893760495628495,-0.012504335593696311,0.0026937080033547847,0.0020258916436795907,0.001937013835321473,0.0012709491684671156,0.00319861479511567
"{TA, SW_IN, SW_IN_POT, dSW_IN_POT, dSW_IN_POT_daily, NIRv}",2.5590785471330155e-07,0.06136003297682038,0.05233097992244552,0.06499745871263721,-0.1460583018736227,0.0014051905520535979,0.001494357721245801,0.002032304530058697,0.0015819580488568505,0.002772160373640073
"{LST_Night, NIRv, PFT}",8.518795554303936e-07,0.1084709569707921,0.09940063097981695,0.123786522170033,-0.8016880234671439,0.00010499213083420278,0.002444440722419408,7.0786196787187e-05,0.0007054279067753577,1.3314337282493982e-05
"{SW_IN_POT, SW_IN_POT_daily, dSW_IN_POT, LST_Day, NIRv}",8.513523602092309e-07,0.06909324345882464,0.06575437809904612,0.07258523811122602,-0.06596492246017988,0.002475815584247504,0.001521057165748102,0.0027951234617982074,0.00017477495503190332,0.0013807950161919547
"{VPD, SW_IN, SW_IN_POT_daily, EVI, NDWI_SWIR2}",8.554139883291876e-07,0.06068828666833454,0.057292532171214605,0.059939534544385394,0.1032298333948829,0.0028917925213985812,0.003436081655364756,0.002307328782191892,0.004534863446959081,0.004698689823758831
"{TA, VPD, SW_IN, SW_IN_POT_daily, dSW_IN_POT_daily, LST_Day, EVI, NDWI_SWIR2, PFT}",1.8006830801644802e-06,0.05369962399672638,0.05087808283904055,0.05643263260488797,0.14773279535840866,0.001995654017794557,0.003130980858578783,0.0012834433998736086,0.0017459285626366047,0.005029059754258963
"{SW_IN_POT, SW_IN_POT_daily, LST_Day, NIRv, NDWI_SWIR2, PFT}",2.1684151168554305e-06,0.06512815418004915,0.06643187063991057,0.0665759756214587,0.0614784384710888,0.002044869661217419,0.0032138735849960715,0.0020847272457907295,0.0008514278494261493,0.005220804515594243
"{TA, VPD, SW_IN, SW_IN_POT_daily, dSW_IN_POT_daily, LST_Day, EVI}",2.614579895044719e-07,0.05946488300159136,0.05174060720460199,0.05837421423894004,0.11001369004546185,0.002358935297321313,0.0021187044011962697,0.0019317393408894781,0.0012535809221653135,0.0028038297272256762
"{SW_IN, SW_IN_POT, dSW_IN_POT, dSW_IN_POT_daily, EVI, NIRv, NDWI_SWIR2, PFT}",1.5886172797145812e-06,0.05518258760028768,0.05375473365410493,0.05950223770395946,0.14260499691664613,0.002312253957639114,0.0030074713495039512,0.0015843273397578642,0.0011515146508704194,0.004738466591132445
"{TA, SW_IN_POT, LST_Day, LST_Night, EVI, NIRv, PFT}",2.922312692371801e-06,0.06247958609299577,0.05917341737603606,0.06735845178181998,-0.025060314039355287,0.0018123561457321774,0.0026386363755090195,0.0030275133860842296,0.0005440676662932173,0.005712579712376931
"{VPD, SW_IN, SW_IN_POT, dSW_IN_POT, dSW_IN_POT_daily, LST_Day, LST_Night, EVI, NIRv, NDWI_SWIR2}",3.9209244051342756e-07,0.05574459030781535,0.05170130399829145,0.05750099922664327,0.05776785396681381,0.0028240625906935796,0.0017608894123559427,0.0021297318993455175,0.0015188867617987808,0.003170568279528496
"{TA, SW_IN_POT, dSW_IN_POT_daily, LST_Night, PFT}",2.0151139335356215e-05,0.07100505288387535,0.06331955741984287,0.08586929251875786,-0.4959418660256573,0.01382310323222563,0.003091761472745827,0.004771540747924449,0.0011461570135600022,0.008529648389723851
"{TA, VPD, SW_IN, SW_IN_POT, SW_IN_POT_daily, dSW_IN_POT, dSW_IN_POT_daily, LST_Day, LST_Night, NIRv, NDWI_SWIR2, PFT}",1.8262187953654637e-06,0.05286080627373118,0.05206938502288571,0.057586334999789546,0.0694650613730489,0.0021829007105509807,0.002874663145196396,0.0015277966328397508,0.0005474351541603709,0.004564317365401915
"{TA, SW_IN, SW_IN_POT_daily, dSW_IN_POT, EVI, NIRv, NDWI_SWIR2}",4.7662356210999336e-07,0.05786072352443576,0.05452866676850779,0.0600556050466405,0.09001913034467766,0.002060859737827811,0.002425436207378763,0.003080007052448222,0.002517624411302835,0.004041572211791161
"{VPD, SW_IN, SW_IN_POT, SW_IN_POT_daily, dSW_IN_POT_daily, LST_Day, EVI, NIRv, PFT}",2.3533574781010086e-06,0.054679793798498376,0.054247944886644237,0.05735940018760584,0.13959216178280412,0.002307134890713304,0.0026581655010252184,0.0011251093156814107,0.0013736382684395587,0.005428546579313839
"{TA, VPD, SW_IN, SW_IN_POT, dSW_IN_POT_daily, LST_Day, LST_Night, EVI, NIRv, NDWI_SWIR2}",8.001220258182815e-07,0.056164603779670676,0.051784755614531136,0.057875653008846874,0.07412010620439696,0.0025925742949164388,0.0024746845880822405,0.0018486597319785913,0.0019071628100328503,0.004315860257600418
"{TA, VPD, SW_IN, dSW_IN_POT, NIRv, NDWI_SWIR2, PFT}",2.2966671899661976e-06,0.05519273393139621,0.0531845131458909,0.05889028868196976,0.09760280363494783,0.0018263337615285272,0.0029574532475383497,0.001675987764271053,0.001505305915567523,0.005559718353810639
"{TA, VPD, EVI, NDWI_SWIR2}",7.263343037625935e-07,0.08713208504964125,0.07633051694347817,0.09494650615950884,-0.49575939165777855,0.0012800304375974597,0.0028148692637759293,0.002648675805945744,0.0019102593904014378,0.003794158256501798
"{TA, VPD, SW_IN, dSW_IN_POT, LST_Day, LST_Night, NIRv, NDWI_SWIR2}",6.377177928711817e-07,0.05724026053999725,0.05322574674066412,0.057907339695775724,0.05457319803865812,0.0025072727820424287,0.0023185719155654205,0.002117639921056777,0.0011828600919583723,0.0036717878381623548
"{TA, VPD, dSW_IN_POT, dSW_IN_POT_daily, PFT}",5.137880520693931e-06,0.07939324991900953,0.06953561072470697,0.09168244565948744,-0.7384667425777242,0.009432500591558729,0.00372025581596995,0.003939223185267002,0.00494512794949787,0.007831395886846351
"{SW_IN_POT, EVI, NDWI_SWIR2}",1.5112827533788398e-06,0.07382683644616989,0.0760737578543601,0.07207717855908413,0.02699534456683898,0.0035383056835991133,0.0065585656979094825,0.0031386914907807067,0.004954453584669789,0.0038925206013999264
"{SW_IN_POT, SW_IN_POT_daily, LST_Night, PFT}",1.1733178994078282e-05,0.07403189024823222,0.07112670679100087,0.08817615153873809,-0.4748674292663944,0.010924759749555354,0.00225776054205562,0.0038953648454699563,0.0014532725203989794,0.0064979701875617635
"{VPD, SW_IN_POT_daily, LST_Day, LST_Night, EVI, NIRv}",1.2313489987537864e-07,0.08407456316716351,0.07249759661190794,0.08732989724447054,-0.42750072063496897,0.0010413083891143565,0.001962065509627159,0.0012731835816901932,0.001137453286384274,0.0016976175135230837
"{TA, SW_IN, dSW_IN_POT, NDWI_SWIR2}",2.2472975045086878e-07,0.0635031058923748,0.05813192118036055,0.06613699616851273,-0.025481795025401394,0.0015785553870034177,0.0027570875343757364,0.001704340095829912,0.0025339330367915025,0.0024649935899037773
"{TA, SW_IN, dSW_IN_POT, LST_Night, EVI}",2.4533062072206797e-07,0.06233744995692453,0.05349688582382532,0.06400361809781793,-0.09288808592235143,0.0017036738848084237,0.001604259237937021,0.0012941327978836098,0.0011326675447869555,0.0025598367804114813
"{TA, VPD, SW_IN_POT_daily, LST_Night}",5.1873278000455385e-06,0.09432620812783103,0.07883052622348868,0.10603747067967731,-1.2006680731947197,0.007407340503476634,0.0007072970062063089,0.0024490234758156176,0.0026703754593089823,0.00454543356708112
"{SW_IN, SW_IN_POT, dSW_IN_POT, LST_Night, EVI, NDWI_SWIR2, PFT}",1.128204453020073e-06,0.055295227332746624,0.052359578518914346,0.05904521521504894,0.05372855313764585,0.0016769882689766022,0.0023353088574706235,0.0014784495869492945,0.0007408372573329408,0.003889357933207674
"{VPD, LST_Night}",3.973413020369556e-05,0.10855728932069725,0.09018762334360518,0.13116577599079665,-1.5542860990057985,0.018227471275087823,0.0012570203548146058,0.0014533053749298808,0.00416390634238141,0.004363781598894695
"{VPD, SW_IN, SW_IN_POT_daily, dSW_IN_POT_daily, EVI, NDWI_SWIR2, PFT}",1.9357448146112906e-06,0.05470118922769076,0.053308111669715254,0.05769391132767029,0.13598053066912616,0.0021178807545341807,0.0031270062149562627,0.0016302437218670071,0.002827698411131792,0.00564630263309876
"{TA, SW_IN_POT, SW_IN_POT_daily, dSW_IN_POT, LST_Day, LST_Night, NDWI_SWIR2, PFT}",1.4923881541055724e-06,0.06166554821334392,0.05999247766082172,0.07270401010890001,-0.10804966763686262,0.0028118291458320427,0.0027794052537413252,0.002839551639412276,0.0005298398391122075,0.00434962450805404
"{TA, VPD, SW_IN_POT, SW_IN_POT_daily, dSW_IN_POT, LST_Night, EVI, NIRv, NDWI_SWIR2, PFT}",2.127498448656287e-06,0.05761829211483342,0.054140360266290294,0.06545654772358528,0.02689636617773831,0.0019378006669946157,0.0028217471116453174,0.0023470985228013913,0.00055921877476766,0.005036950763499581
"{TA, VPD, SW_IN, dSW_IN_POT_daily, LST_Night, EVI}",5.990688339098961e-08,0.061264261786123826,0.051301534631700056,0.06811118262784781,-0.29162065731926806,0.001931142424513116,0.0018662272155042792,0.0014449238088680844,0.0017053485070588,0.0021824904149666396
"{VPD, SW_IN, SW_IN_POT, dSW_IN_POT, LST_Day, LST_Night, NIRv, NDWI_SWIR2}",5.934451423219443e-07,0.05689045710686945,0.05166189436803681,0.05810528990096306,0.06317315921055482,0.002549203658951428,0.002145735117939279,0.002527738012948137,0.0006781681566318462,0.0028563138318860315
"{TA, SW_IN, SW_IN_POT, dSW_IN_POT, LST_Day, NIRv, NDWI_SWIR2, PFT}",1.6977387391058333e-06,0.05459235280738697,0.05373885065488232,0.058885918668415305,0.08089391987912531,0.001981207748809069,0.002929420086384353,0.0013725842239079508,0.00090216441133293,0.004578323670855464
"{SW_IN, SW_IN_POT, SW_IN_POT_daily, LST_Day, LST_Night, EVI, NIRv, NDWI_SWIR2}",5.357313593994102e-07,0.05773086903466739,0.053401940584228355,0.05900890793824709,0.0634668445002936,0.002225711541581743,0.002041902670772741,0.0016298153404785964,0.0009991393960521733,0.003220632570316226
"{TA, SW_IN_POT_daily, dSW_IN_POT, dSW_IN_POT_daily, NIRv, NDWI_SWIR2}",5.897758150256215e-07,0.07716221659865358,0.07000653712113777,0.09847232753941237,-0.5741805568543817,0.0013910659401328712,0.0024588835633470585,0.0030298676744271863,0.003299116562317586,0.0035485455769098118
"{VPD, dSW_IN_POT_daily, LST_Day, NIRv, PFT}",5.381738395126846e-07,0.08218454015406419,0.0773649598356446,0.08573804254524323,-0.3964640984335901,0.0006260958811945272,0.00240845464633338,0.00150494373329485,0.0018394434329384104,0.002725289101202441
"{VPD, SW_IN_POT_daily, dSW_IN_POT, LST_Night, EVI, NDWI_SWIR2, PFT}",2.5602946691729056e-06,0.07007976229535484,0.06267437814802415,0.07482662192217379,-0.08140237429487046,0.001829784878191132,0.0019294822127707556,0.0011726009686148786,0.0031708342017709584,0.005685375425520861
"{TA, VPD, SW_IN_POT_daily, dSW_IN_POT, EVI, NIRv}",3.4702708943460787e-07,0.0764178564459864,0.06389816753469886,0.08303247458383953,-0.2139340870603592,0.0022947636902065777,0.0022953761080092977,0.0033060110692777755,0.0038108157404495926,0.0028058875659378313
"{TA, dSW_IN_POT, EVI, NDWI_SWIR2, PFT}",1.1477715940997338e-06,0.07736408103519817,0.07148688758929451,0.09212305577838789,-0.28621989598455433,0.0018627544332925766,0.0028678276861862084,0.0036723409930510126,0.002932532881352444,0.005092699824716412
"{SW_IN_POT, SW_IN_POT_daily, dSW_IN_POT_daily, LST_Day, LST_Night}",1.4476477484677586e-06,0.07192785757789018,0.0674147779065449,0.08892179048209263,-0.5329360464488236,0.004387075011885157,0.001209618716896968,0.0023808309988592874,0.001026820852580962,0.0019439287283815332
"{TA, VPD, EVI, NIRv, PFT}",5.292439144886033e-07,0.08454810911472556,0.076914483968809,0.09328125076413038,-0.4227952564933073,0.0010489456524499785,0.002834584422501202,0.0017988492378671755,0.0021947140337566923,0.003070741317047168
"{dSW_IN_POT, dSW_IN_POT_daily, LST_Night, EVI, NIRv, NDWI_SWIR2}",4.0117793522213764e-07,0.0845380844212515,0.08061538858912856,0.10572209889790199,-0.4078668532914489,0.0031244869005290637,0.003946050567368256,0.002954308409072487,0.004296391978299001,0.002605824071422
"{TA, VPD, dSW_IN_POT_daily, LST_Day, LST_Night, EVI}",9.640702252832445e-08,0.08350633628316227,0.07014282843572127,0.09889304967228685,-0.7388298282405202,0.0016471590733873193,0.001911265720985253,0.0015368927788270287,0.0010893218702368798,0.001948877432686305
"{TA, VPD, SW_IN, SW_IN_POT, SW_IN_POT_daily, dSW_IN_POT, dSW_IN_POT_daily, NDWI_SWIR2, PFT}",1.2509481209029954e-06,0.05510504586570426,0.05478498625785823,0.06176337402155563,0.07556966460675742,0.002861136956805642,0.0037154639953217578,0.0017090568893265295,0.001667400792872864,0.004528088918151277
"{TA, VPD, SW_IN_POT_daily, LST_Day, LST_Night, EVI, NIRv, NDWI_SWIR2, PFT}",5.363751791187508e-07,0.07888758109804266,0.07181208055761476,0.08680839880925031,-0.4313584812963769,0.00042329083230217834,0.0016373392248237445,0.0014056413841272986,0.0007831169224531975,0.00254011846242376
"{TA, SW_IN, SW_IN_POT_daily, dSW_IN_POT, LST_Day, NIRv, NDWI_SWIR2, PFT}",1.6340631555686365e-06,0.05436396397817974,0.054679294593450105,0.05949519986424969,0.11441459325402335,0.0019124473331234779,0.0033677247406843774,0.0018036869893694185,0.0012370710806491186,0.004748829790898135
"{SW_IN_POT_daily, dSW_IN_POT, EVI, NIRv}",7.43595837546459e-06,0.0897450934589569,0.08348151136081058,0.09832984631462435,-0.15038051079922446,0.002799919657198821,0.006944081018326512,0.0035529458022490745,0.010472983803284458,0.006228759043918036
"{SW_IN_POT_daily, dSW_IN_POT_daily}",6.207120855098841e-08,0.11217785161858677,0.10308715812750766,0.11785190929169334,-0.8421872944154103,0.0009307058217929848,0.0005584648156103933,0.00023362514655354827,0.00031446046377900383,0.00036614926129616143
"{TA, SW_IN_POT_daily, LST_Night, NIRv, PFT}",1.4189494976062945e-06,0.08648837922688593,0.08591916129533739,0.10724857064072295,-0.6226866033431426,0.0007117424639138392,0.0024937471351300228,0.00324715247120827,0.0009640507968967232,0.0036734572587447667
"{SW_IN_POT, dSW_IN_POT}",1.0328964184152322e-05,0.08402653761006292,0.07751974133787808,0.08504796022013238,-0.532720490457563,0.009380921927369362,0.0007348502006052776,0.003977170030840568,0.0014030701666350384,0.0064595958680706556
"{SW_IN, dSW_IN_POT, dSW_IN_POT_daily, EVI, NDWI_SWIR2, PFT}",1.437254498644976e-06,0.05619093079111338,0.054185484325056446,0.0625197510702031,0.10174884675432376,0.002460955291147926,0.0030478901489837326,0.0016251353514371084,0.0023688982475538953,0.005151456346305608
"{TA, VPD, SW_IN_POT_daily, dSW_IN_POT, LST_Day, LST_Night, EVI, NIRv}",1.1497379137966868e-07,0.07364402215117109,0.06315671254583505,0.08069036182079127,-0.15724527712933098,0.002425822988517623,0.0019901699538230344,0.002926487858856644,0.0021759266072755787,0.0026968309694579
"{SW_IN, SW_IN_POT, SW_IN_POT_daily, dSW_IN_POT_daily, LST_Day, EVI}",1.792825382629554e-07,0.06069526285971688,0.05620777508514119,0.06175426493872742,0.09530765363769554,0.002069608520921716,0.0020133728840876705,0.00159972685872041,0.0012586721567679413,0.0024950916137101153
"{TA, SW_IN_POT_daily, NIRv}",1.2235883359880643e-06,0.09488590505255612,0.08420952653677134,0.11392356032906995,-1.3012346907771615,0.00039682880234931384,0.0017242236973977615,0.0029408918155338915,0.002948114223741291,0.0005501206947210319
"{SW_IN_POT, SW_IN_POT_daily, dSW_IN_POT, dSW_IN_POT_daily, LST_Day}",5.0487982612173395e-06,0.07320923231462775,0.06894816074366654,0.07496862929865628,-0.10767902763669072,0.005420425285975458,0.0005821260780085602,0.0036660584717727457,-5.054844176872325e-05,0.004956070422308806
"{SW_IN, SW_IN_POT_daily, dSW_IN_POT, LST_Day, EVI, NIRv}",3.298312526293102e-07,0.06027045967978475,0.05400102819578987,0.06193215146260414,0.08453740330702098,0.002715364821258892,0.0017138611556112918,0.0018702082928592004,0.001159131451100144,0.0025760800811793216
"{SW_IN, SW_IN_POT_daily, dSW_IN_POT, EVI, PFT}",1.4186795866153965e-06,0.05899343792723141,0.05965115720883034,0.06351551902172481,0.11237104777834817,0.0024281183282042415,0.003324449925984775,0.001350628279357162,0.002834505667590477,0.004978552185489538
"{SW_IN_POT, dSW_IN_POT_daily, LST_Day, LST_Night, EVI, PFT}",1.23113669175466e-06,0.0648078293487037,0.06539932828716723,0.07094940641964761,-0.0355981768047627,0.0015420131938034473,0.0023707861130446567,0.0016309386960808858,0.0005682986664975742,0.0039032922116723073
"{SW_IN_POT, LST_Day, LST_Night, EVI, NDWI_SWIR2}",3.967927462679785e-07,0.06773356590246465,0.06702255352552583,0.0740443171707854,-0.13516817391557986,0.001635236228771264,0.002318728672741882,0.0025510749096762098,0.001168521240722642,0.0029063953674778598
"{TA, VPD, dSW_IN_POT, dSW_IN_POT_daily, EVI, PFT}",1.5602468152399568e-06,0.07151514096373036,0.06431557300272951,0.07966152856220893,-0.11495658451977109,0.00201767445739532,0.002709991923416588,0.0022822465292104827,0.0030663515768593053,0.0055102579670783525
"{TA, SW_IN, SW_IN_POT, SW_IN_POT_daily, LST_Day, LST_Night}",3.1888358048449773e-06,0.06547537351008001,0.05731848599214763,0.06737517333290943,-0.10840849339019558,0.005853192618178217,0.0007884268376407016,0.003338733628125347,0.0013698480873586202,0.0022832050082071953
"{SW_IN, SW_IN_POT_daily, dSW_IN_POT, LST_Day, EVI, NDWI_SWIR2, PFT}",1.1670177987250509e-06,0.05519066430080457,0.05377027974405042,0.06045353880516308,0.15834478242174946,0.0023358644253118413,0.002780213914511845,0.001367226534661821,0.0014239967819021648,0.004317636333700761
"{VPD, SW_IN_POT_daily, dSW_IN_POT, LST_Day, LST_Night, NIRv, NDWI_SWIR2}",4.6072828393211745e-07,0.07300138308390826,0.06394654434958638,0.07179103754152229,-0.064034046851687,0.0017592678216471896,0.0023679783327002213,0.0024571857198789904,0.003674214831437768,0.0032480709019296616
"{VPD, SW_IN_POT_daily, dSW_IN_POT, NDWI_SWIR2}",1.2509168120017255e-05,0.08008558705266809,0.06997818701831841,0.07461542606474347,-0.07830973029170742,0.0030284374975017014,0.004561521747889888,0.002969279472514255,0.012385231608483024,0.004167470343802507
"{VPD, SW_IN, SW_IN_POT_daily, LST_Day, PFT}",8.70211000368352e-06,0.06584610716284456,0.06210462055863966,0.06514130025265792,-0.08429575057077554,0.007490980185209856,0.0026135344286170106,0.0033745764311839954,0.0018458025463842995,0.009363350186028824
"{TA, SW_IN_POT, SW_IN_POT_daily, LST_Night, EVI, NIRv, PFT}",3.248500580375656e-06,0.06229307333459008,0.06036276002191754,0.06826078742223747,-0.030718092019019077,0.0017540883681138944,0.002686373874107341,0.003080610865080359,0.0004594149187586577,0.005895425555780959
"{TA, VPD, SW_IN, SW_IN_POT, SW_IN_POT_daily, dSW_IN_POT_daily, LST_Day, NIRv, PFT}",2.4977173677434224e-06,0.054650490139003104,0.05204900208906488,0.057145051981898905,0.10301351625527096,0.0017316520214907746,0.0029325489197391114,0.0016657601108141518,0.0010443145371581627,0.005487015148035804
"{TA, SW_IN, SW_IN_POT_daily, dSW_IN_POT, dSW_IN_POT_daily, LST_Night, NIRv}",1.5845233081447022e-07,0.059810060555368166,0.05213938324815888,0.06929037165851279,-0.34307181161785927,0.001841087417601868,0.0018077016904538348,0.001385695602846071,0.001067480046683715,0.0022180416343458853
"{VPD, SW_IN, SW_IN_POT, dSW_IN_POT, LST_Day, LST_Night, NIRv}",3.659167686424507e-07,0.05898913656737885,0.051922614223112076,0.06088385134408214,0.04234452040066039,0.002382449799548568,0.0013134948271466135,0.002395178834604078,0.0008559803088099491,0.0019107978314630014
"{TA, VPD, dSW_IN_POT, EVI, NDWI_SWIR2}",1.0524877962176283e-06,0.07665988259466988,0.06647199999415956,0.07921668930493911,-0.04883473767816995,0.0016068931331959246,0.003083547253410285,0.002933983660515241,0.00412834860775823,0.004539935846524332
"{SW_IN, dSW_IN_POT, EVI, PFT}",1.4250096248579075e-06,0.06154679059671655,0.05992837543530172,0.06365924240242428,0.10810452826042656,0.0018480730890042124,0.003852061536744382,0.0010338516495583538,0.001965324293852086,0.004065412267641552
"{TA, VPD, SW_IN, SW_IN_POT_daily, LST_Day, PFT}",2.646459794335158e-06,0.06080159818841103,0.054260267954054794,0.06645851147033868,-0.03409929421106874,0.004324264852278645,0.002602843220186238,0.002604468954044821,0.0012941038779138922,0.005984971356529062
"{VPD, SW_IN_POT, SW_IN_POT_daily, dSW_IN_POT, dSW_IN_POT_daily, LST_Night, EVI, NIRv, PFT}",1.4864140827884067e-06,0.05807614463033493,0.05377203477654796,0.06630534156134137,0.03280134234399699,0.0016721096311917288,0.0021130031954466194,0.0018257770431596987,0.0009871044879748783,0.004553565263101481
"{VPD, SW_IN_POT, LST_Day, EVI}",3.678733786912849e-07,0.06799504949880641,0.058478407812778084,0.06753048322145616,-0.0026769210390992595,0.0019585614031975007,0.0018131677674183763,0.003307211302321769,0.0016997425896585969,0.0017539690813561382
"{TA, VPD, SW_IN, SW_IN_POT, dSW_IN_POT_daily, NIRv, NDWI_SWIR2, PFT}",2.439281152178601e-06,0.05421853602596501,0.05230831103637018,0.05718844802484192,0.11045413416839073,0.0021522962371712043,0.0033913275545572885,0.0015034958193172396,0.0019311794600643042,0.005819738025054602
"{TA, VPD, SW_IN, SW_IN_POT, dSW_IN_POT_daily, NIRv}",5.528334616657148e-08,0.06208845172389988,0.051321569562601435,0.06069302244073683,-0.06661358551973662,0.0022047942399394116,0.0019543576579156216,0.0020372596102183477,0.00178583643307937,0.002476728924455468
"{TA, SW_IN, SW_IN_POT, LST_Day}",2.609522279348325e-06,0.070895743362779,0.057045217750547675,0.07111754054913577,-0.2738911890664066,0.005424026946863808,0.0015479487620692137,0.0023968997991659496,0.0007461743955319844,0.001731853236335762
"{SW_IN, SW_IN_POT, SW_IN_POT_daily, LST_Day, EVI, NIRv, NDWI_SWIR2, PFT}",1.2111810891138406e-06,0.0558548309695613,0.05419116262567403,0.06012585414616393,0.14943628826435776,0.002403630710640134,0.0028085932709028608,0.0013211602308578554,0.0010059615072639458,0.0040766619394903
"{VPD, SW_IN_POT, SW_IN_POT_daily, dSW_IN_POT, EVI, PFT}",1.4705672692838334e-06,0.06008566776915971,0.05641189155992878,0.062330643982542594,0.11132324003711729,0.0018040095392615266,0.0024657379927308792,0.001698855211862145,0.0010704437734044697,0.004582350676851296
"{VPD, SW_IN, LST_Night, EVI}",1.918813397691549e-07,0.06445915383578113,0.05308332684341899,0.06513058612425816,-0.13390063621142498,0.001848929719311651,0.0016072454457697685,0.0007865922346663168,0.0018273536024451323,0.002031426376060755
"{SW_IN_POT, dSW_IN_POT, LST_Day, NIRv, NDWI_SWIR2, PFT}",1.2149210657627287e-06,0.0644959884636521,0.06687920578366542,0.06902873588108344,-0.024868274083779507,0.0019691570489155097,0.00234198825236466,0.0020949098499859348,0.00047512026595491336,0.003938224789112085
"{VPD, SW_IN_POT_daily, dSW_IN_POT, dSW_IN_POT_daily, LST_Day}",1.6985501607952506e-06,0.08063708202322224,0.07087191268800938,0.07876386235315538,-0.12866467595382905,0.0037363879065353822,0.0017791834958845593,0.0018791635398070078,0.004417466409029486,0.004954119555212841
"{VPD, SW_IN, LST_Day, EVI, NIRv, PFT}",1.5216369817178686e-06,0.056974535402242656,0.054494891999174774,0.06029350284963763,0.12062831979912297,0.0016929697812850045,0.002617272523162642,0.0015069635323340103,0.0010735501617492108,0.0045376275620148815
"{dSW_IN_POT, dSW_IN_POT_daily, LST_Day, LST_Night, EVI}",9.175079628403087e-08,0.08493768759417981,0.08049893439244438,0.10556102039280431,-0.42720079064852595,0.0020124210207364407,0.0025163334785577862,0.0029476628153370654,0.002625772172006942,0.0024310488585319867
"{VPD, SW_IN, SW_IN_POT_daily, dSW_IN_POT, dSW_IN_POT_daily}",1.0443195400408513e-05,0.07150207876999058,0.06251626013902795,0.07240019589319413,-0.26453903412645413,0.008495380950574297,0.001223015053614225,0.002695066400255672,0.003254230385038581,0.009168644905653861
"{SW_IN, dSW_IN_POT, dSW_IN_POT_daily, LST_Night, NIRv, NDWI_SWIR2, PFT}",1.0482725705701108e-06,0.05462245844389854,0.053616328741639636,0.06038129692229827,0.02010337043220452,0.0016056209098672045,0.0030010571134261033,0.0016688443131408978,0.0010855611337748025,0.0038527021383610444
"{TA, SW_IN_POT, dSW_IN_POT, dSW_IN_POT_daily, LST_Night, EVI, NIRv, NDWI_SWIR2, PFT}",1.53814672645317e-06,0.06007910327219335,0.05905871755892418,0.0699693938959475,-0.09009887283773821,0.001846442141269028,0.0027379259040375345,0.0017491223067778797,0.0004463869844378507,0.004199500424434857
"{SW_IN_POT_daily, PFT}",3.64546792873295e-07,0.11330182402579676,0.10675915188622757,0.12651411468629362,-0.8111202258456456,0.00016427152467739237,0.0004417084923685338,0.00022427243678138642,0.0016219442407278961,-0.00011406700482133325
"{VPD, SW_IN_POT, SW_IN_POT_daily, dSW_IN_POT_daily, LST_Day, LST_Night, EVI, NIRv, NDWI_SWIR2}",6.162184337812497e-07,0.06018949051554912,0.05583070684486037,0.06614555804227307,0.002354194542048327,0.0021270400341425674,0.002611974618229408,0.002474474157219117,0.00203900695752543,0.004202561426961987
"{VPD, SW_IN, SW_IN_POT, dSW_IN_POT, dSW_IN_POT_daily, LST_Day, LST_Night, EVI, NIRv}",1.2763524681295357e-07,0.05735752571808413,0.05062854089507755,0.06061692098174258,0.05446480046785218,0.002155486384184231,0.001484707856490984,0.0018727982445530256,0.0013290473052443297,0.002231727730506783
"{TA, SW_IN, SW_IN_POT_daily, dSW_IN_POT, LST_Day, EVI, NIRv, PFT}",1.695325560604007e-06,0.05523278539264205,0.05380052780632262,0.059596964084369486,0.14590610634150672,0.0015247660060753523,0.0026717546887457325,0.0016467967213324303,0.0008370413011446684,0.00457647572552404
"{VPD, SW_IN_POT_daily, dSW_IN_POT_daily, NIRv, PFT}",1.2863835514383817e-06,0.08242399826565157,0.07786154113001044,0.08618100916052458,-0.4451458745712979,0.00021096965129592526,0.002890255249157106,0.0009284676269218084,0.0021346729159575292,0.0031669772330258916
"{dSW_IN_POT, dSW_IN_POT_daily, LST_Day, LST_Night, EVI, PFT}",3.1342696998969996e-07,0.08191997657360917,0.07908439002495343,0.10094511110415766,-0.27472714810382287,0.0024337182672495017,0.002065616130445244,0.0024273029732343465,0.002232467688517023,0.0036471496086753347
"{VPD, SW_IN, SW_IN_POT, dSW_IN_POT, dSW_IN_POT_daily, LST_Day, LST_Night, NDWI_SWIR2}",1.030317677995132e-06,0.05826600432182457,0.05443791883503265,0.06411863424396497,-0.04582739263717667,0.004103020711486945,0.0014823849333505668,0.0022130609535180867,0.0012291988491883662,0.001930072355090573
"{VPD, SW_IN_POT, SW_IN_POT_daily, dSW_IN_POT, dSW_IN_POT_daily, LST_Night, NIRv, PFT}",1.9355982492046e-06,0.058545681220405155,0.054152707288248295,0.06630211798326957,0.0034535282014424573,0.0019456124307975012,0.002154528801669005,0.002144200864851835,0.0009568379512482558,0.005098343955667967
"{VPD, SW_IN, SW_IN_POT, dSW_IN_POT, LST_Day}",8.39625220142365e-06,0.07072507818452582,0.060951255252939124,0.07201628854373959,-0.29227479720952615,0.009221845733960912,0.0016361160052698262,0.0034937520772095193,0.0011771348682867305,0.004975533931112011
"{VPD, SW_IN, SW_IN_POT, dSW_IN_POT, dSW_IN_POT_daily, LST_Day, EVI, NIRv, NDWI_SWIR2, PFT}",1.970051838284841e-06,0.053555838946108804,0.051508068458735456,0.056048195375630355,0.13950165857981184,0.0026213124011218517,0.0024532024730221716,0.0012381347038785129,0.0010609698039005591,0.0049848036861920575
"{VPD, SW_IN_POT, SW_IN_POT_daily, dSW_IN_POT_daily, LST_Night, NDWI_SWIR2, PFT}",1.3395730736968768e-06,0.05946976521408073,0.057228476875583995,0.07187715260294561,-0.004414634986927439,0.002373027607111812,0.0035774279572025613,0.002405374367935406,0.002549651790259802,0.005399020649487191
"{TA, VPD, SW_IN, SW_IN_POT_daily, dSW_IN_POT, LST_Night, NIRv, PFT}",2.2788536860832687e-06,0.05486382274052995,0.052054772736768756,0.058575832291655666,0.09157814768401591,0.0015215569229952083,0.002358408470119276,0.0014818654072946136,0.0008203114721719723,0.005116762111902054
"{SW_IN_POT, dSW_IN_POT_daily, LST_Day, LST_Night, EVI, NDWI_SWIR2, PFT}",1.1832590121120819e-06,0.06381082052205034,0.06546430163284314,0.06939703502226874,-0.034551784788391604,0.0016886638567075035,0.002150421329223995,0.0016297110598513243,0.0005997136037605155,0.003923235821799598
"{TA, VPD, SW_IN, SW_IN_POT, SW_IN_POT_daily, dSW_IN_POT_daily, LST_Day, LST_Night, NIRv, NDWI_SWIR2}",1.1455022622009167e-06,0.056234187920730955,0.05135775830395615,0.058012074790896935,0.047253271869002265,0.0031123965490800695,0.002400687670291654,0.0019430030901277442,0.0014225967606101425,0.004507113064511542
"{VPD, SW_IN, SW_IN_POT_daily, dSW_IN_POT_daily, LST_Night, EVI, NIRv, PFT}",1.4646643234148774e-06,0.05452099439425659,0.05259852248482006,0.057350658364033726,0.08405753854055487,0.0014251065421490433,0.002165267571266047,0.0013724855981988582,0.0013578354558262049,0.004509416934931579
"{TA, VPD, SW_IN, SW_IN_POT, SW_IN_POT_daily, dSW_IN_POT, dSW_IN_POT_daily, LST_Night, NIRv, NDWI_SWIR2}",4.97993108334816e-07,0.05590983185876289,0.05119854155819457,0.05867258061051457,0.00796924117405623,0.002601410620351685,0.002069589842934462,0.0023285236065471934,0.001198425405691296,0.003364199537750176
"{TA, SW_IN_POT, SW_IN_POT_daily, dSW_IN_POT, dSW_IN_POT_daily, LST_Night, EVI, NDWI_SWIR2, PFT}",1.6096034488985563e-06,0.060084275898652756,0.05859480808790322,0.07062716688996801,-0.12372668838230944,0.00235819888452915,0.0027741160653238367,0.0018870526247398364,0.00031323536829780396,0.0042242482339027165
"{dSW_IN_POT, LST_Day, NIRv}",8.546700017194151e-07,0.09198960060951479,0.08299266965191804,0.10055536030844721,-0.2659981759668488,0.0023655252200736193,0.004365940933097584,0.004821526510809707,0.004591665104616269,0.0032876763833054323
"{SW_IN, SW_IN_POT, SW_IN_POT_daily, dSW_IN_POT, LST_Night, PFT}",1.4153207094591172e-05,0.06401359314641566,0.05935159690285834,0.08026413657389597,-0.45376514231660253,0.011454459454903664,0.0025611827293117034,0.002573816098764198,0.00120590212816378,0.006710399543651158
"{TA, VPD, SW_IN, SW_IN_POT, dSW_IN_POT, dSW_IN_POT_daily, LST_Night, NIRv, NDWI_SWIR2}",4.185780206200293e-07,0.056087963792861927,0.05129703800383496,0.05883065611673019,0.010467352233029081,0.0025555302444769112,0.002227999980491231,0.002144088903262932,0.0011900773755100028,0.003179977854858601
"{VPD, SW_IN, SW_IN_POT, SW_IN_POT_daily, LST_Night, EVI}",1.3276193178373033e-07,0.061662205420299994,0.05221905269916358,0.06513953050774252,-0.12124232716764365,0.002078915855922403,0.0017406607953121336,0.0011012041660239877,0.00180549690096736,0.0021149454637066356
"{dSW_IN_POT_daily, LST_Night, NIRv, NDWI_SWIR2, PFT}",1.9986367406714746e-07,0.10452681718497274,0.09316440180429808,0.12408075314153191,-1.1214161767780464,2.9846350933393495e-05,0.001315510449414109,0.0002596954602376994,0.0002550887061186641,0.00044327096190610593
"{SW_IN, SW_IN_POT_daily, dSW_IN_POT, EVI, NDWI_SWIR2}",2.455744877575963e-07,0.060788151421037155,0.059117081219750595,0.06202060831798706,0.07871731575603823,0.0035544297955122928,0.0038957408940969163,0.002588294441757219,0.003689575676563299,0.003955989530475587
"{TA, SW_IN, SW_IN_POT, SW_IN_POT_daily, dSW_IN_POT, dSW_IN_POT_daily, LST_Day, LST_Night, EVI, NIRv, NDWI_SWIR2, PFT}",1.4069094973823086e-06,0.05317061319516609,0.050612904856891114,0.058627281060214614,0.06696711709654095,0.002336665028357561,0.002595078138677799,0.0016195419059330182,0.0007496698292022153,0.004320528856296947
"{SW_IN, SW_IN_POT_daily, dSW_IN_POT_daily, LST_Day, LST_Night, EVI}",2.804374737167155e-07,0.05941159901465275,0.052404846111833076,0.06339428176835724,-0.007807988689132443,0.002192858391650482,0.0016900003525945548,0.0010027941638565754,0.0007618575474008724,0.0018072078233807715
"{dSW_IN_POT, EVI, NIRv}",9.441813063744739e-06,0.09844173846924409,0.09152455569104365,0.10483194200998588,-0.18053196097794988,0.007918673870689397,0.01167195805798922,0.004132904829546397,0.01023985713937739,0.0042025622145843294
"{VPD, SW_IN_POT, dSW_IN_POT, dSW_IN_POT_daily, EVI, NIRv, NDWI_SWIR2, PFT}",1.949765807203929e-06,0.05766565689668824,0.05410735427819415,0.06199287586477586,0.07396078518536515,0.001693378716812445,0.0027888642620811158,0.0016584228312879826,0.0017177689829376425,0.005288985795665807
"{VPD, SW_IN, SW_IN_POT, SW_IN_POT_daily, NIRv, NDWI_SWIR2, PFT}",3.5235486003247727e-06,0.05580262308829385,0.05437251094735838,0.05735157019637943,0.1091012768628059,0.002473577353116485,0.004077729586932068,0.0016846581715209835,0.002207300412160683,0.006857356138637916
"{TA, VPD, SW_IN_POT, SW_IN_POT_daily, LST_Day, LST_Night, NIRv, NDWI_SWIR2}",8.591500623787972e-07,0.06135240291421783,0.05661363994410413,0.06620118638139992,0.0023421083938824547,0.0027173177767822396,0.002828843864762204,0.003594172621699289,0.0013596033377325373,0.004084929234915519
"{SW_IN, dSW_IN_POT, LST_Day, LST_Night, NDWI_SWIR2, PFT}",9.72231463262402e-07,0.05743296319412504,0.055672884034861675,0.0663214794767682,0.0009849328176926297,0.0025722801298510498,0.00359115043931095,0.0015547470608982261,0.0013613268804322093,0.003722060694222859
"{SW_IN, LST_Night, EVI, NIRv, NDWI_SWIR2}",3.3714942446512914e-07,0.06008230288214728,0.054614432372772546,0.06115143410169249,0.030228021058518312,0.0014841562214157472,0.0025054555730608455,0.0012876375638477058,0.0020785314338839095,0.0028099589418120047
"{VPD, LST_Night, NIRv, PFT}",1.0297035423265297e-06,0.085513361859194,0.07790547606984208,0.0845418535204318,-0.45438067102946206,0.0004436517643705701,0.0031541176134541327,0.001949855532097547,0.0018198789564152704,0.0031925078544298297
"{SW_IN, SW_IN_POT, LST_Day, LST_Night, EVI}",1.7620737202188893e-07,0.061326760583550084,0.05386635345453206,0.0624744580852133,0.04828740941918971,0.0019862739611543126,0.001215304171666938,0.0013627245539537744,0.0007506667985035173,0.0016831691739094268
"{VPD, SW_IN, SW_IN_POT, LST_Day, LST_Night, EVI, PFT}",1.9356241153407424e-06,0.05556871841721998,0.053024889361304596,0.058522714415708214,0.12262740007695128,0.0023333442800251986,0.002394789416088526,0.00131279053830137,0.000544586168259184,0.004671450414665726
"{SW_IN, SW_IN_POT, LST_Night, EVI, NIRv, NDWI_SWIR2}",3.641229199120458e-07,0.05945844390070059,0.05428556659257459,0.06081407240136457,0.024215192339977487,0.0014785489120249934,0.002540605928437925,0.0016077785555261292,0.00204307679733276,0.0031049255135696396
"{SW_IN, dSW_IN_POT, LST_Day, LST_Night, PFT}",2.7703058767864583e-06,0.06318932464540594,0.057901039548460445,0.07120682669490488,-0.22023027036396717,0.005947483031603723,0.004267231927017223,0.0023251854564972363,0.001410150550469516,0.0048684884640703835
"{TA, VPD, SW_IN, SW_IN_POT, dSW_IN_POT, dSW_IN_POT_daily, LST_Day, EVI, NIRv, PFT}",1.660941543407009e-06,0.05415984046242971,0.050979215231217595,0.05822156389222753,0.14006906947049555,0.0017111425740918285,0.0023512278423879485,0.0015325898161429874,0.0007265956785373201,0.004530425185451631
"{SW_IN_POT, dSW_IN_POT_daily, LST_Day, LST_Night, PFT}",1.887025623739729e-06,0.06943085377228593,0.06677256462627978,0.08096750461178309,-0.28424451804951717,0.005034950621481418,0.0029625297556217373,0.003177477883942584,0.0011438331554451953,0.004596789358165529
"{SW_IN, dSW_IN_POT, EVI, NDWI_SWIR2, PFT}",1.639710961606642e-06,0.05882522882651406,0.05611499682620158,0.061845449036476124,0.0841168249825942,0.002865145680982867,0.0033368288722516667,0.001227248013836231,0.0018555415284622137,0.0049330885951419795
"{SW_IN, dSW_IN_POT, dSW_IN_POT_daily, LST_Day, EVI, NDWI_SWIR2, PFT}",1.4181085585764433e-06,0.054773903807861526,0.0526602866785504,0.06018952416342388,0.14440367009910463,0.0025808482724463608,0.002471980003933061,0.0011614849429405147,0.0014626355617861353,0.004556616442583511
"{TA, dSW_IN_POT_daily, LST_Night, NDWI_SWIR2, PFT}",5.696170033255086e-07,0.08635333558177487,0.0843826494346527,0.11042163498265481,-1.241048567071438,0.0009695046058108281,0.0024622163721240986,0.002792252950744159,0.0016664587287631427,0.0029952316395339407
"{VPD, SW_IN, dSW_IN_POT_daily, LST_Day, EVI, NDWI_SWIR2, PFT}",1.562817630891652e-06,0.05438090108002108,0.05265203027234057,0.057014746221281186,0.11390787017912198,0.002465909466098419,0.0028508884404732024,0.0013452162841509005,0.002045473922685538,0.005042035778296136
"{TA, VPD, SW_IN, SW_IN_POT_daily, dSW_IN_POT, dSW_IN_POT_daily, LST_Day, LST_Night, EVI, PFT}",1.2861619873342402e-06,0.05388349588213431,0.050980762795533624,0.057551596838237046,0.11722875552489258,0.002039269479619514,0.0025427875382913467,0.0014782318021797289,0.0007614745290021041,0.004122960883657323
"{SW_IN, dSW_IN_POT}",2.2705907110397082e-05,0.08687446098922406,0.07574129352479753,0.08744668437479217,-0.5951273369912751,0.014795348623358351,0.0027647201722862114,0.002651560118177368,0.0032757772513104313,0.008858612216577896
"{TA, VPD, SW_IN, SW_IN_POT, SW_IN_POT_daily, dSW_IN_POT, dSW_IN_POT_daily, NIRv, PFT}",2.1108582081510366e-06,0.05456633641248874,0.050674047068792194,0.05920019958464186,0.09036104035696423,0.0017304429769785037,0.0022789381886092336,0.0014671060141144693,0.0008489408264748255,0.005026636046575481
"{SW_IN_POT, dSW_IN_POT_daily, LST_Day, LST_Night, NIRv, NDWI_SWIR2, PFT}",1.3871040179861205e-06,0.06394342525828844,0.06609502358638067,0.07024890883646821,-0.08016970110759851,0.0018360510991619339,0.0022227032282504805,0.001811562801144015,0.0004527314968978402,0.004113679742743556
"{VPD, SW_IN_POT_daily, LST_Day, EVI, NIRv, PFT}",3.6388653515774166e-07,0.08155005877512488,0.07454692249725207,0.08148168846314649,-0.2871555065869618,0.0007428812092148962,0.002331922545406151,0.0012188610885257023,0.0015995855135944662,0.0022381664971269644
"{TA, SW_IN_POT, dSW_IN_POT, LST_Night, EVI}",3.491981507399002e-07,0.06770792769694588,0.0594357392722304,0.07972216672500533,-0.4193679631302503,0.00113176264353268,0.0014803510159702854,0.002263271589084778,0.0009312499686341541,0.002395913330605265
"{VPD, SW_IN_POT_daily, LST_Day, LST_Night, EVI, NIRv, NDWI_SWIR2, PFT}",3.6133672816938406e-07,0.0799540634454709,0.07273296888215275,0.08366668749826721,-0.37142860806000105,0.00013976042843812098,0.0014664091523396983,0.0014571940174472053,0.0009339130894358144,0.0018907660490129208
"{VPD, SW_IN, SW_IN_POT, dSW_IN_POT, LST_Day, LST_Night, EVI, PFT}",1.741745212376199e-06,0.054926574156544575,0.05312317946092002,0.058649354101614315,0.13120654082720615,0.002324523575161365,0.0020278707801966306,0.0013597952940834004,0.00029083089042108295,0.004299972516907613
"{TA, SW_IN, SW_IN_POT, dSW_IN_POT, dSW_IN_POT_daily, LST_Day, LST_Night, NIRv}",2.7144734312388424e-07,0.05800273110066977,0.051914691976284476,0.0633147277499851,-0.029366822094284522,0.002056210796566052,0.0016219486525118065,0.0019082017342218621,0.0008374805462952675,0.0023743553195912787
"{SW_IN, dSW_IN_POT, dSW_IN_POT_daily, LST_Day, LST_Night, EVI, NDWI_SWIR2, PFT}",8.240351032310432e-07,0.054195934934852405,0.05110396141810008,0.059328444430376506,0.06663000745414277,0.002201031298442853,0.0026749580470270193,0.0015676064236631246,0.0010265553024515206,0.003656329174002562
"{TA, SW_IN_POT_daily, dSW_IN_POT, dSW_IN_POT_daily, LST_Day, LST_Night, NIRv, NDWI_SWIR2}",1.7995201355345598e-07,0.07545537094426631,0.06807019529782404,0.0984067357780759,-0.5241065971391107,0.0017404248460589772,0.0020498502270209495,0.003016530848688012,0.0022448877428107583,0.0023909159950562947
"{VPD, dSW_IN_POT, dSW_IN_POT_daily, LST_Night, NIRv}",4.2995542682912995e-07,0.07709412341995867,0.06466154821884293,0.09055864374337025,-0.5350764514392808,0.002436047896784088,0.00244077213204022,0.0020357567720382524,0.0038470283829697208,0.0021237497130221217
"{NDWI_SWIR2, PFT}",2.8077212264463272e-05,0.12509970349862368,0.13493495187840193,0.12986583563315302,-0.8419744354148239,0.0013324096310938643,0.00968164714869399,0.0005001646749000499,0.014268053073144563,0.0034392479690646682
"{VPD, SW_IN_POT, SW_IN_POT_daily, dSW_IN_POT_daily, LST_Day, LST_Night, NDWI_SWIR2, PFT}",1.5710065176405942e-06,0.059018731701627046,0.056390170238832006,0.06885917171889933,0.03216234902907663,0.0026043203797828304,0.0038712317551378994,0.002622320092648872,0.0018558176707160756,0.005422011803101895
"{SW_IN, SW_IN_POT_daily, dSW_IN_POT, LST_Day, NDWI_SWIR2}",3.9578729340051423e-07,0.061487232002590375,0.05761291269176054,0.06204266158809408,0.0754230616678828,0.0028602692519203027,0.0032866725450690706,0.0020130750983300832,0.0014925315928996166,0.0025154908411248317
"{TA, dSW_IN_POT, dSW_IN_POT_daily}",1.7451690666512175e-05,0.09173421905125527,0.07960489609066487,0.1125871268376178,-1.0518967996859938,0.014256935105612503,0.0026169652995497034,0.004152716322079655,0.003943928853006103,0.005703938494522082
"{TA, SW_IN_POT, SW_IN_POT_daily, LST_Night, EVI, NDWI_SWIR2, PFT}",3.135386301448e-06,0.0612031259563239,0.059266696861653353,0.06740581333931965,-0.0019330860059289152,0.002048806903866697,0.0032768465758889337,0.002221570223349144,0.0005188783862303536,0.005857503585913207
"{SW_IN, SW_IN_POT_daily, dSW_IN_POT, EVI, NIRv, NDWI_SWIR2}",3.15237612185957e-07,0.060015455599093576,0.05821196178939507,0.06172006552941989,0.08663836252174296,0.003292691610244737,0.004064178990809859,0.002735041315921581,0.0036073678209814497,0.004319828237849668
"{TA, SW_IN, SW_IN_POT, LST_Day, LST_Night, EVI}",2.614261029832262e-07,0.06042715333569325,0.053310470327766105,0.06109641906332052,0.03660623512392652,0.002003526135037355,0.0013468528137954017,0.0019889180516835525,0.0009988531130523462,0.0024275493883883226
"{LST_Day, LST_Night, NIRv, PFT}",3.4898339787241925e-07,0.10557035490836322,0.08997828871581418,0.12162719355868143,-0.9249562742618237,0.0002573492780657549,0.0014536584418381182,-5.9881652640911276e-05,-6.91184720145871e-05,-8.263158839774687e-05
"{SW_IN_POT, dSW_IN_POT, LST_Day, LST_Night, NIRv}",4.282691366720443e-07,0.06794059504358595,0.0651172354954543,0.08069390522526043,-0.2930258483315511,0.0019462550540304824,0.0016393334510798052,0.002744131028010466,0.0007056322498622536,0.0018807728199455864
"{TA, SW_IN, SW_IN_POT, SW_IN_POT_daily, LST_Night}",2.3342959865187023e-05,0.07426710687688283,0.06217595749998871,0.0872742413487337,-0.6149644243362709,0.014369510793057719,0.0010139666808572437,0.003271119351880486,0.0021229085741005377,0.0067447998794830655
"{TA, SW_IN_POT, dSW_IN_POT, EVI, NIRv, PFT}",1.838464036599142e-06,0.06290366152704621,0.06042555028816215,0.07363867790172647,-0.08406170119822193,0.0014844041866176258,0.0025287526149155304,0.0029617391674115756,0.00027465853196324136,0.004283711276347843
"{TA, VPD, SW_IN, dSW_IN_POT, LST_Day, LST_Night, NIRv, PFT}",2.2179026717703405e-06,0.05515000490335182,0.052420091071493015,0.058841803226699074,0.08124723506345094,0.0017963716467120847,0.0024776515742759436,0.0013508130352602038,0.00040813752788043667,0.004830841453302093
"{TA, dSW_IN_POT, dSW_IN_POT_daily, LST_Day, NIRv, NDWI_SWIR2}",3.5230981476074075e-07,0.07720649039960881,0.07150773525871444,0.0983253325314396,-0.5201517181489416,0.0018802927326438401,0.002220299780895399,0.0032148152281739617,0.003053590743329934,0.0033952877686918015
"{VPD, SW_IN, SW_IN_POT, SW_IN_POT_daily, dSW_IN_POT_daily, LST_Night, EVI, NDWI_SWIR2}",3.5614684091116276e-07,0.057145346077990634,0.05340816407030808,0.0585494015982679,0.06870799380961988,0.002848265700392011,0.0024865325858171167,0.002077898022294758,0.0021605931864493028,0.0037215812125727665
"{TA, VPD, SW_IN_POT_daily, dSW_IN_POT_daily, LST_Night, NIRv, NDWI_SWIR2, PFT}",6.381656308346475e-07,0.07878124050569292,0.07355415677122228,0.08919114221086516,-0.6157852716931659,3.521850442839147e-05,0.002128036631722535,0.0008894158321903767,0.0006881549803344975,0.0019928422941859203
"{TA, SW_IN, SW_IN_POT, dSW_IN_POT, EVI, NDWI_SWIR2, PFT}",1.8189360180907586e-06,0.05511236253276998,0.052250787124916445,0.05894069665017894,0.11463980318793587,0.001989948567382757,0.0027867763814877905,0.0016545280536048382,0.0007548905667116995,0.004748548805245625
"{SW_IN, SW_IN_POT, SW_IN_POT_daily, dSW_IN_POT_daily, LST_Day, PFT}",6.421893580034631e-06,0.062468020665136875,0.06217094054973044,0.06458314530653407,-0.00887670997781681,0.006248594339684922,0.002124233962264792,0.003398849718047582,0.0011538665426793424,0.007899898337831057
"{TA, VPD, SW_IN, SW_IN_POT_daily, dSW_IN_POT_daily, EVI, NIRv, PFT}",1.9988065145158786e-06,0.05486396503417406,0.05234025630081221,0.05716110084848766,0.1386771477219534,0.0014068121917834436,0.0024630262705960665,0.0012755534420563208,0.001558999963575107,0.005053988160965597
"{VPD, dSW_IN_POT, LST_Day, NIRv, NDWI_SWIR2, PFT}",2.5336000425133207e-06,0.07167924932308502,0.06866978776166904,0.07459325717856372,-0.14151485058059446,0.0019472295279953228,0.0028480526757390795,0.0015523169415577048,0.003901093488172247,0.005989198146855529
"{VPD, SW_IN_POT_daily, dSW_IN_POT, LST_Night, PFT}",9.107983689162062e-06,0.07859348297143261,0.07196736982110835,0.09191091364488307,-0.42558516404342867,0.009646677773791301,0.0027389515047798185,0.0017508379948886071,0.004919217461216305,0.008022624355690802
"{TA, VPD, SW_IN, dSW_IN_POT, LST_Night, EVI, NIRv, PFT}",1.9414485908974704e-06,0.05523596665744452,0.05208026383986768,0.058987462661806656,0.13202962688276335,0.0013178728234216897,0.002383618832630295,0.0008236761338680162,0.0006579537536594432,0.004436969880920016
"{SW_IN, SW_IN_POT, dSW_IN_POT, dSW_IN_POT_daily, LST_Day, LST_Night, EVI, NDWI_SWIR2, PFT}",9.4700671702826e-07,0.05397146997997453,0.05130215869307233,0.059000657763797856,0.06992587605671073,0.0020871562838796834,0.002387950316700138,0.0014277777477955458,0.0007010088525941927,0.003603341785157574
"{VPD, SW_IN_POT_daily, dSW_IN_POT_daily}",1.0236308262834963e-05,0.09619987765595746,0.08194279031983645,0.11082897744345956,-0.8817504473584883,0.00933689983808314,0.0006524411905041022,0.0013744916739311386,0.002773519550702812,0.00575995801732633
"{SW_IN, SW_IN_POT, dSW_IN_POT, LST_Day, LST_Night, NIRv, NDWI_SWIR2}",5.584487171359434e-07,0.057391117605335475,0.0522791339101476,0.06109207463309262,-0.016012961609957948,0.0021225931590861113,0.0020471858203574764,0.0021807448421907114,0.00040223098885765196,0.0025384523610876703
"{SW_IN, SW_IN_POT, dSW_IN_POT, dSW_IN_POT_daily, NDWI_SWIR2, PFT}",1.3694375079751198e-06,0.057608286553203686,0.05942191638501182,0.06231301732390328,0.04870925023164285,0.0023943555942726943,0.0036209585196493588,0.001792627801448593,0.0014814667738140483,0.004604875019734667
"{TA, VPD, dSW_IN_POT_daily, EVI, NIRv, NDWI_SWIR2}",2.839790350540006e-07,0.0830237786026227,0.07447180384391507,0.09691598673854329,-0.6529001400415165,0.0013801520836108222,0.0024391080880122873,0.0026723266283936176,0.0018762316566461046,0.002807276857163532
"{SW_IN_POT, NIRv, NDWI_SWIR2}",1.3404556407369171e-06,0.07366327365184852,0.07603464888053324,0.07280345443048433,0.02286048725366452,0.00426972560764223,0.006251901102488203,0.0026578985102742453,0.0042137097949216315,0.0048443372203689355
"{TA, VPD, SW_IN_POT, LST_Night, EVI, PFT}",2.7564224496156193e-06,0.06039519335516045,0.05454499720721793,0.06789245427878751,0.05061300438135865,0.0014452757347983014,0.002851293800985026,0.0019967558211583317,0.0006233155898025949,0.005462094458191624
"{TA, VPD, SW_IN, SW_IN_POT, SW_IN_POT_daily, LST_Night, EVI, NIRv}",2.4613285214599853e-07,0.05985836569900375,0.05110314137376037,0.061247980444978235,-0.049915282898957226,0.0023400247591106316,0.001568543914436199,0.0016915392340235078,0.0016568411969720767,0.002847447213793139
"{TA, VPD, SW_IN_POT, dSW_IN_POT, dSW_IN_POT_daily, LST_Day, EVI, NDWI_SWIR2, PFT}",1.7867046867439654e-06,0.05738839361181925,0.053539071064411026,0.06522895883168911,0.07555666714948954,0.001968814258768492,0.002821289219906216,0.0022616971715556586,0.0006964094851085872,0.00478881751240523
"{VPD, LST_Night, EVI, NIRv, PFT}",6.806738413278363e-07,0.08435403668201746,0.07699802780520258,0.08560378066722468,-0.43011908596751275,0.0004819417227099193,0.002614196372529312,0.0018015673399224275,0.001621386478034545,0.0027955235734907075
"{TA, SW_IN, SW_IN_POT, dSW_IN_POT, LST_Night, NIRv, NDWI_SWIR2}",4.939726816941346e-07,0.05747618319944113,0.052488490549219516,0.061356173358223444,-0.038330600377525205,0.0018993836146613818,0.002193545721556771,0.0021467037308966416,0.0009646991052731022,0.0031645261574365785
"{VPD, SW_IN, SW_IN_POT_daily, EVI, PFT}",2.404294182293737e-06,0.05822491528838029,0.05625209526184469,0.06266463230573718,0.11474777456418028,0.00236597306927408,0.0033230230227555765,0.0016021611719283582,0.0028757565159759635,0.006144817107734291
"{VPD, SW_IN_POT, SW_IN_POT_daily, dSW_IN_POT, LST_Night, EVI, NIRv}",9.96133365676881e-08,0.0630330767224604,0.05500527612702901,0.07070962549198133,-0.16103713481490947,0.0015531764770832027,0.0014196616971389742,0.0022567974146920425,0.0016222157697561926,0.002034129395508122
"{TA, VPD, SW_IN, SW_IN_POT, SW_IN_POT_daily, dSW_IN_POT, LST_Day, LST_Night, NIRv, PFT}",2.0199816119079177e-06,0.054133274279944014,0.05175808000343385,0.05901304134458456,0.08435111985955868,0.0016974613350303827,0.002188554007665093,0.0015963922968665195,0.0003009724787276305,0.0046379413295883215
"{TA, VPD, SW_IN, SW_IN_POT, dSW_IN_POT, dSW_IN_POT_daily, LST_Night, NIRv, NDWI_SWIR2, PFT}",1.7989796018746137e-06,0.053227223515063773,0.05148684491646425,0.058194597317867386,0.051700285816726255,0.002115338295796132,0.002901769576685767,0.0013256189631956003,0.0007593811880765161,0.004598653463965978
"{VPD, SW_IN, SW_IN_POT, SW_IN_POT_daily, dSW_IN_POT, LST_Night, EVI, PFT}",1.2324626013989487e-06,0.05487299332508035,0.05287343035096193,0.05875843643230348,0.1329151928036632,0.002121616393330389,0.0019660038904794827,0.0017343859789102078,0.0008109905934351389,0.004190354796880555
"{VPD, SW_IN_POT, dSW_IN_POT, LST_Day, LST_Night, NDWI_SWIR2}",4.82069078231697e-07,0.06348021573784966,0.05893492948658102,0.07212472035392062,-0.13831792609517532,0.0028504966317130856,0.0013245552131945018,0.0032231471844029053,0.0017547858274756661,0.002381115110062282
"{TA, VPD, SW_IN, SW_IN_POT, dSW_IN_POT, dSW_IN_POT_daily, LST_Day}",2.155060274990311e-06,0.06307373996063963,0.05566626267656545,0.06769758414905838,-0.09318446595083947,0.004476659817415851,0.0004273677941709214,0.0026882417950559595,0.0009570000765613679,0.0030607512486980765
"{SW_IN_POT, SW_IN_POT_daily, dSW_IN_POT, dSW_IN_POT_daily, LST_Day, LST_Night, NIRv, NDWI_SWIR2}",6.308915042064561e-07,0.06443033184189648,0.06430563473742047,0.07673511042409738,-0.22791786093114264,0.0022984560541147794,0.0015391228613592656,0.002060051994965742,0.00011970621332155901,0.00211322756156887
"{TA, VPD, dSW_IN_POT, LST_Day, LST_Night, NIRv, NDWI_SWIR2}",2.1957466179552206e-07,0.07405719878665377,0.06450229607107826,0.0771757409933568,-0.13760765304059888,0.0018623601574451892,0.002620182471636076,0.002791325847049317,0.0025497224104997704,0.0033199592720048327
"{TA, VPD, SW_IN, dSW_IN_POT, dSW_IN_POT_daily, EVI}",5.915001999854679e-08,0.06110218823769119,0.05178241554145778,0.060756690731814667,-0.026290318902033444,0.0019763428298965047,0.0017529047605021122,0.0016084982416674706,0.0014164423833704226,0.0020890670484417506
"{SW_IN_POT, EVI, NIRv, NDWI_SWIR2}",1.314481362823511e-06,0.07196660397026128,0.07470088270716332,0.07246836912083689,0.010211318148285797,0.003446242670295911,0.006050105244073789,0.0026458418641536474,0.003892492630104785,0.004530478454776304
"{TA, SW_IN, SW_IN_POT, dSW_IN_POT, NIRv}",3.200478814911849e-07,0.062755941679122,0.0529981580998936,0.0651774614222074,-0.0984653951909842,0.0010401969699529307,0.0012905104398759637,0.0023583237681555833,0.0014108953619467318,0.002393005040526072
"{VPD, SW_IN, SW_IN_POT, SW_IN_POT_daily, dSW_IN_POT, dSW_IN_POT_daily, LST_Day, LST_Night, EVI, PFT}",1.4657582358305957e-06,0.05392876917281914,0.05261879175868286,0.05804786085322218,0.11609358467422672,0.0025412823254063743,0.0019474812475024084,0.0015468229216906784,0.0006261583409816127,0.004260616298240191
"{VPD, NIRv, NDWI_SWIR2, PFT}",9.204721995606427e-07,0.08479002827854751,0.07734721987696974,0.09122070842891297,-0.501726670867903,0.0006920122732652217,0.0031821495214660184,0.0016956623438721397,0.002813033452940261,0.0030812674106187043
"{TA, SW_IN, SW_IN_POT, SW_IN_POT_daily, dSW_IN_POT, dSW_IN_POT_daily, LST_Day, EVI, NDWI_SWIR2}",3.5073174200293617e-07,0.05636530924821556,0.053543722661646656,0.061050484520614706,-0.004936854726038146,0.002698793067429338,0.0020757319437266566,0.0021791449606868712,0.001463094884720531,0.00321249783252911
"{TA, VPD, SW_IN_POT, dSW_IN_POT, dSW_IN_POT_daily, LST_Day, NDWI_SWIR2, PFT}",1.419161963719838e-06,0.058850864078178654,0.05622916238746011,0.06794554309609954,0.010660126734774586,0.0026002221421371485,0.0034248634253054924,0.0026105357711640118,0.0011447216221718362,0.004788549429629918
"{VPD, dSW_IN_POT_daily, LST_Day, LST_Night, EVI, NDWI_SWIR2}",5.787410943287381e-08,0.08292643171435465,0.07356314070104589,0.0862080392785197,-0.5711797150629937,0.0015299769973404764,0.0016726962548809649,0.001790363616749585,0.0014719473522609508,0.0021496344349931362
"{VPD, SW_IN_POT_daily, dSW_IN_POT, LST_Night, EVI, NIRv, PFT}",2.2079506803693234e-06,0.0712565039447111,0.0662708731303166,0.07534984552685084,-0.06701711213982431,0.002454711953554456,0.0026958053124878645,0.0016839876225240996,0.0035775288533037228,0.005996911239672317
"{TA, VPD, SW_IN_POT_daily, dSW_IN_POT_daily, LST_Day, LST_Night, EVI, NDWI_SWIR2, PFT}",3.1471706122570705e-07,0.07852291863320737,0.07089175396317585,0.08852110829680249,-0.5025147059574889,0.0007473977409495208,0.001658892392808406,0.0011310122367558934,0.0006363488979324317,0.002123789244620658
"{TA, VPD, SW_IN_POT, SW_IN_POT_daily, dSW_IN_POT, LST_Day, LST_Night, EVI, NDWI_SWIR2, PFT}",1.9879158966556697e-06,0.057439667852903685,0.05368858503862409,0.06542016912838085,0.04141391125326301,0.002366600719770025,0.0028288229845933877,0.002161070059674794,0.000292423821724154,0.004697747885521686
"{TA, SW_IN_POT, LST_Day, NIRv, NDWI_SWIR2, PFT}",3.366921398897141e-06,0.061751512198577364,0.06045988407980873,0.06583703363018278,-0.017934880757107974,0.0015868840354480301,0.002970188114669023,0.0021149370972147544,0.0009353435792387524,0.006175963312525304
"{TA, SW_IN, SW_IN_POT_daily, dSW_IN_POT, dSW_IN_POT_daily, NIRv, PFT}",1.7620768942844685e-06,0.05546027568782156,0.05415061276038158,0.059814391103848105,0.09368300656138767,0.0014663861308160456,0.00282187906182519,0.001517678430767555,0.0010677189271623838,0.0046902695277567935
"{TA, SW_IN_POT_daily, dSW_IN_POT, LST_Night, EVI, NDWI_SWIR2}",1.0222455502686719e-06,0.07732858501816535,0.07368190158209889,0.09054155525884097,-0.3255469635379983,0.001544439129670172,0.0022789416552992797,0.0037268977471116294,0.0043635998079441865,0.0033077009469376084
"{VPD, SW_IN, LST_Day, NDWI_SWIR2}",4.2032344307924876e-07,0.06442900548106952,0.05709631175748439,0.06161353000639473,0.07443709732385821,0.003909337064500938,0.0025451733085176537,0.0019395624080413426,0.002526618198190368,0.002844544797127549
"{TA, VPD, SW_IN_POT, dSW_IN_POT, dSW_IN_POT_daily, LST_Night, NDWI_SWIR2}",6.932300507314577e-07,0.06260325146753208,0.05802555329154298,0.07397952549602416,-0.22617355952538487,0.003723316936714849,0.00161162554157665,0.0029516324364739013,0.001508117311081053,0.002511635762729336
"{SW_IN, SW_IN_POT_daily, dSW_IN_POT, LST_Night, NDWI_SWIR2}",2.0482746108012774e-07,0.061316387615626015,0.05616088730149339,0.07077174136793865,-0.1093628065216013,0.0027953192567495636,0.0023342320712235604,0.0023230004543607213,0.0033826729708598055,0.002124207479538981
"{VPD, SW_IN, SW_IN_POT_daily, dSW_IN_POT_daily, LST_Night, NIRv, NDWI_SWIR2, PFT}",1.9367660939499533e-06,0.05375527251185759,0.052681500037036574,0.05863762393350572,0.06807178410205315,0.0015622400733854222,0.0031135022448546337,0.0015272286992751918,0.0013074506558329244,0.004961655901202552
"{VPD, SW_IN_POT, SW_IN_POT_daily, dSW_IN_POT, LST_Day, LST_Night, EVI, NDWI_SWIR2}",3.530457391834588e-07,0.06026787690916866,0.056270735047765974,0.06596989799866729,-0.017997851862002995,0.0020356467353685806,0.0019411583011421513,0.003039555946226541,0.0012952168095088437,0.0025870235204387693
"{TA, dSW_IN_POT_daily, LST_Night, EVI, NIRv}",3.654055290826166e-07,0.08918413620876105,0.08260014718360648,0.1169604800764798,-1.387329132671893,0.0008095532917332116,0.0022519806631338124,0.0025782309633999995,0.0017717533750033487,0.0016117879503593918
"{TA, VPD, SW_IN_POT_daily, dSW_IN_POT, dSW_IN_POT_daily, LST_Night, EVI, NDWI_SWIR2}",1.9607828788610224e-07,0.07206367390438148,0.06359450779461485,0.08177920915556883,-0.1973007272593421,0.002508818705564936,0.0019406093821602716,0.003089702702850805,0.0023742524369393947,0.0030965182094993132
"{TA, SW_IN_POT_daily, dSW_IN_POT, NIRv, PFT}",9.574391823164074e-07,0.07671397867717432,0.07424353463320872,0.09657731086707694,-0.2711446055283102,0.0025838707610720962,0.003137368031588511,0.003603345360803256,0.003335016545455337,0.005463722958341244
"{VPD, SW_IN_POT, SW_IN_POT_daily, NIRv, NDWI_SWIR2, PFT}",4.255442835331459e-06,0.059610977196867365,0.058175037598872575,0.06253949539166767,0.07822768433647541,0.0022483576052483925,0.0038129965256941886,0.0019922883078079615,0.002171412584817678,0.007447180335946296
"{TA, VPD, SW_IN, SW_IN_POT, SW_IN_POT_daily, dSW_IN_POT, dSW_IN_POT_daily, LST_Day, EVI}",2.5104136168736016e-07,0.058112209722105054,0.05199455299246568,0.060249299311986,0.08056974448584085,0.0023031959917636582,0.0015977358671944303,0.0020520291431603208,0.0010180459771224823,0.002354336255408346
"{TA, SW_IN, SW_IN_POT, SW_IN_POT_daily, dSW_IN_POT, LST_Day, LST_Night, NIRv, PFT}",1.6545557924167355e-06,0.05463819069774708,0.05288589159444319,0.059696868960164615,0.061869152330830755,0.0016884903770473733,0.0023808488793082908,0.0016113977423950349,0.00018364576807089472,0.004140220707299497
"{TA, SW_IN, SW_IN_POT, SW_IN_POT_daily, dSW_IN_POT, LST_Day, EVI, NIRv, PFT}",1.3071851150367143e-06,0.05491604094262176,0.05227335659069207,0.05856782363958585,0.14513583211107803,0.0017361399636700026,0.0022165696401733395,0.0018436652737281803,0.0004914152630602769,0.004034681849601485
"{VPD, SW_IN, SW_IN_POT, NIRv, NDWI_SWIR2, PFT}",3.466435160472477e-06,0.05705214447108913,0.05380006791666851,0.057387558430522595,0.11640446738716542,0.0028881760744772847,0.003981774349129372,0.001400770268070839,0.0023108981167631326,0.0068026791246751095
"{SW_IN, SW_IN_POT, SW_IN_POT_daily, dSW_IN_POT, LST_Day, LST_Night, PFT}",3.0320494778836974e-06,0.06027968797508153,0.05637280687544778,0.0662234676539909,-0.09764973411469609,0.005980683215948711,0.0026931420837362496,0.002558289959117853,0.0008581980915296356,0.00434603457258631
"{TA, SW_IN, SW_IN_POT_daily, LST_Day, NIRv}",5.078432228152996e-07,0.061310051022997504,0.05339240672775394,0.06210338132673638,0.05803632680167209,0.001398983823870388,0.0021501800409351804,0.0030832696410043395,0.0012617513723155935,0.002714960985381515
"{TA, SW_IN_POT, SW_IN_POT_daily, EVI, NDWI_SWIR2, PFT}",2.630591573488747e-06,0.06175436463897292,0.06076068830828526,0.06668890921133647,-0.0035514989977284785,0.0019282871320919145,0.003360578872717679,0.0025652707891461596,0.000785578219482462,0.005624859806367982
"{TA, SW_IN_POT, SW_IN_POT_daily, dSW_IN_POT, LST_Day, EVI, NDWI_SWIR2}",4.894013230886096e-07,0.0632286396778378,0.06001582007845412,0.07373884410719621,-0.12851340065056913,0.001803509159015386,0.0021518107545173207,0.0030633888693009925,0.0011242579836456962,0.002820551674340935
"{TA, VPD, SW_IN, dSW_IN_POT_daily, LST_Day, LST_Night, EVI, NDWI_SWIR2}",6.516045572823877e-07,0.05681018058927924,0.05280704852567593,0.05743813095230221,0.06355697193800096,0.0025637095245187383,0.0023870920520825054,0.0017539686860565049,0.0020745415129847927,0.004090928537203456
"{TA, VPD, SW_IN, SW_IN_POT_daily, LST_Day, NDWI_SWIR2, PFT}",1.406920516534032e-06,0.05648897723959039,0.0542572731120386,0.05888063812734265,0.0765088234445921,0.0033236175799499085,0.004114590769863834,0.0017298112155469877,0.0025416818735343946,0.00513117072863542
"{TA, VPD, SW_IN_POT, SW_IN_POT_daily, dSW_IN_POT_daily, LST_Day, LST_Night, EVI, NIRv, PFT}",2.4540426449625223e-06,0.05812324408099037,0.05442580787170889,0.0656629330651174,0.039365447637226825,0.0017860151645965605,0.0031596726119053134,0.0023465240445320473,0.000771058917365966,0.005416223698369971
"{SW_IN, SW_IN_POT, SW_IN_POT_daily, dSW_IN_POT, dSW_IN_POT_daily, LST_Day, LST_Night, NIRv, NDWI_SWIR2}",5.619418953243141e-07,0.0562032425814469,0.052295087393566,0.060651883082206884,-0.024353161843320165,0.0025398511741010696,0.001977962228934989,0.001980357713307304,0.0004824493513606795,0.0025150758841105264
"{TA, VPD, SW_IN, SW_IN_POT, LST_Day, NDWI_SWIR2, PFT}",1.4494355098080495e-06,0.05677051777056576,0.05406094060914998,0.06015315500002638,0.07715749082849697,0.00275021481484667,0.0038601636381219648,0.0017533972893011215,0.002063560766318244,0.005013149849256146
"{TA, SW_IN_POT_daily, dSW_IN_POT, dSW_IN_POT_daily, LST_Night, EVI}",2.8814927288290543e-07,0.0786560011594269,0.06997858454037265,0.10344654461120228,-0.9949263840570722,0.0016518292435908771,0.002009536800368611,0.002819993005526558,0.00300400308860789,0.0018832358102213592
"{TA, LST_Day, LST_Night, NIRv, NDWI_SWIR2, PFT}",1.1007781578590225e-06,0.08574967694673857,0.08067288845690004,0.10460639724531415,-0.7663166830039517,0.000996350135621063,0.0018151582381218667,0.002470449372787703,0.0008080810195953692,0.003682488213592905
"{TA, VPD, dSW_IN_POT_daily, LST_Day, PFT}",8.703958260281049e-07,0.08567476113648617,0.07443655430611129,0.10481410544114328,-1.007340806549526,0.0042949224423174115,0.0028553352360300155,0.0034366609540817106,0.0020875675374725233,0.004645423075960192
"{TA, SW_IN_POT, SW_IN_POT_daily, dSW_IN_POT, LST_Night, EVI}",3.39470135294896e-07,0.06674425640625924,0.05909693946966603,0.08042144389395237,-0.43310763756670817,0.0016701365333039453,0.0016705103996905446,0.0023049760369340117,0.0008181440247896632,0.0024675478823224795
"{SW_IN_POT, dSW_IN_POT, dSW_IN_POT_daily, NDWI_SWIR2, PFT}",9.812141246982717e-07,0.06630494695566802,0.07028660279789171,0.07061409184416056,-0.0677860164056993,0.002551223137581715,0.002024843883846314,0.0020936345802684136,0.0009052350380805915,0.003967227111494831
"{VPD, SW_IN_POT, EVI, NIRv, PFT}",3.012147900915174e-06,0.06248617398054795,0.05901316200208065,0.06376414947671522,0.13009504926783,0.002038721947174346,0.0038048854125237452,0.002040749266572932,0.0022404405117792334,0.006542253905818168
"{VPD, SW_IN, SW_IN_POT, dSW_IN_POT, LST_Day, LST_Night, EVI, NIRv, NDWI_SWIR2, PFT}",1.3603941182764864e-06,0.05372047356728855,0.051498808895070386,0.057008604838855996,0.127402365061175,0.0019467668593429119,0.002509362625466839,0.0015250063972279473,0.0008498577182972991,0.00428962861120788
"{VPD, SW_IN_POT, dSW_IN_POT_daily, LST_Day, LST_Night, EVI, NIRv, NDWI_SWIR2}",8.902457653995742e-07,0.06053479060647562,0.05540729490313938,0.06599480198224196,-0.018988634518820696,0.0019363769908726375,0.002620447173641814,0.002524565144406951,0.002157423411824108,0.004586197129876485
"{TA, SW_IN_POT, dSW_IN_POT, dSW_IN_POT_daily, LST_Day, NIRv, PFT}",2.194532477822591e-06,0.06164912837054845,0.05981771238040267,0.06961008427113344,-0.08292904382450429,0.0018519374321817328,0.002535675400766886,0.0026490799979632315,0.0005352599080614209,0.005083370110129992
"{SW_IN, dSW_IN_POT_daily, NIRv, NDWI_SWIR2}",9.100369447876494e-07,0.06163812155784787,0.059728198799265636,0.06014524302602487,0.05896475362671366,0.0029799913015109564,0.004390717075779253,0.00218016461374132,0.003923488524654725,0.004797823016153127
"{VPD, SW_IN, SW_IN_POT_daily, NIRv, NDWI_SWIR2, PFT}",2.9715844260669682e-06,0.05617320428968927,0.05545903698856244,0.058998588649062475,0.08985248161229242,0.0024520570698071398,0.00411158281290621,0.0017667551809375237,0.0027834820530414223,0.006643471698580275
"{TA, VPD, SW_IN_POT_daily, dSW_IN_POT, NIRv, PFT}",2.3492607712058335e-06,0.07175566658643487,0.06675517418427124,0.08097647868593086,-0.11850095939079129,0.0022326315642897804,0.0028303674002910645,0.001920439099057994,0.00330745964351805,0.006212598877171446
"{SW_IN, dSW_IN_POT, dSW_IN_POT_daily, EVI, NDWI_SWIR2}",2.7900370692022283e-07,0.05982950599714727,0.05867233773356738,0.060745959535265855,0.11035139188800752,0.0031795398226759364,0.0033944142240624198,0.00202817269533577,0.0031756089713251487,0.0034970243495769243
"{TA, dSW_IN_POT, dSW_IN_POT_daily, LST_Day, EVI, NIRv, NDWI_SWIR2, PFT}",8.706388057624475e-07,0.07370027413910746,0.07188754134061606,0.09152261471639862,-0.36677643677426125,0.0016739234590658486,0.002458502014709707,0.002963336505291153,0.0026858999114546256,0.004516570911885731
"{VPD, SW_IN_POT, SW_IN_POT_daily, dSW_IN_POT_daily, LST_Day, EVI}",1.5512507542610375e-07,0.06384239389045822,0.05746820598847113,0.06764369582379273,0.07498851776707732,0.001724501288378276,0.0020561434067425596,0.0023028449554383726,0.0015614071255971931,0.0026562238192816834
"{SW_IN_POT, dSW_IN_POT, LST_Day, EVI, NIRv}",4.583468782569265e-07,0.06909401141962526,0.0656629011482667,0.07443735140802824,-0.12399549567249003,0.0018626071797742186,0.002089265256131151,0.0029718595280763677,0.0008454336050081335,0.0019132236016432963
"{TA, SW_IN, dSW_IN_POT, dSW_IN_POT_daily, NIRv}",1.9145713430171687e-07,0.062369394115076034,0.05292654423805364,0.06500309592446038,-0.15730416508422734,0.0014194382562969232,0.0020322994648246454,0.001762314432204086,0.0013407450297894669,0.002540247775081411
"{VPD, SW_IN, SW_IN_POT, SW_IN_POT_daily, dSW_IN_POT, dSW_IN_POT_daily, LST_Night, EVI, NDWI_SWIR2, PFT}",1.4486458448625282e-06,0.05332075081421037,0.050599583258509,0.057383588308368386,0.12099294885340812,0.0024297941470210194,0.0025675739144506715,0.0015533172028163802,0.001132622482140036,0.004615629870778112
"{TA, SW_IN, dSW_IN_POT, dSW_IN_POT_daily, LST_Day, EVI, NDWI_SWIR2, PFT}",1.2909820003899138e-06,0.054122384714492516,0.0520974331329807,0.058507002599342064,0.1017225541230028,0.0022366885541031042,0.003083379248300995,0.0018513301847816327,0.0014953028318096737,0.004681500865861568
"{TA, SW_IN_POT, dSW_IN_POT_daily, EVI, PFT}",2.3626394896591446e-06,0.06294514028591346,0.06044855929937652,0.07137681708711896,-0.004225583062918629,0.001838291112818212,0.002902818443904616,0.002478714677730101,0.0011444807227470322,0.005634391263836025
"{SW_IN, SW_IN_POT_daily, LST_Day, LST_Night, NDWI_SWIR2}",2.617162752933488e-07,0.061523636008989524,0.056527489036687514,0.06655098040293492,-0.03242561238494853,0.0033550375362934592,0.0020491836206379815,0.0025340527676699573,0.0018961540574927369,0.0025969940889641885
"{TA, SW_IN_POT_daily, dSW_IN_POT, NIRv, NDWI_SWIR2, PFT}",1.0741307306228747e-06,0.07532922958621488,0.07053680812593603,0.09062118544209641,-0.27131660936107843,0.0013224015841672293,0.0029408688960054635,0.0033602673369379638,0.003078577322471625,0.004559002984647301
"{TA, VPD, SW_IN, dSW_IN_POT_daily, EVI, NIRv, NDWI_SWIR2, PFT}",2.2408541014337425e-06,0.054282562714425706,0.052107742983684154,0.05738231320187531,0.12078949024585088,0.0018630676360278722,0.003133660932488888,0.0014207531490211603,0.0022991212831066712,0.005643922105130164
"{TA, dSW_IN_POT_daily, LST_Day, EVI, NIRv, PFT}",8.818034711063386e-07,0.08536742235557024,0.08340581028118073,0.11150517322100723,-0.9686237057748087,0.0006782112123377287,0.0025776421026439122,0.0027809113389708484,0.0014223499491026817,0.00321471314459916
"{dSW_IN_POT, dSW_IN_POT_daily, EVI, NDWI_SWIR2}",3.2099340463524445e-06,0.08924743950387047,0.09134931291795387,0.10225665949117985,-0.14508852130348954,0.0066262311684102265,0.007217505521669068,0.0033527074282887342,0.008851505417415619,0.006187048390306413
"{TA, SW_IN_POT_daily, dSW_IN_POT, dSW_IN_POT_daily, LST_Day, EVI, NIRv, NDWI_SWIR2}",4.93686471187672e-07,0.0760497937067258,0.06858306274461083,0.09947341583648553,-0.5077150267774734,0.0015584303685821504,0.0020299263303116682,0.0033897533164514576,0.0031093294741179472,0.0030217070666536394
"{TA, VPD, SW_IN, SW_IN_POT_daily, LST_Night, NIRv, NDWI_SWIR2}",8.924929032499563e-07,0.05768664268894298,0.05262226040560844,0.05757204419806433,0.06528714876762448,0.002230431982231683,0.0028325949641145876,0.002528556500441592,0.0016083662815484512,0.0044340481556788686
"{dSW_IN_POT, dSW_IN_POT_daily, LST_Day, NDWI_SWIR2, PFT}",1.3587310802301154e-06,0.08354660274483959,0.08328039972528564,0.0962327830984176,-0.2543280713984422,0.0026359511006712605,0.0048755287993130225,0.0014964034924236508,0.004072055364967103,0.0030932883050952265
"{VPD, SW_IN, SW_IN_POT, EVI, NIRv, PFT}",2.830559150084863e-06,0.05841833001763977,0.054386806888767514,0.05895880301164682,0.1630538783384953,0.0022296551351959973,0.0036877053234192353,0.0015599046519992402,0.001754969164734367,0.006079262175177305
"{TA, SW_IN, SW_IN_POT_daily, dSW_IN_POT, dSW_IN_POT_daily, LST_Day, LST_Night, NDWI_SWIR2}",4.917285470447558e-07,0.05868232009626005,0.05505979479612771,0.06637956137097575,-0.133041798825306,0.0036272016951023126,0.0023790598418088962,0.0018527137134100036,0.0015947522987320786,0.002472879432498881
"{SW_IN, SW_IN_POT_daily, dSW_IN_POT_daily, LST_Night, NIRv, PFT}",9.716775262600456e-07,0.05656794397177736,0.05536099757700165,0.0612504197022599,0.013424448406548809,0.0008615095762307193,0.0022766696384599813,0.0017929932706109084,0.0011107957920900857,0.00363493824563374
"{VPD, SW_IN, SW_IN_POT, SW_IN_POT_daily, dSW_IN_POT, dSW_IN_POT_daily, LST_Day, EVI, PFT}",1.4017684284181e-06,0.05456061161415509,0.05247164011772375,0.057468585782177825,0.14590638921899643,0.002655523989439197,0.00232167848304049,0.001517430977356446,0.001074004189251139,0.004497881637718526
"{VPD, SW_IN_POT, SW_IN_POT_daily, EVI, NIRv}",1.981396072459116e-07,0.06620168352309896,0.057720656079280855,0.06774880728411953,-0.01846668812964582,0.002619247468922156,0.0026266484543201254,0.0018147088574324843,0.0031611931303837035,0.0022683595114802585
"{TA, SW_IN, dSW_IN_POT_daily, LST_Day, LST_Night, EVI, NIRv, PFT}",1.3538910093172835e-06,0.054759718519592514,0.053320025964840714,0.057945600744751566,0.07909734634792748,0.0014290561564242604,0.0028482511415128045,0.0015945514292724852,0.0006521675453655743,0.003946047582017206
"{SW_IN_POT_daily, dSW_IN_POT, dSW_IN_POT_daily, EVI}",2.8179273455862774e-06,0.08633091565726574,0.08303489935538844,0.0947644885321895,-0.265204002339604,0.0014307838231204378,0.0045798467402778376,0.0028698047423574985,0.006429094851213818,0.004169958728986095
"{SW_IN, SW_IN_POT, dSW_IN_POT, dSW_IN_POT_daily, EVI}",9.488096961008968e-08,0.06189535555069317,0.05608114976280974,0.06239637374769977,0.010251958241767925,0.001994517229672213,0.002379081770809706,0.0014941744213043673,0.001632854154950382,0.0019294640645068084
"{VPD, SW_IN_POT, SW_IN_POT_daily, dSW_IN_POT, LST_Day, LST_Night, EVI, NIRv}",2.471583923990917e-07,0.06158839549822304,0.05489973803726017,0.06989465566509748,-0.0052545596728257316,0.0016258346393267023,0.001182685595962088,0.002571718969678005,0.0012461195713410617,0.0017300206282241243
"{TA, dSW_IN_POT, LST_Day, LST_Night, EVI, NDWI_SWIR2, PFT}",9.009929298252477e-07,0.07511262137252143,0.07008002663447326,0.0917832629722598,-0.3032862712657866,0.0017744308121144248,0.002194530818218285,0.003079318273965251,0.0021228518646768807,0.004407938917364643
"{TA, SW_IN_POT, dSW_IN_POT, dSW_IN_POT_daily, LST_Night, NIRv, NDWI_SWIR2}",5.488053236690012e-07,0.06303245748736523,0.05796333633689561,0.07664389386481704,-0.23895650336330765,0.0019308781443435064,0.002359424763922903,0.0025082454998887893,0.0008473603619432724,0.0030595822361133562
"{TA, VPD, SW_IN_POT, dSW_IN_POT, LST_Night, PFT}",1.083781579706887e-05,0.06652513906915278,0.05982479892656449,0.07766240888803935,-0.2836471740017129,0.009048512538461347,0.003241119357251389,0.002535689297815155,0.001080721478518315,0.00864843671365323
"{TA, SW_IN_POT, SW_IN_POT_daily, dSW_IN_POT_daily, LST_Day, EVI, NIRv, PFT}",2.509674982316692e-06,0.06127801760574973,0.05968467536403049,0.06744018277199705,-0.027792914808285663,0.0018543379199638596,0.0028244889764092035,0.002659391564616774,0.0007476482183672861,0.005529677832421337
"{VPD, SW_IN_POT, dSW_IN_POT_daily, LST_Day, LST_Night, EVI, NIRv}",8.174919774088787e-08,0.06241511627790674,0.054713290703093255,0.06894036889929783,0.00327472089755404,0.001918873325113181,0.0019341525267506168,0.002133271840254976,0.0015743078691201132,0.0024459394075636715
"{VPD, SW_IN, SW_IN_POT, SW_IN_POT_daily, dSW_IN_POT_daily, LST_Day, NIRv}",1.7951696652176373e-07,0.05984928145566295,0.053807466440537216,0.06094225332253237,0.05426875384315597,0.0021225279885422263,0.0020470878084194732,0.001522126690149693,0.0014285807435132983,0.0025854762079289273
"{TA, SW_IN, SW_IN_POT, EVI, NIRv, NDWI_SWIR2, PFT}",2.019323737816199e-06,0.05570628963658916,0.05313364012344346,0.0592668768952005,0.1164609776263571,0.002015755258067499,0.0029112969741525094,0.0016772287752961426,0.0016952240632907081,0.005445941468901219
"{VPD, SW_IN, SW_IN_POT, SW_IN_POT_daily, EVI}",1.9556628475166725e-07,0.06445573700620551,0.05731089275906413,0.06190592069043603,0.028430458873966336,0.0018544181665603454,0.0023055889727460824,0.0013659956811644114,0.0026875241269860572,0.0020527996080928756
"{TA, SW_IN_POT, SW_IN_POT_daily, NIRv, NDWI_SWIR2}",1.1832817032515537e-06,0.06530469787703974,0.06163320727061424,0.07166721116881605,-0.1366083560273251,0.0014794778491549546,0.00290330694771658,0.003138199231745603,0.0014014440579083118,0.004288656295727944
"{TA, VPD, SW_IN_POT_daily, dSW_IN_POT, EVI, PFT}",2.1624192241436666e-06,0.07187308161851469,0.0637175235492649,0.07980512107375283,-0.06613254576927773,0.002341150370687148,0.002886347168327544,0.00250862860883512,0.003232340771504097,0.00633650182441374
"{SW_IN, SW_IN_POT, SW_IN_POT_daily, LST_Day}",2.62898621676995e-06,0.07222480848514364,0.06421487249227958,0.06483975482501075,-0.08360582667430039,0.0056420686215045285,0.0013909004144032136,0.002400039618376759,0.0014398291878314207,0.003890142274635855
"{VPD, SW_IN, SW_IN_POT, SW_IN_POT_daily, dSW_IN_POT, dSW_IN_POT_daily, EVI, NIRv, NDWI_SWIR2, PFT}",1.7745601883778827e-06,0.05377317121206023,0.052771365483382515,0.05585431520969496,0.1448127341669721,0.0023327629551740323,0.0030194484460703483,0.0014714340805463896,0.0017367706472690841,0.005192283491159591
"{SW_IN, SW_IN_POT, SW_IN_POT_daily, dSW_IN_POT_daily, EVI, NIRv, PFT}",1.4835450316506046e-06,0.05684240432772398,0.05682828797617362,0.06189933666347694,0.11170827121208797,0.0013275523808366357,0.0029932343636311642,0.0010128793723221952,0.0018427693589302754,0.004331198954040258
"{SW_IN, SW_IN_POT, dSW_IN_POT, LST_Day, LST_Night, NIRv, NDWI_SWIR2, PFT}",1.4531775691963456e-06,0.054685182357088226,0.053437623140127656,0.05840569611405145,0.04451173257429578,0.0019254249687842007,0.002558769810771633,0.0011909694279032615,0.00015675671298452654,0.0037138526088589946
"{TA, VPD, SW_IN, SW_IN_POT_daily, dSW_IN_POT, dSW_IN_POT_daily, LST_Day, PFT}",2.3668021398820893e-06,0.05862166019173453,0.05492041095658306,0.06690706371569072,-0.04014687587882052,0.004576009533624845,0.0025062561375619463,0.002536422713833593,0.0012516782835929538,0.005491106312232263
"{TA, VPD, SW_IN_POT_daily, dSW_IN_POT, dSW_IN_POT_daily, LST_Day, LST_Night, EVI, PFT}",1.4824136289138027e-06,0.06949381331478802,0.06177464944995885,0.08140925519488029,-0.2220638187634314,0.002280552932307403,0.0019838780568128545,0.001992187672481452,0.0014834580006917591,0.004910567780020608
"{VPD, SW_IN_POT, dSW_IN_POT_daily, LST_Day, NIRv, NDWI_SWIR2}",1.1382132756145086e-06,0.06173089587859626,0.057357859528361005,0.06396512766558102,0.03160806330839492,0.0022755413702388733,0.0032349044275491873,0.0025872626109715094,0.002692608108339274,0.005250038136436999
"{SW_IN_POT, SW_IN_POT_daily, dSW_IN_POT, NIRv, NDWI_SWIR2}",5.379123745982736e-07,0.06766964088397723,0.07221643134877614,0.07152217004641315,-0.08655788062533855,0.003439110937740776,0.0030695164727752716,0.0030382040666975113,0.0013371835371037907,0.00250638665431574
"{SW_IN, SW_IN_POT, SW_IN_POT_daily, LST_Day, NDWI_SWIR2, PFT}",1.4204729830634173e-06,0.058380591205191346,0.05881124118291086,0.06067053989136724,0.08113330965452022,0.0032984167682079887,0.0041391215288116845,0.0011782942348259606,0.0015151194666128756,0.003686843445990365
"{TA, SW_IN, SW_IN_POT_daily, dSW_IN_POT_daily, NIRv, PFT}",2.1520416322576286e-06,0.05590150545712862,0.05456208448393998,0.059848641262685534,0.09336534044146298,0.0008601042313895399,0.0029409861766056394,0.0015662518112272636,0.0013897229532955913,0.004929836650870031
"{SW_IN_POT, dSW_IN_POT_daily, NIRv}",1.2684504780318704e-06,0.0744604361696042,0.06848710127117824,0.073622371066564,-0.1260072354032476,0.002263857430574265,0.004982541325046108,0.0016650663903599733,0.002665923091405259,0.0030558689409727474
"{TA, SW_IN, SW_IN_POT, SW_IN_POT_daily, LST_Day, NDWI_SWIR2}",5.816211102516899e-07,0.06113531895583823,0.05541745455181965,0.0614912024155253,0.037314642615957426,0.003871608819147318,0.0023329001100272223,0.0020828238744519806,0.0016102686402063443,0.0022627521297596404
"{VPD, SW_IN, SW_IN_POT, dSW_IN_POT, LST_Night, PFT}",1.2844846845861364e-05,0.06384680346240594,0.05834985220089141,0.07001254101959813,-0.2526749960978446,0.011250690473190862,0.0035078627040578403,0.0024993228212050397,0.0015130203195898098,0.0071655487419254316
"{VPD, SW_IN, SW_IN_POT, dSW_IN_POT, dSW_IN_POT_daily, LST_Day, LST_Night, EVI, PFT}",1.6008407791619832e-06,0.05409037543795223,0.052950104171775265,0.05859579938608933,0.10226884657315398,0.002472247604179856,0.002058076123267173,0.0014451356937834267,0.0004615264353840867,0.004281743249893777
"{SW_IN, SW_IN_POT, EVI, NIRv}",1.2563860786618271e-06,0.06644415212389486,0.06013502193263839,0.06390834442922122,0.0806900271978228,0.004094335218606748,0.004553333362181965,0.0016648557420790092,0.003513759504428886,0.0021062073830182826
"{TA, LST_Day, NIRv, NDWI_SWIR2, PFT}",1.0727455532783106e-06,0.08692970106883095,0.08225176557166577,0.10737731244040993,-0.966184854540398,0.0008938662330465752,0.0018742339005117098,0.0028618319494861655,0.000991983932758643,0.0035397251762036286
"{TA, VPD, SW_IN_POT, SW_IN_POT_daily, dSW_IN_POT, dSW_IN_POT_daily, EVI, NIRv}",3.911109047871814e-07,0.06284846741250687,0.054495783718974955,0.07071171918243513,-0.14297257631397114,0.0029050932771320023,0.0016059432497290277,0.002331186039798934,0.0012730797517315415,0.0026867640047643915
"{VPD, SW_IN_POT_daily, dSW_IN_POT, dSW_IN_POT_daily, EVI, NIRv}",1.133259631665518e-06,0.07578621054225794,0.06566896233840158,0.08152522596593165,-0.2607682991339849,0.002793136793690129,0.0027435443060711967,0.0018485307764810471,0.005069362705790233,0.0031532097466081127
"{TA, VPD, SW_IN_POT, LST_Night, EVI, NDWI_SWIR2}",5.675035398521932e-07,0.06283069183564147,0.0571590457574216,0.06673516848012115,0.028902951387142828,0.001784505760682474,0.003129795288678461,0.0026302879093658277,0.001798338531074202,0.0037175675635399974
"{VPD, SW_IN_POT, dSW_IN_POT, dSW_IN_POT_daily, LST_Day, LST_Night, EVI}",1.9371021931734095e-07,0.06174662042065734,0.05422281813323658,0.07122381669803483,-0.0808125706340142,0.0020112511137508823,0.001352862057978417,0.002261408586977161,0.0011326484891363564,0.0013111591855833327
"{VPD, dSW_IN_POT, dSW_IN_POT_daily, LST_Day, LST_Night, NIRv, NDWI_SWIR2}",2.3478054851488691e-07,0.0728715861953155,0.06409333989348716,0.07573081664440923,-0.18510537242375447,0.0022274999469589357,0.0022323854833097984,0.0023640479925193664,0.003494576083234939,0.0028187049706031447
"{VPD, SW_IN, SW_IN_POT, dSW_IN_POT, dSW_IN_POT_daily, LST_Day, LST_Night, EVI, NIRv, PFT}",1.3216726796024908e-06,0.05388776634983364,0.05238506991228232,0.05811542655447863,0.10899312432070847,0.0021142885951193208,0.001943400267474693,0.0013875144343277676,0.0007650852874719963,0.004172856435953512
"{VPD, SW_IN, SW_IN_POT, SW_IN_POT_daily, LST_Day, EVI, NDWI_SWIR2}",6.03474970103805e-07,0.05831676393408146,0.05320242406674214,0.0583000708318643,0.14537249570713906,0.0030198211371560285,0.0024968746866312966,0.002570945297731289,0.0019954316849190995,0.004284731750424917
"{SW_IN, SW_IN_POT, dSW_IN_POT_daily, LST_Night}",2.3590911972583686e-05,0.07552046117651005,0.06420271247070555,0.09034827725961256,-0.8066853352703752,0.015565906676526534,0.0020698826307992274,0.0039941851159955855,0.003340514926350527,0.0066631502375157775
"{NIRv, NDWI_SWIR2}",3.719536388117195e-06,0.11268482327886606,0.11081410636879294,0.12538592030466367,-0.8173732742002918,0.0017288830166099084,0.006141081537029552,0.0013311852043145223,0.0038355164012426612,0.0010508897695502006
"{dSW_IN_POT_daily, LST_Night, EVI, NDWI_SWIR2}",1.210799054290115e-07,0.10540566636560518,0.09100525847613267,0.12896792956180977,-1.38045852845936,0.0004703470602982762,0.0014291048977136678,0.0005332021067271236,0.0009084132975991782,0.000665723574012872
"{SW_IN, SW_IN_POT_daily, dSW_IN_POT, NDWI_SWIR2, PFT}",3.2123980574465087e-06,0.06164877876549168,0.06501108968374385,0.0632977452664449,0.02817961781389054,0.0036906828928946755,0.005189546352793173,0.0021387258883176358,0.005421075598525976,0.0074856376752397286
"{TA, SW_IN, SW_IN_POT_daily, dSW_IN_POT, dSW_IN_POT_daily, EVI, NIRv, PFT}",1.4567654708168875e-06,0.05495264892001528,0.053102798537892806,0.05839456188743726,0.12792769887465252,0.001490265731969892,0.0027481568096036565,0.0013521938665878586,0.001036042299443679,0.004299321734609701
"{TA, VPD, SW_IN_POT, SW_IN_POT_daily, dSW_IN_POT, LST_Night, NDWI_SWIR2}",7.903491341710593e-07,0.06281428553605396,0.05825545780609126,0.07362780165068167,-0.18745398773538877,0.0031563725414403485,0.0014927779176704264,0.0030038297894235885,0.0008323247974673029,0.0018841169719742007
"{VPD, SW_IN, dSW_IN_POT, LST_Day, LST_Night, NDWI_SWIR2}",3.955517122626591e-07,0.060646404581017506,0.05487499856257633,0.06502626845863704,-0.027412297250332267,0.00354991736828926,0.002177451208493157,0.002343906234918751,0.0016947976143665971,0.0020667536132851633
"{SW_IN, dSW_IN_POT, LST_Night, EVI, NIRv, NDWI_SWIR2, PFT}",1.0815283794865314e-06,0.0556024424900885,0.053522505145805865,0.06060274932817447,0.06689551836137592,0.0016983453010896363,0.0026350943900525226,0.0011039553228020388,0.001194313134871186,0.0038741540436018906
"{TA, VPD, SW_IN_POT, SW_IN_POT_daily, LST_Night, NDWI_SWIR2, PFT}",1.8175857764199569e-06,0.05999886162043969,0.05701891149837809,0.07183772266283656,0.011628270678671357,0.00263423783476803,0.004147322169413999,0.0024417846859250483,0.0017527894132389754,0.00549010697695311
"{SW_IN, SW_IN_POT, dSW_IN_POT, LST_Night, NIRv, NDWI_SWIR2, PFT}",1.133068161015191e-06,0.05532548363106241,0.05455762808510946,0.058863422046687305,0.0384068652288766,0.0015729878415101858,0.002557775284979441,0.001527741185750879,0.0008368957179188605,0.0039047499016944404
"{TA, SW_IN, dSW_IN_POT_daily, LST_Night, NIRv, PFT}",2.05504386620525e-06,0.05581140348139749,0.05355732726955136,0.06166882146101574,0.027145257099396913,0.0012164259862182322,0.002696321652984647,0.0018676826361511273,0.0008958761101710913,0.004905164319025795
"{TA, dSW_IN_POT, dSW_IN_POT_daily, EVI, NIRv}",3.667311375196429e-07,0.08032165225675614,0.0729343419734047,0.0998370525926587,-0.621898771669449,0.0019957120606669265,0.002923694756125625,0.0026706555851641195,0.003880547119170942,0.002784951644327155
"{TA, VPD, dSW_IN_POT, PFT}",3.6139446144392527e-06,0.08280040798006848,0.07440682210667407,0.09106322325089505,-0.6531863781869235,0.007716689963869441,0.003981606454432712,0.0025324482644788066,0.004966254607550777,0.006956634093726155
"{TA, VPD, dSW_IN_POT_daily, LST_Day, EVI, NIRv, NDWI_SWIR2, PFT}",3.951784867731831e-07,0.07914616232631966,0.07159634118466476,0.09110899797392463,-0.5222847649676344,0.0009516429475632943,0.0016955585219786962,0.0012625224114457684,0.0010547401810845763,0.00267742447806589
"{TA, dSW_IN_POT, NDWI_SWIR2}",2.299849978365607e-06,0.08598699556735885,0.07569167020364934,0.09602733030528451,-0.47018289659738804,0.004666131041545493,0.0035271953022013303,0.002414760335645999,0.006425355876971482,0.0024200053956118794
"{SW_IN_POT, dSW_IN_POT, dSW_IN_POT_daily, LST_Day, LST_Night, EVI, NDWI_SWIR2, PFT}",1.0398922260056482e-06,0.06272978239963847,0.06426163274436353,0.07121372464163897,-0.07948322640280801,0.001945449581786475,0.0016285751765718198,0.0016874575542572545,0.00019632895673435402,0.003402619228384904
"{SW_IN, SW_IN_POT, LST_Day, NIRv, NDWI_SWIR2, PFT}",1.5721928352405238e-06,0.05715835497581719,0.057752839136914785,0.06064729695885439,0.1038626883823232,0.0022246240234718023,0.0033171652515071176,0.0012958064433449754,0.0009381225726247319,0.0043063137656009914
"{SW_IN_POT_daily, dSW_IN_POT_daily, LST_Day, LST_Night, EVI, NDWI_SWIR2}",6.59358856911709e-08,0.10383530474089626,0.09418140502861178,0.12315928706858234,-1.0579071262157371,2.8390383518137052e-05,0.0007231662713611114,5.598531128983564e-05,0.00016070027869932724,0.000361005322965513
"{SW_IN_POT, SW_IN_POT_daily, LST_Day, LST_Night, EVI, NDWI_SWIR2}",5.537592254450088e-07,0.06664936812941527,0.06592093019254949,0.07235916872106576,-0.12325695965290319,0.0017014484665727747,0.0023450607622082092,0.002180205550109629,0.0007995885285265944,0.003043119525416943
"{VPD, SW_IN_POT, SW_IN_POT_daily, dSW_IN_POT_daily, LST_Night, EVI}",4.812738807169874e-08,0.06442132198770945,0.05493169710852696,0.07583718346643017,-0.4370930162144086,0.0018179853327683904,0.002116970777514257,0.0015621895330170527,0.0018053202922797135,0.0021532704317530765
"{dSW_IN_POT_daily, LST_Day, NIRv, PFT}",3.191815955107237e-07,0.10505012175320033,0.09189725744326119,0.11993364140301796,-0.9104983003484612,0.00030473400931606276,0.0015950947917592745,4.115588759803779e-05,0.00075869083476994,0.00017059487842779886
"{TA, SW_IN, SW_IN_POT, dSW_IN_POT_daily, LST_Night, NIRv, NDWI_SWIR2, PFT}",2.058385717062556e-06,0.05422558305198956,0.05222749932289533,0.058305773798002405,0.04687305917684157,0.002217151130224991,0.003277862572292005,0.001540810041835379,0.0010455026682628932,0.005080473376966099
"{VPD, SW_IN_POT_daily, NIRv, PFT}",1.8324977052550038e-06,0.084674306659288,0.078774070386702,0.08400670855525741,-0.3867598676076462,0.000677389806714862,0.0032852255971869138,0.0013410919029904211,0.0039158372491499074,0.003897296243512788
"{VPD, SW_IN_POT, SW_IN_POT_daily, LST_Day, LST_Night, PFT}",3.1264246937206187e-06,0.06416478536570235,0.057996690617577784,0.07271124907682086,-0.11763550706933412,0.006021458757533418,0.0034759684929826992,0.0028727183807444323,0.0017668144316412282,0.0062455742720963076
"{TA, dSW_IN_POT_daily, NIRv}",7.757839324500992e-07,0.09448239102327677,0.08523299545628145,0.11933278963776908,-1.518600149013013,0.0004585771855088322,0.00268520582772247,0.0027612288910463245,0.0026556096010986324,0.0017818449534422742
"{TA, VPD, SW_IN, SW_IN_POT, SW_IN_POT_daily, dSW_IN_POT, dSW_IN_POT_daily, LST_Day, NIRv}",1.2264846666638485e-07,0.05813415223453251,0.05187088608298963,0.06201094286959753,0.0388200797032344,0.001986510312061457,0.0015839947997421874,0.0019103940062932118,0.0011742602627805993,0.002166624012700097
"{TA, VPD, SW_IN, SW_IN_POT_daily, dSW_IN_POT, dSW_IN_POT_daily, LST_Day, LST_Night, EVI, NIRv, NDWI_SWIR2}",4.90776657080822e-07,0.05570017931533219,0.052185719957286276,0.058177907568394104,0.08485898800483517,0.0026820787104590155,0.0023201165953387268,0.0021277025929253013,0.0017926912761149078,0.0038273959905442273
"{TA, SW_IN_POT, SW_IN_POT_daily, dSW_IN_POT, LST_Night, EVI, NIRv, NDWI_SWIR2, PFT}",2.1036241097382076e-06,0.06029138134074171,0.05891339036339401,0.06727293130743457,-0.06368384466636146,0.002044710544561054,0.0027044024544365663,0.0021726518229524677,-3.4293345101577e-05,0.004497027900834824
"{TA, SW_IN, SW_IN_POT, LST_Day, EVI, NIRv, NDWI_SWIR2}",8.362655124598202e-07,0.058369523904751815,0.053968083109793785,0.059613214268516936,0.06363974154382572,0.0020674569059179956,0.002324215530221496,0.0024747292816357652,0.0022253135384227227,0.004534976527632573
"{TA, SW_IN_POT_daily, LST_Day, LST_Night, EVI, NIRv, PFT}",1.1902678389327955e-06,0.08470927132966757,0.08253976863543588,0.10775470103747681,-0.6578572535125791,0.0005031626220819013,0.0020773257703560616,0.002839127106794917,0.0012965497978818588,0.0035888578016643885
"{TA, SW_IN_POT_daily, dSW_IN_POT_daily, LST_Day, NIRv, PFT}",7.997084742309058e-07,0.0847875589993438,0.08271685742891646,0.11296628443200464,-0.961592542165396,0.00017331986970771374,0.002321295789418573,0.0019503421756621592,0.001059963784631926,0.002615570518604768
"{TA, VPD, SW_IN_POT, LST_Night}",2.9644743094217356e-06,0.07539839066142004,0.0639116923770218,0.08277084860828228,-0.5230509411457249,0.005691487121815567,0.0006242540981750838,0.002337618870399738,0.002078677323806219,0.0038278063199375517
"{SW_IN_POT_daily, LST_Night, EVI, NDWI_SWIR2, PFT}",1.2257927195238855e-07,0.10418384083258724,0.08978164354839117,0.12026739067319347,-0.7885289125321377,6.968025772251252e-05,0.000892533591132727,2.24942848980475e-05,0.00044621312623717435,-3.548809813166964e-05
"{VPD, SW_IN, dSW_IN_POT, PFT}",1.7905676723843035e-05,0.07399653618617037,0.06873735241406362,0.07379721438795972,-0.194942218044142,0.012398190538642134,0.0030058445684649007,0.0019506761441304143,0.002159702319683668,0.00898831538724415
"{VPD, SW_IN_POT, SW_IN_POT_daily, dSW_IN_POT, LST_Day, LST_Night, NIRv}",5.549722151446888e-07,0.06241557355540228,0.05459473786026961,0.0696361878976353,-0.036585786413641054,0.0023805272799203372,0.001286376676819266,0.003266378915370065,0.001281187969690449,0.0019316804271013177
"{TA, dSW_IN_POT, dSW_IN_POT_daily, LST_Day, LST_Night, NIRv, NDWI_SWIR2}",3.840692627589678e-07,0.07631271589788528,0.07189394198568394,0.09862691530773833,-0.5210682559894796,0.0018152828189117315,0.0020165623301661023,0.0033851022075140486,0.0021227687629056663,0.003042990725482392
"{TA, VPD, dSW_IN_POT_daily}",8.00882966749728e-06,0.09852670133649015,0.08124877382351137,0.1161216012846604,-1.5769401718383795,0.009543498477415424,0.0017410322511597076,0.004251426104586745,0.0022696344424851522,0.0028827608337194666
"{VPD, SW_IN, LST_Day, EVI, NIRv, NDWI_SWIR2, PFT}",1.5848569736711637e-06,0.055328509462173554,0.053113486301371894,0.05754360587283691,0.1270945567984962,0.0021202284109817296,0.0029567229135764386,0.001311148087308034,0.0017706197524486184,0.004884340788429822
"{TA, SW_IN, SW_IN_POT_daily, dSW_IN_POT_daily, EVI, NDWI_SWIR2}",7.054016907637728e-07,0.05814402690972934,0.05535240498653093,0.06059471173359422,-0.0038995475502388577,0.0022816732081937796,0.0030102683366935307,0.0018514771054807672,0.002774480659208968,0.004324986830949465
"{SW_IN, LST_Night, PFT}",2.1197926395899314e-05,0.07417097598005537,0.06330026230467675,0.09098055220404579,-0.6397290807063324,0.015093654751630395,0.005670456755874881,0.003285057473630476,0.002498780700425904,0.00918159909941943
"{SW_IN, LST_Day, LST_Night, EVI, NDWI_SWIR2}",2.861912733251312e-07,0.0597671184841466,0.05486641672296562,0.06148739941862088,0.05461963101991559,0.0021078990838631004,0.0019324801645108775,0.0016400607931135389,0.0012633253399893796,0.0028658845580620818
"{VPD, SW_IN, SW_IN_POT_daily, dSW_IN_POT_daily, LST_Day, LST_Night, EVI, PFT}",1.6462044083428907e-06,0.05449581839455682,0.052220580980999555,0.057338575348249016,0.10780425821256413,0.002353761190606124,0.0024461733076947753,0.0013628238122487119,0.000907107884915874,0.004622874793621015
"{TA, VPD, SW_IN, SW_IN_POT, SW_IN_POT_daily, LST_Night, EVI, NIRv, NDWI_SWIR2, PFT}",2.0128677687274994e-06,0.05385620371422375,0.051405989311277336,0.05731358904534599,0.13413914562902923,0.0021368529376535883,0.0028737240710787204,0.001913544886609643,0.0011135248323915492,0.005266952543979506
"{TA, SW_IN, SW_IN_POT_daily, dSW_IN_POT, LST_Night, EVI, NDWI_SWIR2, PFT}",1.502350646536883e-06,0.0542089324215027,0.05145880612141787,0.05972160857590779,0.07859646839015928,0.001848633739403062,0.002852893375366962,0.0018162902235725406,0.001091551464284482,0.0046273501220177315
"{TA, VPD, SW_IN, dSW_IN_POT_daily, LST_Day, NIRv}",2.0469565683368566e-07,0.060115423554524115,0.05179492389409704,0.062464178272306575,-0.004623855108637591,0.0021462035951372235,0.001704935084601851,0.002125180160169389,0.0011608341580615009,0.0024746652688541343
"{VPD, SW_IN_POT, SW_IN_POT_daily, dSW_IN_POT, LST_Day, LST_Night, PFT}",3.4323525674092185e-06,0.06339552435649536,0.057601835202083035,0.07523757529696769,-0.12851400021725498,0.006244504854859251,0.0026580840931981348,0.002862718668996747,0.0012852656556293779,0.005452052659531512
"{dSW_IN_POT, dSW_IN_POT_daily, EVI, NIRv}",4.105908210250732e-06,0.09193481097888977,0.09118790095981477,0.10323429975164744,-0.1848404206143097,0.005691528610081431,0.009515896492843706,0.004533896202435453,0.008492684794217803,0.00476949999892208
"{VPD, SW_IN_POT, dSW_IN_POT_daily, LST_Night, EVI, NDWI_SWIR2, PFT}",2.3058056588789513e-06,0.05788660660948841,0.053658599024962665,0.06425575263117622,0.037123507830474356,0.0017604232823552057,0.0033369392212393156,0.001799965004608127,0.0016177741282734776,0.005586456463135922
"{TA, SW_IN_POT_daily, LST_Night, EVI, NIRv, NDWI_SWIR2}",4.415190060662513e-07,0.08633150367184529,0.08075215518719461,0.10855613166940983,-0.7306305910669816,0.0004452853766946513,0.0020194145910311656,0.002128101172125252,0.0022838842189117844,0.0018224871772004742
"{TA, VPD, SW_IN_POT, dSW_IN_POT_daily, EVI, NIRv, PFT}",2.428574726069473e-06,0.059487371999516286,0.05455988270113984,0.06640813495669011,0.04597240437763034,0.001716322123332198,0.0031321389744829245,0.0024949076326832367,0.001520892764122657,0.005837688198699703
"{TA, VPD, SW_IN_POT, SW_IN_POT_daily, dSW_IN_POT, dSW_IN_POT_daily, EVI}",2.933427271215922e-07,0.06392111060198767,0.05474181878346965,0.07234448160316535,-0.15913541862158112,0.002541860509546204,0.0015503264594005361,0.002245816439467009,0.0010660188027223627,0.002249354195795708
"{SW_IN, dSW_IN_POT, dSW_IN_POT_daily, LST_Day, LST_Night, EVI, NIRv, NDWI_SWIR2, PFT}",1.0502544471477388e-06,0.054032443447149636,0.05176500719760693,0.05921623166335129,0.06568145000480362,0.0019801383991898194,0.00255888696523654,0.0014014901929332857,0.0007103729332052916,0.0037158284941849196
"{TA, SW_IN, SW_IN_POT, SW_IN_POT_daily, dSW_IN_POT_daily, LST_Night, EVI, NDWI_SWIR2}",6.837930515356854e-07,0.057146540353123124,0.05400417348715529,0.059892786014298136,-0.013431979711824341,0.0024339357090639308,0.0025504741040036985,0.0019467195781144656,0.0016669554598215328,0.004054551469088702
"{SW_IN, SW_IN_POT, dSW_IN_POT_daily, PFT}",1.8649676955477552e-05,0.07180635729399351,0.06474588652103644,0.07637363454648677,-0.23621769471559032,0.013860777090461338,0.003798586744593685,0.004982599536718965,0.0035510963125235523,0.011644892815070806
"{TA, VPD, SW_IN, SW_IN_POT, dSW_IN_POT_daily, LST_Day, LST_Night, EVI, PFT}",1.9066373837008923e-06,0.05428716271152072,0.05194839379401012,0.05780816363894607,0.10859806297864995,0.00211680520478566,0.0025826013066892473,0.0012915288019731616,0.0007577312005823886,0.004754415975422643
"{SW_IN, dSW_IN_POT, EVI}",1.006803092440355e-06,0.06726434586698515,0.06035796152695056,0.06527621388255181,0.01638239833721239,0.0014547216159078308,0.0040694164178694744,0.0013893876469194683,0.0024916386136386234,0.0017058567848491218
"{SW_IN, SW_IN_POT, SW_IN_POT_daily, dSW_IN_POT, EVI, NDWI_SWIR2}",2.514088159506985e-07,0.05972940035396746,0.05633147562734712,0.060635377425485526,0.09853864705758708,0.0037645179527677486,0.002805074904801405,0.0030816294850160506,0.0022242131212297997,0.0027754324790068285
"{VPD, SW_IN, SW_IN_POT_daily, LST_Day, LST_Night, EVI, NIRv, NDWI_SWIR2}",7.255440102340467e-07,0.057052971454126,0.052834476090691807,0.05742029790361419,0.11985744594784557,0.002494495240326605,0.0020221075052176823,0.0017881338259050014,0.0018288853118222856,0.004068412214161779
"{TA, VPD, dSW_IN_POT, dSW_IN_POT_daily, NDWI_SWIR2, PFT}",1.9796320043789224e-06,0.07228933499751782,0.0670868731874906,0.08046993296090547,-0.2816281260328182,0.002260927571548693,0.002983017864250717,0.002315631926616449,0.00497765519974782,0.005645363330089984
"{VPD, SW_IN_POT, dSW_IN_POT, dSW_IN_POT_daily, LST_Day, LST_Night, NDWI_SWIR2}",7.155160796378284e-07,0.06239968651114473,0.05790119175629824,0.07230473496815665,-0.1815227284870935,0.0036837421138454993,0.0016235334080334854,0.0031172399325325104,0.0015238162129922253,0.002181123762953152
"{VPD, SW_IN, SW_IN_POT_daily, dSW_IN_POT_daily, LST_Day, LST_Night, PFT}",4.155948357060874e-06,0.05924192820820126,0.05681708212269711,0.06565534999523856,-0.11973269955059244,0.00617571765585552,0.003027976343289558,0.0018064066579442442,0.001419332023464788,0.006026412654973098
"{TA, SW_IN_POT, SW_IN_POT_daily, dSW_IN_POT_daily, LST_Night}",1.8320482983097934e-05,0.07695304799786788,0.06690058417701683,0.09086475062035757,-0.748627789686398,0.012391717781760542,0.00047600468185816924,0.003486028621786097,0.0017298913439003083,0.006874306063806748
"{TA, SW_IN, SW_IN_POT, SW_IN_POT_daily, dSW_IN_POT, LST_Night, EVI, NIRv, NDWI_SWIR2}",4.3714056519520673e-07,0.05646913509402518,0.052817416592935346,0.05906119818673434,-0.002513893249540655,0.0022025309239390514,0.0019189063408096563,0.0024199318024255498,0.001363462221626699,0.0033721166113840906
"{SW_IN_POT, dSW_IN_POT, dSW_IN_POT_daily, LST_Day, NIRv, NDWI_SWIR2}",5.875759755082646e-07,0.06526920117398642,0.06431325676142521,0.07376340527121933,-0.08377187005393862,0.0024110945105918144,0.001495742595255381,0.002436791451077197,0.000464401092616043,0.0023354042110662054
"{SW_IN, SW_IN_POT, SW_IN_POT_daily, LST_Night, EVI, NIRv, PFT}",7.663392184665563e-07,0.05656422924622591,0.05514942905549024,0.06021684813706269,0.08681678598148768,0.0013301646824178809,0.0020627902275921206,0.0014324429850316525,0.0008637119425656953,0.0033910511728858644
"{VPD, SW_IN, SW_IN_POT_daily, dSW_IN_POT_daily, EVI, NIRv, NDWI_SWIR2, PFT}",2.101438008641836e-06,0.054414720167701255,0.05431015724530494,0.057868286851097614,0.12554281345193308,0.0018596240672133918,0.0032281092985967444,0.0015836563606026893,0.0027424450381240903,0.005661478815781162
"{VPD, SW_IN, SW_IN_POT, SW_IN_POT_daily, LST_Day, LST_Night, NDWI_SWIR2, PFT}",1.3316233606455904e-06,0.0556407983981137,0.05474125119069591,0.061373784503837125,0.06964431388844278,0.0033511885189307297,0.0039422537976892755,0.0018212022784541149,0.0014666918617813884,0.00438080770060606
"{TA, VPD, SW_IN, SW_IN_POT, LST_Day, LST_Night, EVI, NIRv}",2.1481764127947326e-07,0.05911579641645636,0.0517297699379902,0.059890293987664045,0.0978523438122288,0.0022911428493291586,0.00147672644150168,0.001958780472194284,0.0015013976284744823,0.0026832132828611827
"{SW_IN, SW_IN_POT_daily, LST_Day, NDWI_SWIR2, PFT}",1.723009381171968e-06,0.059120671473072414,0.05932259627677468,0.06240516966730718,0.033513054664858155,0.002882503300015611,0.004854563896526463,0.0013813215009740726,0.001975965167862019,0.004230518241034015
"{VPD, SW_IN_POT, SW_IN_POT_daily, dSW_IN_POT, LST_Day, LST_Night, EVI, NDWI_SWIR2, PFT}",1.6049118363968561e-06,0.05743872278413296,0.0540017853952192,0.06431403067518543,0.05575231048966859,0.00217738658209983,0.0023326776865025475,0.0021062199002523235,0.0006120567922842796,0.004566979745150079
"{SW_IN_POT, SW_IN_POT_daily, dSW_IN_POT, LST_Night, EVI, NIRv, PFT}",6.11974580446522e-07,0.06422081317252006,0.06678118973755645,0.07505705972889185,-0.12184971006037164,0.0014248254634538632,0.0018687688285478343,0.002225892822071529,0.0006115331434503671,0.0029497188408354053
"{TA, VPD, SW_IN, SW_IN_POT, SW_IN_POT_daily, dSW_IN_POT, dSW_IN_POT_daily, LST_Day, LST_Night, EVI, NDWI_SWIR2}",4.133641249296396e-07,0.05563188351435701,0.05215720604427468,0.05851680586613295,0.05944909610950758,0.0027578663138793993,0.001985010525625684,0.0026119932361070297,0.0014306710336335904,0.003284865930669109
"{TA, SW_IN_POT_daily, dSW_IN_POT, NDWI_SWIR2}",2.783133622238386e-06,0.0820509237162529,0.07255530859422664,0.09533080860583006,-0.4030594007801804,0.00411927742944404,0.003052118527357206,0.0031925489022308767,0.006739139719383377,0.0017379825060865745
"{TA, SW_IN, SW_IN_POT, dSW_IN_POT_daily, LST_Day, LST_Night, PFT}",3.1153510358183353e-06,0.05979030671143853,0.05623264601052251,0.07162936154233099,-0.22134455050872015,0.006708798351842085,0.0034318944131904797,0.002832894809740992,0.0013852648951429083,0.0042886317648895
"{TA, VPD, SW_IN_POT_daily, dSW_IN_POT_daily, LST_Night, EVI}",7.88012177399435e-08,0.08447140241676224,0.07522503786047924,0.10774223774347502,-1.3293298947369137,0.001426160928823611,0.0020113077322018724,0.0019507495054073842,0.0013090755401671816,0.0017806580728539773
"{VPD, SW_IN_POT, SW_IN_POT_daily, dSW_IN_POT, dSW_IN_POT_daily, LST_Night, EVI, NIRv, NDWI_SWIR2, PFT}",1.3950141858188758e-06,0.05709111167863772,0.05454541093039842,0.06454288776954728,0.031520546206132184,0.0020023435957146132,0.0027081063562502117,0.001950900450739472,0.0013106669767308787,0.004730762505961605
"{TA, SW_IN, SW_IN_POT_daily, dSW_IN_POT, LST_Day, EVI, NIRv}",4.088832392475426e-07,0.059330900761946984,0.053143208747783874,0.06254724872456999,0.08412362685590043,0.0018837414115423917,0.001994824017271017,0.0027575905164545916,0.0012037214025241993,0.0029781049900954454
"{VPD, SW_IN, SW_IN_POT, SW_IN_POT_daily, dSW_IN_POT, dSW_IN_POT_daily, LST_Day, EVI}",1.7426021164920427e-07,0.058705135016930914,0.05404506536568769,0.060008858127362896,0.08505587706164948,0.0023500460628115005,0.0015777174122582338,0.00161965459111698,0.0010758622643605026,0.001894546667403671
"{TA, VPD, SW_IN_POT_daily, dSW_IN_POT, dSW_IN_POT_daily, LST_Night, NIRv, PFT}",1.8759082760385365e-06,0.06985853881396044,0.06495019750332282,0.08224837238494653,-0.29019890649358804,0.0019095601093382375,0.002213733037253085,0.0015357319228925248,0.0014056759886563533,0.00511572940369609
"{TA, VPD, SW_IN_POT, SW_IN_POT_daily, NDWI_SWIR2}",3.0230051652802045e-07,0.0660664005652788,0.05859772048755333,0.06942571571134623,-0.007513741528117217,0.003950474086647331,0.00237383851321972,0.0025877131179966734,0.003169387327229968,0.002866211009583411
"{VPD, SW_IN_POT, SW_IN_POT_daily, dSW_IN_POT, dSW_IN_POT_daily, PFT}",2.2630802808283852e-05,0.06773474409980598,0.059483358666159336,0.07075095199013948,-0.12358634864293198,0.011746470442222753,0.0016504525548432791,0.004352068986468713,0.0016312344477027244,0.012323969998200027
"{SW_IN_POT_daily, dSW_IN_POT, LST_Day, NIRv, PFT}",1.7617947507478717e-06,0.08311209823144278,0.08063638406706554,0.09661735041154434,-0.06851006312981524,0.0022051502074376533,0.0034776522078557442,0.0022336822952003926,0.003758250253914082,0.005837009244050548
"{SW_IN_POT_daily, LST_Day, NDWI_SWIR2}",3.2008350779517887e-07,0.1069752830025067,0.09395354332394164,0.1208492853021133,-0.7918323925279198,0.00013857394989762184,0.0018783624052897824,0.0006651493920758478,0.0007908140176990375,0.0008453901054554513
"{SW_IN, SW_IN_POT, LST_Day, LST_Night, EVI, NDWI_SWIR2, PFT}",1.1654754210916602e-06,0.055943972637899825,0.052151986311353746,0.059638301834860616,0.07956747146926836,0.0015885777745073479,0.0025729161866226355,0.001257462021174445,0.0005986257320278118,0.003683030028751047
"{SW_IN, SW_IN_POT_daily, LST_Night, EVI, NIRv, NDWI_SWIR2}",2.9123472137695197e-07,0.058819280928650214,0.05437469251284535,0.05962440086372696,0.04566747611402213,0.0015250459853067208,0.0024146032377607637,0.0020017062535038696,0.0024628209184185956,0.0031530243574677402
"{TA, SW_IN, SW_IN_POT, SW_IN_POT_daily, dSW_IN_POT_daily, LST_Day, EVI, NDWI_SWIR2}",5.113918236597225e-07,0.05723286684426284,0.05381754815677178,0.060185479634007555,0.0023722701373878143,0.0025765095363976184,0.002617169490489145,0.002109181464490101,0.002103633105190829,0.0040529439668801764
"{VPD, dSW_IN_POT, LST_Day}",5.394851130662499e-06,0.0909338007137,0.0789309548078457,0.09464946357070093,-0.7961386186619298,0.009110776163767084,0.002608476252284428,0.002955767000268769,0.004594532734701541,0.0043894782875893296
"{TA, VPD, SW_IN, SW_IN_POT, dSW_IN_POT_daily}",2.7066220257580337e-06,0.06931494612959632,0.06039125261241036,0.07367113998195135,-0.3559718945660942,0.0059089995393783595,0.0012206255771607735,0.0029151971274859467,0.002057056507178766,0.004149591197124131
"{SW_IN_POT_daily, dSW_IN_POT, dSW_IN_POT_daily, NIRv, NDWI_SWIR2}",2.202901270921117e-06,0.08356995016110458,0.08491493433663949,0.09617489400687498,-0.1397388234352194,0.0011841661422193894,0.00411449019487449,0.001730575004257301,0.005150890985870571,0.003598998678074422
"{TA, VPD, SW_IN_POT_daily, dSW_IN_POT, dSW_IN_POT_daily}",3.21965561404533e-06,0.0836620520695582,0.0685727511171961,0.09551980455036818,-0.7490955854915825,0.007167719697966604,0.00256326016531655,0.004004126129078467,0.003801352274856791,0.006769042943835818
"{SW_IN_POT, dSW_IN_POT_daily, LST_Day, EVI, NIRv, NDWI_SWIR2, PFT}",1.5035834168837578e-06,0.064286785074661,0.06524940141568075,0.06827403598820128,0.03586574289729083,0.0021075881239800767,0.0030172344034600923,0.0018373918709267967,0.000916662713621702,0.004537593558704922
"{TA, VPD, SW_IN_POT_daily, LST_Day, LST_Night, NIRv, PFT}",5.553392267138116e-07,0.08022476714255397,0.0762533015372095,0.08889273207507403,-0.36987373730808065,0.0010040860974623173,0.0019633933764735823,0.0016644802282390486,0.0011514323879318264,0.00309630581298663
"{TA, SW_IN, dSW_IN_POT, LST_Day, LST_Night, NDWI_SWIR2, PFT}",1.3850762470716418e-06,0.05661895291261025,0.05555238342819013,0.06647003129771557,-0.004435512902908463,0.0026492676923452613,0.003685020322077251,0.0012762887136720316,0.0013489467325034712,0.004159217387233585
"{SW_IN, dSW_IN_POT, dSW_IN_POT_daily, LST_Night, NIRv}",1.075194717526751e-07,0.06140990203197373,0.05306606696261823,0.07032017855185543,-0.3050867716081957,0.0020436383571040204,0.0023585996392450764,0.001657556036718577,0.0016822230425030532,0.0024423179500249886
"{TA, VPD, dSW_IN_POT, LST_Day}",5.029235135945114e-07,0.08455901620720536,0.07407256226619918,0.08776640843388622,-0.49188031940495897,0.0037405553961418064,0.0020724425981402117,0.0025704982077257577,0.003617170372142313,0.0021782317367960158
"{dSW_IN_POT_daily, EVI, PFT}",2.6394770440662393e-06,0.10927843774742588,0.10296897014328966,0.12362810823843357,-0.6460686325233009,0.001526865932341498,0.0047412390327543075,0.0007737751255532666,0.0031168998157859867,0.0003393745540485049
"{TA, VPD, SW_IN_POT, SW_IN_POT_daily, dSW_IN_POT, NIRv}",4.877741545312446e-07,0.06546448495573548,0.05573673714824737,0.07157462213817482,-0.16296766430716994,0.002087989911131141,0.001604013587400803,0.0031268105525438794,0.001082844564789548,0.0015200783050298705
"{TA, dSW_IN_POT, LST_Day, NIRv, NDWI_SWIR2, PFT}",1.2176545006131391e-06,0.07601123855199003,0.07069564691595223,0.09125914554037096,-0.3453589078238619,0.0016216866139390773,0.0027645365653398007,0.0034812873354599233,0.0019651476690790565,0.004695592610374999
"{TA, VPD, LST_Day, NDWI_SWIR2, PFT}",5.585376373135449e-07,0.08360185670703374,0.07806747595314198,0.09442950489524679,-0.700500462314761,0.0011946136639275906,0.002177479575031338,0.0013404772007269833,0.002308518390895964,0.0032643923510581874
"{TA, VPD, dSW_IN_POT, dSW_IN_POT_daily, LST_Day, LST_Night, NDWI_SWIR2}",3.823452220709372e-07,0.0748305848084605,0.06654653700204312,0.08430905977587949,-0.38582598799697765,0.0038410865210792566,0.00261247242750344,0.0029522459956533575,0.00397256541674075,0.0024924377970860084
"{TA, VPD, dSW_IN_POT, dSW_IN_POT_daily, LST_Day, NIRv, PFT}",2.0970940259782176e-06,0.0707251615303945,0.06646220789859315,0.08023555618029463,-0.16785807474510062,0.002476745960366733,0.0025621899022635203,0.0020967933137553824,0.0024368964897535303,0.005991796144970599
"{TA, VPD, SW_IN_POT, SW_IN_POT_daily, dSW_IN_POT, dSW_IN_POT_daily, LST_Day}",2.3241474982744307e-06,0.06681999431874688,0.05900249117979358,0.07496273458325729,-0.08728308932347502,0.0042383496645015395,0.0007646982640634389,0.0037195592464826233,0.0006807627255897147,0.003399441941791162
"{VPD, SW_IN_POT, dSW_IN_POT, LST_Day, NDWI_SWIR2, PFT}",1.545413983530162e-06,0.06058531441687809,0.056845809863466455,0.06503047834096773,0.018071739481021493,0.002366534181917103,0.003334359336948034,0.002006626468426205,0.001211587153260335,0.004828275998145809
"{TA, LST_Night, NDWI_SWIR2}",4.4983762463089583e-07,0.0947554358901504,0.0844575817778403,0.109812273064614,-0.9207852005925184,0.00372968062231864,0.002347709894170019,0.002186578022769281,0.002901431676284698,0.0017950819530616613
"{TA, VPD, SW_IN_POT_daily, dSW_IN_POT_daily, LST_Night, EVI, NIRv, PFT}",5.653305540788574e-07,0.07998040268286417,0.07543982241377169,0.09151798482524454,-0.6090681561582786,0.0005832966426557035,0.001915399969967771,0.0015494549538082741,0.0008931069664254998,0.0027029739162579003
"{SW_IN_POT_daily, dSW_IN_POT_daily, EVI, NIRv, NDWI_SWIR2, PFT}",6.686740574869412e-08,0.10420962223872553,0.0946491841136311,0.11488308420455577,-0.7564071130300798,-0.0002510482622588156,0.0004227859358177377,-0.00021342258025504324,0.00018319656379600646,-0.00011652690691013601
"{TA, VPD, SW_IN_POT, SW_IN_POT_daily, PFT}",8.758335613637187e-06,0.06867262565005385,0.061875268708670675,0.07616550051333826,-0.23987875067941664,0.008650040357426267,0.0031051401311572024,0.0027152287115583956,0.0026950628650816016,0.009081215567590603
"{TA, VPD, SW_IN_POT, dSW_IN_POT_daily, LST_Night, EVI, NDWI_SWIR2}",4.2740508883937186e-07,0.06127016940818363,0.05674025896548614,0.06695653680207761,-0.0023638856220225732,0.0023058314288651044,0.003245032593878691,0.002859206187073235,0.002035579273770155,0.0038610051115579858
"{TA, VPD, dSW_IN_POT_daily, LST_Day, LST_Night, EVI, NIRv, PFT}",6.625320255530774e-07,0.07992854825024356,0.07360506339995274,0.09306746467893409,-0.5862412961138176,0.0007767539457702727,0.0023032110737821326,0.0016943777608688648,0.0007881418559445921,0.002825785538150466
"{TA, SW_IN, dSW_IN_POT_daily, LST_Night, EVI, NDWI_SWIR2}",5.588685703496469e-07,0.0578245674223324,0.05435791513104843,0.06061785961338356,-0.011106252875142886,0.0026389011471212726,0.002870098055554729,0.0016370021420727895,0.002083350613915097,0.003835486108936137
"{SW_IN_POT_daily, dSW_IN_POT, LST_Day, NIRv}",1.0280898381508938e-06,0.08785508246849835,0.08228266568358736,0.09726018603016712,-0.08489413739407892,0.002138744143894533,0.004466239838602476,0.0038803853783048875,0.004723661043485559,0.004962651663190987
"{TA, VPD, SW_IN, SW_IN_POT, dSW_IN_POT, dSW_IN_POT_daily, LST_Night, EVI, NDWI_SWIR2, PFT}",1.8244892990702255e-06,0.0532957764633875,0.04989016002677178,0.057984668968767514,0.07180276005277342,0.0023841207828780575,0.0028101283837219937,0.0014684967247486358,0.0007913237690669594,0.004746594274661793
"{TA, VPD, SW_IN_POT, SW_IN_POT_daily, dSW_IN_POT, PFT}",1.0119665776016636e-05,0.06697732541185215,0.060599368519175356,0.07516150479047676,-0.22300661649893105,0.008136070745614295,0.002512948952793359,0.0029352805018411365,0.0015031880668517697,0.009262819028224178
"{VPD, SW_IN, LST_Day, LST_Night, EVI, PFT}",1.3630358074318361e-06,0.05603682893772483,0.053569024673468385,0.05906219891836406,0.11780295238162246,0.0023271145822731654,0.002175660155082089,0.0014658765352116784,0.000756397209014513,0.004243453117212109
"{TA, SW_IN, SW_IN_POT, dSW_IN_POT, dSW_IN_POT_daily, NDWI_SWIR2}",1.9619914673117742e-07,0.0598276146591361,0.05627198551841557,0.06483533018896179,-0.04809154403519796,0.0026562990613697643,0.00150650343639408,0.0021041145577042827,0.001482769369289122,0.002172009735754654
"{dSW_IN_POT_daily, NIRv, NDWI_SWIR2}",1.3870621507440595e-06,0.10782604965792557,0.10722347995120848,0.12439076537464089,-1.0202497490879552,0.0011790273022516534,0.004231976620530764,0.0010146331891050103,0.0020899046549121003,0.001451565190621562
"{SW_IN_POT, SW_IN_POT_daily, dSW_IN_POT, LST_Day, LST_Night, NDWI_SWIR2}",1.1926140138284682e-06,0.06718988540363291,0.06575804773467578,0.07760584215942465,-0.361876285044211,0.003262667984473,0.0015141963262077784,0.0028505397798597037,0.00018659367000253835,0.001551126487933277
"{SW_IN, SW_IN_POT, LST_Night, EVI, NIRv, PFT}",8.797452321201926e-07,0.05776325977673514,0.05560598373062248,0.06197425549652649,0.08841565396208455,0.0012973896526717946,0.0022381883047899176,0.0011407149017189505,0.0009273823159063541,0.0034609687877509288
"{SW_IN_POT_daily, dSW_IN_POT, dSW_IN_POT_daily, LST_Day, LST_Night}",4.987079546684235e-07,0.08681945888369805,0.07873047634754837,0.10780200071478807,-0.5241401861640247,0.0025331590289635747,0.0023315840994672377,0.002439140401061607,0.003944629196280143,0.0037888029850907667
"{TA, VPD, SW_IN, SW_IN_POT, LST_Night}",2.915098225189562e-06,0.06986006634836664,0.05993508243911515,0.07403423237534416,-0.4041437302761642,0.005860511738307747,0.0013125512354660654,0.0014204127826745322,0.002062652866325433,0.003546686201391938
"{TA, SW_IN_POT_daily, LST_Day, NIRv}",5.373991392303983e-07,0.09021535665804534,0.0815349361485504,0.11464314323902164,-0.7377696702775999,0.0014885066085354587,0.0015118465996545316,0.0030582886679439286,0.0024572261914182145,0.0010539229856189047
"{SW_IN_POT, SW_IN_POT_daily, EVI, PFT}",2.0251020880578043e-06,0.06967887578321895,0.07200918798722192,0.07148555727103979,0.04814812667754018,0.002983961654260861,0.004441221794198827,0.0020606367286740562,0.0028419749654145857,0.006075195371386191
"{TA, SW_IN, SW_IN_POT, SW_IN_POT_daily, dSW_IN_POT, dSW_IN_POT_daily, NIRv}",1.8908089088318187e-07,0.06071938651064086,0.051977234318822646,0.06560851542298218,-0.20546622573114912,0.0014188343041904722,0.001648449967342265,0.0018331487053791298,0.0012977290024368052,0.00253359754196375
"{TA, SW_IN, dSW_IN_POT, dSW_IN_POT_daily, LST_Night, NIRv, PFT}",1.8226556318807493e-06,0.055235640776996504,0.053177777585264346,0.06134364645284117,0.03099942352799151,0.001425591149825517,0.002528648469714151,0.0015442060400192165,0.0005780892677014343,0.004518970109570836
"{TA, VPD, SW_IN, SW_IN_POT, dSW_IN_POT, dSW_IN_POT_daily, LST_Day, NDWI_SWIR2}",6.324212769978317e-07,0.058526095708369016,0.05397101390453238,0.061239130713465345,0.022805989030845186,0.0034853179165701548,0.0017435677313430778,0.0021321645209887927,0.00121689208039346,0.0027992358962468655
"{SW_IN_POT, SW_IN_POT_daily, dSW_IN_POT_daily, NIRv, PFT}",1.8435800749612568e-06,0.06646226452533917,0.07125689838439914,0.06922770121839628,-0.004883336310079163,0.0013382857513825966,0.003474913091134346,0.001956036777294737,0.0014760719834837135,0.004877191915610785
"{VPD, SW_IN_POT, SW_IN_POT_daily, dSW_IN_POT_daily, LST_Night}",1.2965010316303905e-05,0.07495057666011455,0.06356408210176251,0.08022142488676212,-0.627757331323343,0.010610488083236544,0.0008463692404650364,0.0028881461191983815,0.0029239591492975434,0.007706487516065771
"{TA, VPD, SW_IN, SW_IN_POT, SW_IN_POT_daily, dSW_IN_POT, dSW_IN_POT_daily, LST_Night, EVI, PFT}",1.6521395043374833e-06,0.053979633175308045,0.05123204489337078,0.05842997474762812,0.09450855851973956,0.001988093478561638,0.0021445849647172763,0.0013510957761446105,0.0004227040077358288,0.004310878710167013
"{TA, VPD, SW_IN, dSW_IN_POT, dSW_IN_POT_daily, LST_Day, NIRv, PFT}",2.011598846748794e-06,0.054870231411804055,0.05253606890203606,0.05838033839713787,0.0834099470457791,0.001785946328241847,0.0026774401979214255,0.0015366460687985042,0.000883447856152457,0.004961919028226611
"{SW_IN, SW_IN_POT, SW_IN_POT_daily, dSW_IN_POT, LST_Day, LST_Night, EVI}",2.499396235767639e-07,0.05852360404019335,0.05255513224831301,0.0621085611408015,0.045584326622918815,0.0022508371522957857,0.0013117674349308606,0.0015968739456059672,0.0008697457636260217,0.0020597084875947774
"{TA, SW_IN_POT_daily, dSW_IN_POT_daily, LST_Night, EVI, NDWI_SWIR2, PFT}",4.516657766883192e-07,0.08348370117819447,0.08189540965375494,0.10881814244738927,-0.973821565947547,0.0002670497378013392,0.001949367372392749,0.0016208139323367482,0.0009226167680652236,0.002036099101305644
"{TA, VPD, dSW_IN_POT, NIRv, NDWI_SWIR2}",1.1536818542292057e-06,0.076379092309782,0.06654913711048557,0.07847039854710264,-0.1032113599552489,0.0013680614440503142,0.003358997326233737,0.002623489662996248,0.004011412466826188,0.004387004451373258
"{TA, VPD, SW_IN, SW_IN_POT, dSW_IN_POT, dSW_IN_POT_daily, LST_Day, LST_Night, EVI, NIRv, NDWI_SWIR2}",5.333488670792439e-07,0.05556206704055795,0.05165022272527239,0.058448975496344355,0.04110892740215438,0.0028150852858407904,0.0019800064934281172,0.0022648147766377857,0.0015367434322836535,0.003651762269334294
"{TA, SW_IN_POT, SW_IN_POT_daily, dSW_IN_POT, NIRv, NDWI_SWIR2}",7.804940209982944e-07,0.06395439918260856,0.060355616174758375,0.07458878010592901,-0.1875069575255163,0.0015056286028431731,0.002313558589608619,0.0033341306571476187,0.0008972644002644761,0.0028526286465831857
"{SW_IN, SW_IN_POT, dSW_IN_POT, dSW_IN_POT_daily, LST_Night, NIRv, NDWI_SWIR2, PFT}",9.551398537477946e-07,0.05439340303347819,0.05378536225638137,0.059360634835050816,0.021987893555380816,0.0017112050797181144,0.0026371046112282845,0.0016673468777776562,0.0008539973464072245,0.0037117287946364097
"{TA, SW_IN, SW_IN_POT, SW_IN_POT_daily, LST_Day, LST_Night, EVI, NDWI_SWIR2}",7.68450487385204e-07,0.057428961670620025,0.05308146249355657,0.059582670170176696,0.053985036467892676,0.0023118346339820323,0.002252362692066176,0.00239671663944703,0.0015057215134226185,0.0041581248022358325
"{SW_IN, SW_IN_POT_daily, LST_Day, LST_Night, NIRv, NDWI_SWIR2, PFT}",1.22451946852206e-06,0.0555126426648608,0.055571291691225835,0.059532320542880574,0.08096692168662584,0.0014792654284556256,0.002970511578431867,0.0013406500839547447,0.0006497532315672128,0.0036286742051371557
"{SW_IN, SW_IN_POT, dSW_IN_POT_daily, LST_Day, LST_Night, NDWI_SWIR2}",3.935690790287489e-07,0.06053272072249157,0.05745879297320551,0.06856851896281746,-0.13875998029022338,0.0034002230128860056,0.0021859184167751858,0.0020412486547946376,0.001480325914654787,0.0023747255283564223
"{TA, SW_IN_POT, SW_IN_POT_daily, dSW_IN_POT_daily, LST_Day, LST_Night, EVI, NIRv, PFT}",2.5088312237443453e-06,0.06100407206896921,0.059542029690601475,0.0685408152584203,-0.08122433139296319,0.0017598355951301548,0.0027665878144847375,0.002905769104686824,0.0005321144925089991,0.005330993154730637
"{TA, VPD, SW_IN, SW_IN_POT, SW_IN_POT_daily, dSW_IN_POT, LST_Day, EVI, NIRv, NDWI_SWIR2, PFT}",1.488760074156864e-06,0.05341534262081375,0.0505409954632747,0.05749771888048695,0.14061505674438388,0.002139141299828652,0.0026655449027753325,0.0016952200448017499,0.0011451976330210806,0.0046927773538234865
"{TA, SW_IN, SW_IN_POT, SW_IN_POT_daily, dSW_IN_POT, dSW_IN_POT_daily, LST_Day, EVI, PFT}",1.1299189389698079e-06,0.05453116725743016,0.05198687193843102,0.058520899456445515,0.1400652678199546,0.0020339633034753904,0.0023754732203697462,0.0016788206206996212,0.0006756058416226077,0.003936041928005701
"{TA, SW_IN, SW_IN_POT, SW_IN_POT_daily, dSW_IN_POT, LST_Night, EVI, NDWI_SWIR2, PFT}",1.7094156186387651e-06,0.05398855024562629,0.05131198222842748,0.060065027610447755,0.061523857240326385,0.002278500452014165,0.0026233056574844274,0.0016556290506844554,0.0005619966415911018,0.0045385738490033994
"{TA, VPD, SW_IN_POT_daily, dSW_IN_POT_daily, NIRv, PFT}",7.90098073502951e-07,0.08109365890186324,0.07666441999019946,0.09223343361751361,-0.5669476154391933,0.0007172073628943509,0.002362278294897102,0.0015046933692731412,0.0011960071046606749,0.00321770274008093
"{TA, VPD, SW_IN_POT_daily, dSW_IN_POT_daily, LST_Day, EVI, NDWI_SWIR2, PFT}",2.2916151970959148e-07,0.07869703563844858,0.07118602965070131,0.08991834743205948,-0.5118589931981119,0.0008676202376683706,0.0017743149617193144,0.001012604821702165,0.0010758905820302256,0.002088272801134411
"{TA, VPD, SW_IN, SW_IN_POT_daily, dSW_IN_POT, dSW_IN_POT_daily, EVI, NDWI_SWIR2}",3.6140336556252196e-07,0.05694219751624133,0.05414600563946983,0.05882818768875394,0.10043654254546325,0.002217445671799906,0.002688858101173079,0.0023514623979187035,0.002435456877109325,0.0038762386956185807
"{VPD, SW_IN, dSW_IN_POT, LST_Night, EVI, NDWI_SWIR2, PFT}",1.9285292412514247e-06,0.054876536866107044,0.05080884640207742,0.05788344332921184,0.10743327189565716,0.002085526459498971,0.002637978513155427,0.0010967871347168368,0.0016093834817397235,0.005086439179576588
"{VPD, SW_IN_POT, SW_IN_POT_daily, dSW_IN_POT, dSW_IN_POT_daily, LST_Night, EVI, NDWI_SWIR2, PFT}",1.4529400316863933e-06,0.05721164429199762,0.053799966949455894,0.06481079392145245,0.02912646875617575,0.002170047593100334,0.00255635431834933,0.0016999634959602439,0.0011778688361064327,0.004684826224960151
"{SW_IN, SW_IN_POT, SW_IN_POT_daily, EVI}",6.280642823902873e-07,0.06612298097727987,0.058523683038740046,0.06334130994411766,0.024123312688435445,0.001837787777281344,0.0031882272052173657,0.0013052131206678502,0.00340176027772892,0.0023520358452153584
"{SW_IN_POT, SW_IN_POT_daily, dSW_IN_POT, LST_Night, EVI, NIRv}",9.398810675151384e-08,0.06745270371589089,0.0641953258756293,0.07965704143334104,-0.388238165572953,0.0014563680972564177,0.0019488895888124524,0.0016650880423760145,0.001043256506100737,0.0017342300203423283
"{VPD, SW_IN_POT, dSW_IN_POT, LST_Day, LST_Night, EVI, PFT}",1.749088785632069e-06,0.058837148998947084,0.05401466265783717,0.06712610601613697,0.0544593337077787,0.00156484406947114,0.001730448979751921,0.0017889876121619727,0.00010856827444728767,0.004220413793952091
"{TA, SW_IN_POT, SW_IN_POT_daily, dSW_IN_POT, NDWI_SWIR2, PFT}",1.143210804767907e-06,0.06292456407169063,0.059477809451384006,0.06975282634421914,-0.09724610914865693,0.002263330532793012,0.002918841911366786,0.00233489854257328,0.0009023384423114122,0.004205268606038412
"{TA, SW_IN, SW_IN_POT_daily, dSW_IN_POT, dSW_IN_POT_daily, LST_Day, LST_Night, EVI, NIRv, PFT}",1.2879246912997087e-06,0.05406599473312366,0.052657702208801095,0.05796046703774548,0.10101678265820731,0.0013774118843338304,0.00275591917772422,0.0012342682625322704,0.000734120672731535,0.0038147161513463756
"{TA, VPD, SW_IN, SW_IN_POT_daily, dSW_IN_POT, dSW_IN_POT_daily, LST_Day}",1.1062039362241204e-06,0.06290088592404824,0.05478487410191249,0.06415335437377248,0.009617008511719502,0.0036815147544206547,0.0006598558912866634,0.0022840303432338227,0.0010839859138061583,0.0020328249862303083
"{VPD, SW_IN_POT, dSW_IN_POT, LST_Day, LST_Night, NIRv, PFT}",2.2731299494743744e-06,0.059324183357376145,0.054209435231328304,0.06619950527033455,0.010747090467891776,0.0018475048539457056,0.0020871750413830117,0.002418212902201629,0.0004261219161919502,0.0050591820293969525
"{VPD, SW_IN_POT_daily, dSW_IN_POT, EVI, NIRv, NDWI_SWIR2, PFT}",4.282613404650034e-06,0.07095503603573472,0.06492929564547145,0.0761633282769849,-0.04251308628972147,0.0015887909377444165,0.0030309322230191865,0.0009935616707359152,0.0041957322962694055,0.006806150553754081
"{SW_IN, dSW_IN_POT, dSW_IN_POT_daily, LST_Day, LST_Night, PFT}",2.616641306203788e-06,0.06062645651560595,0.05687052324562558,0.07032148181465063,-0.20745256283958588,0.005858137221595491,0.003641204224653659,0.002691982476116621,0.0013718549060410395,0.005111356412704188
"{VPD, SW_IN, dSW_IN_POT, EVI, NIRv, PFT}",1.7594902618583942e-06,0.05831901457278361,0.05571872134721144,0.06123692945390154,0.15998775067220103,0.002371971287947562,0.0035059198409468847,0.0016228609672548772,0.0017084372279599913,0.005159215711949883
"{SW_IN, SW_IN_POT_daily, dSW_IN_POT_daily, EVI, NIRv, NDWI_SWIR2}",8.366522573837264e-07,0.05913648984484154,0.05758992088759439,0.05969548260528412,0.11257477879115663,0.0018526071344935682,0.0035064785808713445,0.002056654267490257,0.00324226455590651,0.00428926073791841
"{VPD, dSW_IN_POT_daily, LST_Day, EVI, NIRv, PFT}",4.796061818127206e-07,0.08163562211431642,0.07527786191352318,0.08410750147469857,-0.3958120957119669,0.0005408849238738161,0.0024738211361936824,0.0014028506741138869,0.0018705911404734293,0.002282479690680239
"{SW_IN, SW_IN_POT, SW_IN_POT_daily, dSW_IN_POT_daily, LST_Day, EVI, NIRv, NDWI_SWIR2}",7.65484626806133e-07,0.0578179152117532,0.05463831006147922,0.059545091557556606,0.12117808782756645,0.002914988570391422,0.0025886186805702885,0.00182017362731543,0.0014727475278586144,0.003964078552818162
"{TA, SW_IN, dSW_IN_POT, dSW_IN_POT_daily, LST_Day, LST_Night, EVI, NIRv, PFT}",1.2606623690717905e-06,0.054364611165540075,0.053150267588328,0.058453688724209044,0.08876399720423427,0.0013620243587291886,0.0026736554024288928,0.0014969441874746262,0.0005131602486899978,0.00372884023495422
"{TA, SW_IN_POT_daily, dSW_IN_POT, dSW_IN_POT_daily, LST_Night, NIRv}",1.65250943609431e-07,0.07882203023847316,0.07137082825578094,0.10338980435589389,-0.9356117661903754,0.0018813064473853225,0.001977592349846277,0.002843972691090796,0.002553261758239743,0.001829595928339603
"{TA, VPD, SW_IN, SW_IN_POT, dSW_IN_POT, dSW_IN_POT_daily, EVI, NIRv, NDWI_SWIR2}",6.549168045159437e-07,0.056418326416206456,0.05315772956106168,0.05870087527238411,0.08633076161667741,0.0022118387640157264,0.0022611670091353675,0.002065719764908311,0.0022400203259194604,0.004210617575244005
"{SW_IN_POT, dSW_IN_POT_daily, LST_Day, EVI, NIRv, PFT}",1.5602534313589555e-06,0.06545429987643903,0.06576115017621481,0.06850321128363662,0.040594073193361724,0.001601580125408314,0.003093350913802778,0.001826287682469216,0.0010222010635506026,0.004510964987657878
"{TA, SW_IN_POT, SW_IN_POT_daily, dSW_IN_POT, PFT}",1.1640643163789922e-05,0.07044861322556942,0.06382066856584523,0.08113352567585966,-0.35939806658460266,0.009773646240395312,0.0023149638751859963,0.004004190869918517,0.0008018963735483275,0.00809683755604089
"{TA, VPD, SW_IN, dSW_IN_POT_daily, LST_Day, NDWI_SWIR2}",7.090334148812027e-07,0.060591497836034035,0.05453568677734436,0.06044181080809761,0.034188144080112816,0.004505966459493374,0.0026982220554467792,0.0021479023839409556,0.0024726319831682095,0.003443078186639581
"{TA, SW_IN, dSW_IN_POT, LST_Day, LST_Night, EVI}",3.248690394942363e-07,0.059836660431012156,0.05344214033012569,0.061999720900014266,0.05859642436647946,0.0016739090257398004,0.0016983801814057092,0.0021400515816512172,0.0009765365389629854,0.002700885400544542
"{VPD, dSW_IN_POT_daily, LST_Day, LST_Night, EVI, NDWI_SWIR2, PFT}",2.1515992037135926e-07,0.08008042730264557,0.07262382375087265,0.08575762259697417,-0.5191534216688821,0.000682354599343904,0.0015843570546371921,0.0011536510548299517,0.0011145751762971987,0.0020476760391246046
"{SW_IN, SW_IN_POT, dSW_IN_POT, NIRv, NDWI_SWIR2, PFT}",1.7926989889347694e-06,0.057533251205249096,0.0571236591514724,0.05999746742660682,0.09346654100710004,0.0026529091307138583,0.0033258577897175776,0.001895138598878389,0.0008919490247955367,0.0048577265056001795
"{TA, SW_IN_POT, dSW_IN_POT, dSW_IN_POT_daily, LST_Night, EVI, NDWI_SWIR2}",3.4020783636019153e-07,0.06288349147842774,0.05895917128245967,0.0756749244853713,-0.2550443392101678,0.0021475090339082292,0.0022352652421086805,0.0022018214742222236,0.000915264322268787,0.002640701690668268
"{TA, VPD, SW_IN, SW_IN_POT, dSW_IN_POT, dSW_IN_POT_daily, LST_Night, EVI}",3.634645985839264e-07,0.05927165565267533,0.05083995215532644,0.06525208506568217,-0.22051302617430069,0.002670562804084446,0.0014074462386065162,0.0015186089425905172,0.0011088559064762332,0.002391930205261128
"{TA, SW_IN_POT, dSW_IN_POT, LST_Day}",2.24998911589213e-06,0.07236409151261523,0.0631566410260837,0.08130977844029472,-0.3006556201094539,0.004423460137053706,0.001183814431798949,0.003632674243588249,0.00036499852734810795,0.002260984154686549
"{SW_IN_POT, SW_IN_POT_daily, dSW_IN_POT, LST_Day, EVI, NIRv}",4.510945820932772e-07,0.06786606818012766,0.06492969530357204,0.07295456388937763,-0.09306213732154232,0.0025773131675589506,0.0016425926671246732,0.002614115844216086,0.0008405881160958098,0.0015659168445793098
"{SW_IN_POT, SW_IN_POT_daily, dSW_IN_POT, dSW_IN_POT_daily, LST_Day, LST_Night, EVI, NIRv, NDWI_SWIR2}",3.967658172084047e-07,0.06405187777354361,0.06395071536037913,0.07721860118001367,-0.25387281799536177,0.0021481033996734317,0.001433454425110503,0.002026816190423303,0.0004937997755708121,0.0021086369614033013
"{TA, SW_IN_POT_daily, dSW_IN_POT, dSW_IN_POT_daily, EVI}",3.864846289981516e-07,0.08015095663634923,0.07183439898422897,0.09780301229269597,-0.7835140030990342,0.001842332767726107,0.0021655987029955137,0.0034650811931595388,0.0032522971728299807,0.0025145245316145343
"{VPD, SW_IN, SW_IN_POT, SW_IN_POT_daily, LST_Day, NDWI_SWIR2}",9.017304540442833e-07,0.06160588809576455,0.055540961571586805,0.06034521726901981,0.11160138216734479,0.004438093533970511,0.0029465251899538983,0.0019832800956842978,0.0017608751216205212,0.002512266213195488
"{VPD, SW_IN_POT, SW_IN_POT_daily, dSW_IN_POT, LST_Day, EVI}",3.3674979047971814e-07,0.06399900672888104,0.05644358983662953,0.06597001438627145,0.06374707293009069,0.002028743632633244,0.0015248741173797611,0.0027794495889049073,0.0010496908788648965,0.0016171181249153566
"{TA, VPD, SW_IN_POT_daily, dSW_IN_POT, LST_Night, NIRv}",1.7561775204393357e-07,0.076454910965648,0.06348683454295101,0.08576619254486156,-0.4219232257897631,0.002266419877319348,0.0021939788456733778,0.0029961355437182063,0.0030992669637126824,0.002136658659245755
"{SW_IN_POT_daily, LST_Day, LST_Night, EVI, NIRv, PFT}",2.0358396399986874e-07,0.10379669965989251,0.0909237665462629,0.12035846723943176,-0.8056428734111994,3.9196736900101725e-05,0.0011397233915385052,0.0002101674345887511,-0.0001630636515245476,0.00013903366867309974
"{TA, VPD, SW_IN, SW_IN_POT_daily, dSW_IN_POT, NIRv, NDWI_SWIR2}",4.5718052669099034e-07,0.057875876509922125,0.053353714958852744,0.05819822034620526,0.09045157297308683,0.002100275555820076,0.0027668210387610526,0.0029536376031107092,0.002152550150237971,0.003963269850509252
"{VPD, SW_IN, SW_IN_POT, dSW_IN_POT, dSW_IN_POT_daily, EVI, NDWI_SWIR2, PFT}",2.3491723473581917e-06,0.0543203689448889,0.05212370594773079,0.0564740278524311,0.1509148573506479,0.0025802976890956994,0.003033706727845538,0.0013758319052862775,0.0015423717124335365,0.005635259993927541
"{TA, VPD, SW_IN, SW_IN_POT_daily, dSW_IN_POT, PFT}",8.455195918302477e-06,0.06308595286447037,0.05603158670378945,0.07083356331221274,-0.11439127214750777,0.00841253524183419,0.0026736429962807493,0.002057179150598762,0.0019374203213025284,0.007836633909797719
"{VPD, SW_IN_POT, dSW_IN_POT, LST_Day}",7.453619342924919e-06,0.0738270065332727,0.0645670562039611,0.07531448815455544,-0.3217131513249201,0.008533458326134627,0.0011781468722708854,0.0033687478395939136,0.001301836214626144,0.0050655634891772355
"{VPD, SW_IN, dSW_IN_POT, dSW_IN_POT_daily, LST_Night, EVI, NIRv}",2.624228298809231e-07,0.05941504946455193,0.050974949465956876,0.06335602804293179,-0.11648757753312432,0.002594985931596662,0.0020599686270244277,0.0012517235244569463,0.002064914765564266,0.002691629012703728
"{VPD, SW_IN_POT, SW_IN_POT_daily, dSW_IN_POT}",1.1888678268659415e-05,0.07568741338696507,0.06784015028603402,0.07581101953637605,-0.3297798675611355,0.0073960023535101505,0.00035805100742740403,0.0029576313455178943,0.0006718872284121324,0.008742051890330643
"{TA, SW_IN, SW_IN_POT, SW_IN_POT_daily}",1.950668176073001e-05,0.0761944544483801,0.06462893910931633,0.08638152703980952,-0.5852476337719751,0.01289235554232425,0.000971592040175974,0.0019236390105763501,0.0019252931669430234,0.005753914478707753
"{VPD, SW_IN, SW_IN_POT, SW_IN_POT_daily, dSW_IN_POT_daily, LST_Night, EVI, NIRv, PFT}",1.5044421161395508e-06,0.054314595895693984,0.05240307432377565,0.05693253262236088,0.09235544949385305,0.0018735699781067608,0.0021607138556839073,0.0013553209933396884,0.0010234170168510331,0.004505990520204256
"{TA, SW_IN_POT, SW_IN_POT_daily, LST_Day, LST_Night, NIRv, NDWI_SWIR2}",8.777473423645939e-07,0.06374477835533922,0.059423895166805976,0.07021336055158435,-0.11483113858390327,0.002415750445062481,0.0026183174760176023,0.003040722995155287,0.0010298993917737254,0.0039019252505856777
"{TA, dSW_IN_POT, LST_Day, EVI, NDWI_SWIR2}",4.93834444198653e-07,0.08007085056239134,0.07233377243935027,0.09564008719938606,-0.4002714447748256,0.0023330227650227714,0.00267929429316896,0.00424859704005244,0.0038010060803671947,0.0033243734424573262
"{TA, VPD, SW_IN, SW_IN_POT, SW_IN_POT_daily, dSW_IN_POT, dSW_IN_POT_daily, LST_Night, EVI, NIRv, NDWI_SWIR2, PFT}",1.4727700691745077e-06,0.052939111614032815,0.05118897881848083,0.05755896483629226,0.09204874556067856,0.0022524733350134454,0.0024009771350872386,0.001711347215375282,0.0009073176183604301,0.004555386976080107
"{VPD, SW_IN, SW_IN_POT, LST_Day, LST_Night, PFT}",3.0917067705814104e-06,0.062116658790629026,0.0565189470408935,0.06705125316473717,-0.19310203389381828,0.0065677738169320765,0.004154112681724227,0.0020260180603234312,0.0018432496004541013,0.004641113402269026
"{SW_IN_POT, SW_IN_POT_daily, dSW_IN_POT, dSW_IN_POT_daily}",1.080323045054244e-05,0.07750080209105133,0.07185691509501396,0.08227482341488401,-0.3998719703802518,0.008293960857127164,0.00011012171256599701,0.004231955744089258,0.000598054899534059,0.006971245220407443
"{TA, VPD, dSW_IN_POT, dSW_IN_POT_daily, LST_Night, NIRv, NDWI_SWIR2}",2.668495304767535e-07,0.07274252814606463,0.06398252706536228,0.08031818015437116,-0.2512075839353036,0.0021437251583929784,0.0023517666404558046,0.0030822036184916107,0.0022758429214811693,0.003464320438078289
"{TA, VPD, SW_IN, SW_IN_POT, SW_IN_POT_daily, dSW_IN_POT_daily, LST_Day, LST_Night, NIRv, PFT}",2.142642003170972e-06,0.054110817519241204,0.0518699040228974,0.05749997048445782,0.07624871185305436,0.0017958511277770053,0.0026592707683880668,0.0015876639982505478,0.0006548463804052843,0.004968622028822173
"{TA, SW_IN_POT, LST_Day, NDWI_SWIR2, PFT}",1.8056083178162189e-06,0.06435810775584898,0.06114024949439703,0.06966745522634876,-0.05739738112366777,0.0025574874921375917,0.00375741147564404,0.0027567923482029466,0.001997884251541661,0.005811155667416135
"{VPD, SW_IN_POT_daily, dSW_IN_POT, dSW_IN_POT_daily, LST_Day, LST_Night, PFT}",2.4256209132369482e-06,0.0742313088814288,0.06677432544935424,0.08631073344340633,-0.43417290817513293,0.00466642403383305,0.002627401360383877,0.002164856006152918,0.0033740132516538734,0.006477022744183089
"{TA, VPD, SW_IN_POT, SW_IN_POT_daily, dSW_IN_POT_daily, LST_Night, NIRv, NDWI_SWIR2, PFT}",3.19825721003307e-06,0.05770370751275387,0.05519411548942778,0.06412056389012569,-0.010007017800128859,0.001774804947209295,0.0037342662305209842,0.0024123380081236545,0.0011330458648629374,0.006182993598533262
"{TA, SW_IN_POT, dSW_IN_POT, LST_Night, EVI, NDWI_SWIR2}",3.964371907599854e-07,0.06396141552761811,0.05978380008674673,0.0756090163603324,-0.206198100737826,0.0012040060985697779,0.002360423369423159,0.0022907795206507514,0.0011341800128598922,0.0026416425911811453
"{SW_IN, SW_IN_POT, SW_IN_POT_daily, dSW_IN_POT, LST_Day, LST_Night, EVI, NDWI_SWIR2}",3.6947830116120575e-07,0.05681072746996382,0.053280515183979006,0.06041319615817657,-0.005137483852908316,0.002503351729403122,0.0019155978560383008,0.002134347213236437,0.0008058306469600623,0.0023937387761341355
"{SW_IN, SW_IN_POT_daily, dSW_IN_POT, dSW_IN_POT_daily, LST_Day, EVI, NIRv, PFT}",9.224154170042068e-07,0.05510784794539928,0.05540046839444031,0.06055633435263959,0.13386041922888317,0.001887198536207349,0.0024090939205341014,0.001233425909774273,0.001004250648448675,0.00369205795111395
"{SW_IN, SW_IN_POT, EVI, PFT}",1.6093336416707943e-06,0.06309352142170481,0.06054162998962872,0.06342402449973011,0.1256800590895433,0.003068938748438395,0.0038749203783132943,0.0010973983722250627,0.003278369852039449,0.0049789688412118505
"{VPD, SW_IN, SW_IN_POT, SW_IN_POT_daily, dSW_IN_POT, dSW_IN_POT_daily, NIRv, NDWI_SWIR2, PFT}",2.2938887703522597e-06,0.054004282783169745,0.05508649204488039,0.05710697998086889,0.12605142167229735,0.0024001524014526654,0.003276930763980196,0.0015996785550219106,0.0014082366784287717,0.0055781606539101886
"{TA, dSW_IN_POT_daily, LST_Day, LST_Night, EVI, NIRv, PFT}",1.5242320144049013e-06,0.08467469421205384,0.08285871477969481,0.10940124723553124,-0.9743775572196633,0.00029183636853803707,0.002380659893411227,0.002890950650998564,0.0008304524390915641,0.0035483756011342737
"{TA, SW_IN, SW_IN_POT, SW_IN_POT_daily, dSW_IN_POT, dSW_IN_POT_daily, LST_Day, LST_Night, EVI}",3.462135487459549e-07,0.057551704820230816,0.05147838610446946,0.06384692530723013,-0.05098468911526227,0.002217572032965985,0.0013779821418504756,0.0016902843261178482,0.0006942613371769338,0.0022981017383169045
"{TA, SW_IN, SW_IN_POT, SW_IN_POT_daily, dSW_IN_POT, dSW_IN_POT_daily, EVI, NDWI_SWIR2, PFT}",1.5058108616750384e-06,0.053859533182179974,0.05152127118757132,0.05985092671459086,0.09939516537669278,0.002344598573256876,0.002869834782475836,0.0014476025825687008,0.0008865279917831398,0.004426747102158013
"{TA, dSW_IN_POT, dSW_IN_POT_daily, LST_Night, NIRv, PFT}",6.72389969780909e-07,0.07503375224302006,0.07342368830688797,0.09332262540402864,-0.3663006516587246,0.0022995837697659532,0.002653909350162756,0.003057348150872871,0.001798100980660411,0.0042213884910643346
"{TA, VPD, SW_IN, SW_IN_POT, dSW_IN_POT, dSW_IN_POT_daily, EVI}",1.6249762861015532e-07,0.060094074586983535,0.05187280536225138,0.060889741935615194,-0.026950063625397275,0.0018755416061510821,0.0013666995079191432,0.0016317395659930095,0.001313484078258896,0.002420314728779807
"{TA, VPD, SW_IN_POT, SW_IN_POT_daily, dSW_IN_POT, LST_Day, EVI, NIRv, NDWI_SWIR2}",7.111502257908049e-07,0.060387177641775945,0.05573811037989326,0.0678242506729734,-0.01373405889849777,0.0020929240823696627,0.0021401421479809724,0.0036564359676673763,0.0014344027698029102,0.00339280083398745
"{SW_IN_POT, dSW_IN_POT, dSW_IN_POT_daily, EVI, NDWI_SWIR2, PFT}",1.0356381512487576e-06,0.064130575943882,0.06588381189476059,0.06942216126257682,0.01755848099194492,0.002259634920730523,0.0023772040377650627,0.0015382981822965186,0.000866877111792827,0.003911316113930155
"{TA, VPD, SW_IN_POT, dSW_IN_POT, NIRv, NDWI_SWIR2, PFT}",2.5157504373223128e-06,0.05888549091596409,0.05505658681273658,0.06288808471921942,0.029548486676158114,0.0015960443894519546,0.00316881845084805,0.002160271854049732,0.0009823573585689485,0.005510690230044316
"{dSW_IN_POT_daily, LST_Night, NDWI_SWIR2}",4.838851664161152e-07,0.1074189103016311,0.09632267175882422,0.13162431696215307,-1.4986553926853077,0.0006337581185121149,0.0016804167256928015,0.00018011117806385202,0.0019540543095497714,0.0005098592603808572
"{VPD, SW_IN_POT_daily, EVI, PFT}",1.6676638663801983e-06,0.08494596224979992,0.07732446032861104,0.08374047435070459,-0.29223852568355085,0.0012130330669779255,0.003670989460913529,0.0014101702289332774,0.003852387720872326,0.0042320466608293805
"{TA, SW_IN, SW_IN_POT, dSW_IN_POT, NDWI_SWIR2}",9.941299219358458e-08,0.06116741880682997,0.057381732740993396,0.06455217394987395,-0.04246482099435761,0.0016471437572353614,0.0016995072155580743,0.0021917836157672663,0.0012046126620274891,0.0015868799368558006
"{TA, SW_IN_POT, SW_IN_POT_daily, dSW_IN_POT, NIRv}",7.275104949751977e-07,0.06811837987801851,0.059977725964781854,0.07746185723470889,-0.38004668898832633,0.0014622732958823187,0.001252632298169784,0.0032636453002447136,0.0007357426225104366,0.0017783112461291356
"{TA, VPD, dSW_IN_POT_daily, LST_Night, EVI, NDWI_SWIR2, PFT}",4.387566603504354e-07,0.07948268702333475,0.07217802363423247,0.09009574936509611,-0.5715176856897207,0.001031546770174932,0.002162083459579439,0.0015542397520939,0.0007352389724063699,0.002497150330632636
"{TA, SW_IN, SW_IN_POT, SW_IN_POT_daily, dSW_IN_POT_daily, EVI, NDWI_SWIR2}",6.841848048432709e-07,0.05782180115562922,0.054867987007866714,0.0604893935292871,-0.006060611314351298,0.0025303796253796987,0.0025974901612344087,0.0020861589771404565,0.002355969555008046,0.0044126211636619506
"{TA, SW_IN, dSW_IN_POT, dSW_IN_POT_daily, LST_Day, LST_Night, NIRv, NDWI_SWIR2}",6.790961258863337e-07,0.05656147234347366,0.05260924459132606,0.06025408852056563,-0.02539019940586475,0.002672992003277287,0.002710002385732914,0.0020215921326088293,0.001142401124333621,0.0036272652041809406
"{TA, SW_IN, dSW_IN_POT_daily, LST_Day, LST_Night, NIRv}",1.1316304201603184e-07,0.05928965909853437,0.05286529366998896,0.0652328536604688,-0.03186138020717366,0.001909552135444595,0.0017862176970802265,0.0018084946726238255,0.0010755588911393402,0.0020400685910577643
"{TA, VPD, SW_IN, SW_IN_POT, dSW_IN_POT, dSW_IN_POT_daily, LST_Day, NIRv}",1.439118903274023e-07,0.05862509427512826,0.05129404317743176,0.06245730104610382,0.0074748840558485075,0.0019517180833614894,0.0014911757354065178,0.002179178644440262,0.0014740817728589525,0.0024391189102768995
"{TA, VPD, SW_IN, SW_IN_POT_daily, dSW_IN_POT, EVI, NIRv, NDWI_SWIR2, PFT}",2.0358027227179485e-06,0.05421486384196337,0.052550590927848806,0.0583059559500793,0.16393046687397708,0.0018791876008486044,0.00284203091787108,0.0017966953876505931,0.001979349111054067,0.005565874324549594
"{TA, VPD, SW_IN, SW_IN_POT, dSW_IN_POT, dSW_IN_POT_daily}",4.36143477026094e-06,0.06729790107946751,0.05836093052568907,0.07137992876453718,-0.2714266320117393,0.0057828661680943,0.0007882148734265904,0.0029690097333131688,0.002091107857513555,0.0061438842105480534
"{dSW_IN_POT, dSW_IN_POT_daily, LST_Day, LST_Night, EVI, NDWI_SWIR2}",4.102118259084322e-08,0.08345744985005048,0.07976618612261045,0.10254196741399083,-0.32579013436105003,0.0028220648581217533,0.0024358341666802924,0.0030207751718615283,0.0027429274258836817,0.002568451746656805
"{TA, SW_IN_POT_daily, dSW_IN_POT, dSW_IN_POT_daily, LST_Night, NIRv, NDWI_SWIR2, PFT}",6.523734135821787e-07,0.07326704297408605,0.06973652141124725,0.09038363959639278,-0.4299083425090948,0.0012933036959875688,0.002380769626728396,0.0025642488309478573,0.0021849288755013546,0.0038049565929366563
"{SW_IN, SW_IN_POT, SW_IN_POT_daily, dSW_IN_POT_daily, LST_Night, EVI, NIRv, NDWI_SWIR2}",2.7975823875919634e-07,0.05775443510910106,0.05393730254382501,0.059392345349466746,-0.02546352449792629,0.0020655578448275855,0.002450816721488079,0.0018205446734688435,0.0018994316358423163,0.0032647539612893767
"{SW_IN, SW_IN_POT, SW_IN_POT_daily, dSW_IN_POT, dSW_IN_POT_daily, EVI, NDWI_SWIR2, PFT}",1.5013034796060217e-06,0.05503987952223067,0.05260074322526429,0.0594709498673203,0.14612238230761782,0.002315418298558032,0.0031318400201171687,0.001520653960741837,0.001344018681182245,0.004697669739316124
"{VPD, SW_IN, SW_IN_POT, dSW_IN_POT_daily, LST_Night, EVI, NDWI_SWIR2, PFT}",2.135287220090507e-06,0.05391273705999585,0.05057892424837559,0.057018591811543735,0.10552064057096615,0.0021441387365336434,0.0029609594079948454,0.001384212465206404,0.0014073753657089516,0.00532910952291063
"{dSW_IN_POT, dSW_IN_POT_daily, LST_Day, LST_Night, NIRv, NDWI_SWIR2, PFT}",1.2267370416135047e-07,0.08150529661576239,0.07896591287465773,0.0995365455919916,-0.3487393363936278,0.0018216650205518103,0.0023424242491506403,0.002277403811453013,0.0020737380377917475,0.0028773784119773826
"{TA, SW_IN_POT, SW_IN_POT_daily, EVI, NIRv, PFT}",2.7542696510155123e-06,0.0628732774408227,0.06149808742505451,0.06824117124975476,0.023237823446683403,0.0013918298070775131,0.002863443737909449,0.0032530810519790926,0.000746694465116618,0.005515431753319672
"{TA, VPD, SW_IN, SW_IN_POT, dSW_IN_POT_daily, LST_Day, LST_Night, NIRv, NDWI_SWIR2, PFT}",2.2378630592507185e-06,0.053403462304553846,0.051718444049689546,0.05739968587966075,0.06425099403999107,0.0024449039833208883,0.003139950215273718,0.0012001587089341334,0.0010726559257622434,0.005165440612234493
"{TA, VPD, SW_IN, SW_IN_POT, SW_IN_POT_daily, dSW_IN_POT, dSW_IN_POT_daily, LST_Day, LST_Night, NDWI_SWIR2, PFT}",1.0590181014982644e-06,0.054309468422753186,0.055631357298177496,0.06245336243708968,0.061160138850716916,0.003238281552226295,0.0033482661994095816,0.001790018831301303,0.0011838016073031504,0.003907632358089955
"{TA, VPD, SW_IN_POT, dSW_IN_POT_daily, LST_Day, NDWI_SWIR2, PFT}",2.1712041218945084e-06,0.05968075146449525,0.05590996705769247,0.0652395325816798,0.04346849837143579,0.0026331248276943303,0.004252327086817352,0.0027658781154094522,0.0020548044391624568,0.006133261236187057
"{VPD, SW_IN_POT, dSW_IN_POT, LST_Night, EVI, NIRv}",1.3448024876570643e-07,0.06398704237718394,0.055523470496035204,0.07146044545286137,-0.15172492468425805,0.0014708662859020255,0.0013423541678198522,0.0022729614563500034,0.0016841733390186922,0.002144906224011839
"{TA, VPD, SW_IN_POT, SW_IN_POT_daily, dSW_IN_POT, dSW_IN_POT_daily, LST_Night, EVI, NIRv, NDWI_SWIR2}",3.4985109124958415e-07,0.059689695642571386,0.05507759069191338,0.07057815003995942,-0.09858028819078185,0.0021274563616573705,0.0024171216954925953,0.0029552966812687945,0.0016169285670041209,0.0032863606678161933
"{SW_IN, dSW_IN_POT_daily, EVI, NIRv, PFT}",1.5081439458287039e-06,0.05873434360636788,0.060414446511087704,0.06260852725869648,0.10471271480915324,0.0018498708173071213,0.0034984929359190772,0.0014964862602462742,0.0027507535990230966,0.00492180363314873
"{TA, VPD, SW_IN, SW_IN_POT, SW_IN_POT_daily, dSW_IN_POT, dSW_IN_POT_daily, LST_Day, LST_Night, NIRv, PFT}",2.2601822324359216e-06,0.05372914495696222,0.051471871507646705,0.05843103426720797,0.06970825571800182,0.0016345794118954177,0.0023576666281196965,0.0014082130605834811,0.00032637667655687624,0.00481919429936177
"{VPD, SW_IN, SW_IN_POT, SW_IN_POT_daily, dSW_IN_POT, LST_Day, LST_Night, EVI, NIRv, NDWI_SWIR2}",5.28872676032356e-07,0.05593949034654965,0.05206978167656576,0.05603775176569198,0.09871206924942962,0.0026791955906236425,0.0015848593860695107,0.0022814673427702242,0.0012138569980327946,0.003228227970237335
"{SW_IN_POT, SW_IN_POT_daily, EVI, NIRv, NDWI_SWIR2, PFT}",2.0411154000304138e-06,0.06642190199746748,0.07128748610537285,0.06992760826203383,0.011014186057015632,0.002740143418349175,0.004258617940591125,0.0021385554231568293,0.002360970892359253,0.005929571159973029
"{TA, VPD, SW_IN_POT, dSW_IN_POT, dSW_IN_POT_daily, LST_Day, LST_Night, NIRv, NDWI_SWIR2}",6.176374903210244e-07,0.06002192938920752,0.05529268425174844,0.06971883499937617,-0.07663377726591004,0.0023461299210887493,0.0025771941218997382,0.0032107486612817163,0.0010886229398703665,0.003249372861972813
"{SW_IN, SW_IN_POT_daily, LST_Day, LST_Night}",1.955938252283366e-06,0.06780453816282331,0.059638983506481155,0.06751174728881454,-0.09530501560419609,0.005391592185822622,0.001487295683028779,0.0026355935046750434,0.0017421818080865653,0.002320528230743385
"{TA, VPD, SW_IN_POT_daily, dSW_IN_POT, LST_Day, NIRv, NDWI_SWIR2, PFT}",2.6496318274271244e-06,0.06955340303151819,0.06355223671794011,0.07649331800008134,-0.13546111237731667,0.001694638547068826,0.0024300912137531494,0.0015612381044552148,0.0029103701221266515,0.006028123368887112
"{SW_IN, SW_IN_POT, SW_IN_POT_daily, dSW_IN_POT, dSW_IN_POT_daily, LST_Night, NIRv, NDWI_SWIR2}",2.0953941565272606e-07,0.056792270878020454,0.0527580620634811,0.06063156886905657,-0.04934231312616997,0.002151492924363438,0.0019486393228479934,0.0021843446850197887,0.0012170442410706084,0.002614659211262374
"{VPD, SW_IN, SW_IN_POT_daily, dSW_IN_POT, LST_Day, LST_Night, NDWI_SWIR2}",4.978092872332332e-07,0.05940894329626728,0.05499064486958025,0.06496775728326039,-0.005749075467220606,0.0037229956046209503,0.0018446693011991214,0.0026148068461517293,0.001845907620572837,0.0021148994885906436
"{TA, SW_IN, SW_IN_POT, SW_IN_POT_daily, dSW_IN_POT, dSW_IN_POT_daily, LST_Day, PFT}",3.892424104378445e-06,0.05959520971092538,0.0572145914477771,0.06776247682623582,-0.1158158889321922,0.0065820982974690995,0.002504216434753584,0.0033494048729301243,0.0010308878515870173,0.0052781757671806345
"{VPD, SW_IN_POT, LST_Night, EVI, NDWI_SWIR2}",4.859970130606584e-07,0.06314374371328427,0.05752032525913067,0.06763044323992408,0.03561464955887004,0.001574729382116502,0.002822786719495353,0.002232138008215867,0.0024135202430950603,0.0036835190173945126
"{SW_IN, SW_IN_POT, SW_IN_POT_daily, dSW_IN_POT_daily, LST_Night}",1.846480991843395e-05,0.07251075891085082,0.06396790790572007,0.08643003848376311,-0.7224154378629626,0.01285907890635439,0.0007146893804397189,0.0033549012811343454,0.0026923784749901536,0.007196406778823453
"{SW_IN, SW_IN_POT_daily, dSW_IN_POT, dSW_IN_POT_daily, LST_Day, LST_Night, NDWI_SWIR2, PFT}",1.1128894280361337e-06,0.05576210681530487,0.05823912010014856,0.06386657038055556,0.0318024834602591,0.0025910460738699584,0.0038784815038184484,0.0020028395298847188,0.001520725784214104,0.004248206043275776
"{VPD, SW_IN_POT_daily, dSW_IN_POT, NIRv, NDWI_SWIR2, PFT}",5.003973795663415e-06,0.07131694165921772,0.06801921902291247,0.07733258384396043,-0.09423498374406503,0.001654070386363407,0.0033234184949684498,0.0008568681149650204,0.004899188744024702,0.007057284491512175
"{TA, dSW_IN_POT_daily, LST_Day, LST_Night, NIRv, PFT}",1.363396251380295e-06,0.08498017560887873,0.0831809157054931,0.10906724962549678,-0.9176128335135562,0.00042146923319417995,0.0021940347010130645,0.003086367786328967,0.0006445432910466703,0.0031493338885123096
"{TA, SW_IN_POT_daily, dSW_IN_POT, LST_Day, NIRv, PFT}",1.4013836017893409e-06,0.07537940310758201,0.0705301182488467,0.09101221747907774,-0.21897248908111874,0.002682226004308008,0.0026857647524240053,0.0036050259764187492,0.002545402599518,0.0056841677808271845
"{VPD, dSW_IN_POT, EVI, NIRv, NDWI_SWIR2}",2.377689851894729e-06,0.07749315021389042,0.06708392807488506,0.07675144718985194,-0.021087182408456178,0.00189096987315171,0.003896016999966473,0.002657204953165626,0.006205122559388231,0.004897264114312697
"{VPD, SW_IN, SW_IN_POT, dSW_IN_POT, dSW_IN_POT_daily, LST_Night, NIRv, PFT}",2.0237957863048384e-06,0.05468154513254639,0.052642579592998937,0.05946915983901283,0.05192356626920839,0.00208266861386084,0.001965032907323222,0.001979682630058016,0.0006379626062736482,0.004964193625372454
"{SW_IN, SW_IN_POT, SW_IN_POT_daily, dSW_IN_POT_daily, LST_Day, NDWI_SWIR2, PFT}",1.1549384811299892e-06,0.05720634351254112,0.05874264672733104,0.061053513336751575,0.0802976024704589,0.0031640461221199775,0.003774659737077919,0.0012853109172406216,0.0016099239012800151,0.0038039249689754695
"{TA, VPD, SW_IN, dSW_IN_POT_daily, LST_Night, NIRv}",1.4957903837102303e-07,0.06136511499532036,0.05134220475499433,0.06845448531255949,-0.20483804512008308,0.001979271541622453,0.0018891040253927877,0.0017401347429759628,0.001285473117337739,0.002484175776858444
"{TA, VPD, SW_IN, SW_IN_POT, SW_IN_POT_daily, dSW_IN_POT, LST_Night, PFT}",9.201728077246634e-06,0.06090946276226675,0.05477595743966378,0.0725997814297755,-0.1880280607376769,0.008728981802230022,0.0023302403997526727,0.001694371391700679,0.001546525064463282,0.007153473981410349
"{TA, VPD, dSW_IN_POT, EVI, NIRv}",5.915078474135448e-07,0.07864039307097581,0.06493106979086807,0.0834388548453629,-0.1662194066472296,0.0019044539573854907,0.003023734709186432,0.002882860234163079,0.004299854836855112,0.002762006728100369
"{SW_IN, SW_IN_POT, SW_IN_POT_daily, dSW_IN_POT, dSW_IN_POT_daily, LST_Night, NIRv}",1.978815035158484e-07,0.05985326385456931,0.05212029682556463,0.07186662593364729,-0.4396125472643799,0.0019943251687538008,0.0013222383931304552,0.001919366415748254,0.001062107515946556,0.0022527787933946802
"{TA, SW_IN_POT, SW_IN_POT_daily, dSW_IN_POT, dSW_IN_POT_daily, LST_Night, EVI, PFT}",1.736810387359193e-06,0.061211279844806926,0.059615005940445255,0.07358944010453433,-0.13464338804071976,0.0017832977684045653,0.0023845352705711073,0.002451906798954795,0.0002116829765044584,0.004312735819250957
"{TA, VPD, SW_IN_POT, dSW_IN_POT_daily, LST_Day, LST_Night, NIRv, PFT}",3.6373552149776933e-06,0.058875057570791305,0.05457845080897138,0.06473968965404325,0.0024125640433305304,0.0021008770807248098,0.003213750106131487,0.002353393004599358,0.0007851778158231015,0.0064656089638928105
"{SW_IN, SW_IN_POT, SW_IN_POT_daily, NIRv, NDWI_SWIR2}",5.024215576076065e-07,0.06184634393825952,0.058702203876781885,0.06077280549580179,0.05776676715631037,0.0032610346245352598,0.004354766242627955,0.0029264971055128278,0.003912740452218226,0.004877129479311418
"{VPD, SW_IN, SW_IN_POT, SW_IN_POT_daily, dSW_IN_POT_daily, LST_Day, LST_Night, EVI, NIRv, PFT}",1.7110866338205557e-06,0.0539190059725291,0.052538232357011466,0.05686979815466356,0.10916993827898892,0.00223202096373136,0.0024295957337255453,0.0011986980071175962,0.0007290055281737873,0.004510248033627512
"{TA, VPD, SW_IN, SW_IN_POT, dSW_IN_POT_daily, LST_Day, LST_Night, EVI, NDWI_SWIR2}",7.605219141474388e-07,0.05653395682572929,0.05214278678847968,0.05762944903474873,0.07699442839404293,0.002793323561681417,0.0023394698574733044,0.0019054099628535992,0.0017335585839683004,0.004169987956406496
"{TA, dSW_IN_POT, LST_Day, LST_Night, NDWI_SWIR2}",7.068013055237968e-07,0.08175057189017546,0.0721708705900045,0.09159723048620441,-0.5116416868140219,0.004994510127509427,0.003056844533166972,0.0032797907992943853,0.004406002985205611,0.002822336731626379
"{VPD, SW_IN_POT, dSW_IN_POT_daily, NIRv}",1.6249318421211757e-07,0.06789328376053343,0.057266236562758116,0.06823807175891058,-0.13470489571562727,0.0017738103620235507,0.002505390961436406,0.002052128228393929,0.0029404938654109536,0.0024875943778586707
"{TA, SW_IN_POT_daily, dSW_IN_POT_daily, LST_Day, LST_Night, EVI, PFT}",1.1061193774842836e-06,0.08394905817960428,0.08185249675044826,0.11154077942733927,-0.9204112935622671,2.1265472478965153e-05,0.0018737557384077425,0.0022430029267070384,0.0006373418614231685,0.0028831266401644906
"{TA, VPD, SW_IN, SW_IN_POT_daily, dSW_IN_POT, EVI}",2.4738480486698935e-08,0.061564282589490094,0.052219762233776876,0.06092147202626813,0.011386494594222677,0.0018564032351525567,0.0017002641593836382,0.0020589566567524586,0.001592022784625717,0.0018201252317018163
"{VPD, SW_IN, SW_IN_POT, SW_IN_POT_daily, dSW_IN_POT, LST_Day, NIRv, NDWI_SWIR2, PFT}",2.3491873127850653e-06,0.054219152878099114,0.05522740917275365,0.05650170738798239,0.14252418047155446,0.002618525475783229,0.002853683439881287,0.001563895416242557,0.0006501605166994162,0.005209221338122572
"{TA, SW_IN_POT, dSW_IN_POT_daily, LST_Day, EVI, NIRv}",1.9390270630390296e-07,0.06575247855423749,0.059157083209426864,0.07542166105590362,-0.1886435928315917,0.0021354189722023534,0.0021103330751478383,0.0027841263638666985,0.0018010565459029432,0.0029636953944894434
"{TA, VPD, SW_IN, SW_IN_POT, LST_Night, PFT}",1.0501683250202608e-05,0.06351766870680593,0.05646309700037194,0.0739797106685122,-0.24722923141875866,0.009204059167136458,0.0031430604024267894,0.001324271035226747,0.0012486657850135849,0.0073101752420236255
"{VPD, SW_IN, SW_IN_POT, SW_IN_POT_daily, dSW_IN_POT_daily, EVI, NDWI_SWIR2}",6.668707074693769e-07,0.05842766186811902,0.05516187340534505,0.058711964891800555,0.1164593499443718,0.0031122013618127,0.0030059084561856464,0.002404979967824482,0.0034338421939880126,0.004853343140409527
"{VPD, dSW_IN_POT, dSW_IN_POT_daily, PFT}",1.3017772041282667e-05,0.08459998059290452,0.07217139115365072,0.09233037171249142,-0.3400310826475244,0.012834172774276259,0.004766701220415462,0.0033784502141734063,0.008601073156333204,0.011104718705574584
"{VPD, SW_IN, SW_IN_POT, SW_IN_POT_daily, dSW_IN_POT_daily, LST_Night, NDWI_SWIR2}",1.0682826863369119e-06,0.06006606265602847,0.053714438062396355,0.0646003953377557,-0.05391202542015041,0.004605820347428041,0.0021926992645867824,0.0016171524555251213,0.0030330887971603063,0.0022773570002218857
"{TA, SW_IN_POT_daily, dSW_IN_POT, dSW_IN_POT_daily, NDWI_SWIR2}",1.3209228535227162e-06,0.07956859347307839,0.07015464598709502,0.09650225249494956,-0.6914069991325994,0.0036873907275138257,0.002259563492663305,0.002626198775725175,0.00460904169520563,0.0012941380534618185
"{SW_IN, SW_IN_POT_daily, dSW_IN_POT_daily, LST_Day, PFT}",6.596495192132844e-06,0.06309172980879504,0.06466047776073769,0.06767575428166359,-0.012466821424802247,0.0054222684115680445,0.0019730878919910766,0.003453282398017274,0.0014095085481136277,0.00846616564490943
"{VPD, SW_IN_POT_daily, dSW_IN_POT, dSW_IN_POT_daily, EVI, NDWI_SWIR2}",9.423841281650378e-07,0.07401385693094224,0.06511585249582769,0.07597112938067219,-0.09781547619172605,0.002363800067287397,0.002953279303656922,0.0025290321271638216,0.00492035080393477,0.004014943905121221
"{VPD, SW_IN_POT, LST_Night}",1.5043942664481294e-05,0.0802731958196694,0.06777411920199052,0.0852601270825001,-0.5868587523052099,0.011720263379901272,0.0008699596811323207,0.0017938847816210135,0.003052608339987689,0.005204487645201955
"{VPD, SW_IN, SW_IN_POT, SW_IN_POT_daily, dSW_IN_POT_daily, LST_Night, NIRv, NDWI_SWIR2, PFT}",2.019111250297991e-06,0.05359459815432685,0.052269002976985474,0.05746050759247028,0.08832621352494857,0.00184821765434421,0.003106712670157191,0.0016849598779762748,0.0010462171642031254,0.005056687444956395
"{VPD, SW_IN, dSW_IN_POT, dSW_IN_POT_daily, EVI, NDWI_SWIR2, PFT}",1.8919000405853152e-06,0.05509853273361521,0.05338956561014935,0.05786587148469391,0.12710500813094242,0.0027902049043190408,0.002957199190135179,0.0019406398508246409,0.0024874887922693434,0.0058719668758037274
"{TA, SW_IN, dSW_IN_POT_daily, NIRv, PFT}",2.448428514738865e-06,0.056914633676775836,0.05496128966494806,0.0603786539078638,0.07739910477311923,0.0012850321646838206,0.0029960115084446404,0.002025063007438828,0.0015489345266858703,0.005593514028057009
"{VPD, SW_IN, SW_IN_POT_daily, dSW_IN_POT, dSW_IN_POT_daily, LST_Day, LST_Night, EVI, NIRv, NDWI_SWIR2, PFT}",1.581874844344536e-06,0.05315238478971892,0.05125667271433551,0.05652993304175079,0.13097237498908434,0.002219695641728081,0.0024703526734940404,0.0013664858672891647,0.0011378613569105467,0.004683365523974373
"{VPD, SW_IN_POT, SW_IN_POT_daily, dSW_IN_POT_daily, LST_Day, EVI, NDWI_SWIR2}",6.551487415849421e-07,0.0612887891510776,0.05684737845868792,0.0649757210501002,0.05290845960644863,0.0023889995567553113,0.002897646363214851,0.0027860679153658557,0.002167232958511095,0.004472813415395557
"{SW_IN_POT, SW_IN_POT_daily, dSW_IN_POT_daily, EVI, NDWI_SWIR2, PFT}",1.0619577477045354e-06,0.0648230716398719,0.06653260000065578,0.06901787508322217,0.03890333888069031,0.0021900090182775667,0.0030399804466548774,0.0016276647983062276,0.001655177556612479,0.0043643707064889015
"{VPD, SW_IN, SW_IN_POT_daily, LST_Night, EVI, NIRv}",2.8291582515255174e-07,0.06106306169549447,0.052565572547425665,0.06215905580004062,-0.07384811969618327,0.002361487779783303,0.0018803432531638575,0.0012587295862924938,0.0023319846503179822,0.0028362754088555042
"{SW_IN_POT, SW_IN_POT_daily, dSW_IN_POT_daily, NIRv, NDWI_SWIR2}",7.360352491347333e-07,0.06747172418912083,0.06883952073553314,0.07239091092498123,-0.09329604235014884,0.002466618501909733,0.0036397155837536166,0.0019545158198614465,0.0017946881369027765,0.003873809069181472
"{TA, SW_IN, dSW_IN_POT, dSW_IN_POT_daily, LST_Day, EVI, NIRv, NDWI_SWIR2}",5.495489684644309e-07,0.0567278825346632,0.053948825793540975,0.06113783416598775,0.04934094399148451,0.0022079421042696112,0.0024007977757474347,0.0022228654040121407,0.0019320615484779008,0.0040059160892620405
"{TA, VPD, SW_IN, SW_IN_POT_daily, dSW_IN_POT, LST_Night, NDWI_SWIR2}",4.605820816887562e-07,0.05936000682195086,0.05439472708504675,0.06367495819889447,-0.019428119119283955,0.0035593862634131015,0.0015954673236039177,0.0020462585074871587,0.001914314968304763,0.0021719642227547714
"{TA, SW_IN, LST_Night}",2.944310163228987e-05,0.08009893123285533,0.0647583909754298,0.09144764398760416,-0.668963870124517,0.016834899211472715,0.002479458297558683,0.0031777042715809695,0.002868735957749717,0.005954472360920171
"{TA, SW_IN, SW_IN_POT, SW_IN_POT_daily, dSW_IN_POT_daily, LST_Day, LST_Night, NIRv, NDWI_SWIR2}",1.0712496442280902e-06,0.05665969907281153,0.052136879169405626,0.05882780191489942,-0.030470917845697127,0.003045080052726787,0.0024870149393431337,0.0020749933481158875,0.0012409451424613069,0.004340644750864361
"{TA, VPD, SW_IN_POT, SW_IN_POT_daily, LST_Day, LST_Night, EVI, NDWI_SWIR2}",6.715790733589955e-07,0.06133220498972124,0.056774229359465966,0.0665212464482296,0.04847283798426166,0.0022816741391972484,0.0027287931479522895,0.003414220406903444,0.001575916366995507,0.0039002195219729335
"{SW_IN_POT, LST_Day, LST_Night, NIRv, NDWI_SWIR2, PFT}",1.5423761961317167e-06,0.06508693776080651,0.0670219792531042,0.0690250176578884,-0.05138800095110132,0.0018548084443381144,0.0021984718812963766,0.0021118302386148313,0.0006220862208510952,0.00445994500984484
"{TA, SW_IN, SW_IN_POT_daily, dSW_IN_POT, dSW_IN_POT_daily, EVI, NIRv, NDWI_SWIR2}",3.3266651374475296e-07,0.05693817332695797,0.05449057379195525,0.059885592801964205,0.03879104021998686,0.0022082212739820695,0.0025894087277313627,0.002490590166188217,0.002659100492288416,0.0038767474691363685
"{TA, VPD, SW_IN_POT_daily, LST_Day, PFT}",5.709300763233011e-07,0.08536766711559622,0.07663027218811463,0.09820869226157926,-0.40842266589319404,0.002844489838071035,0.0024303672002008586,0.0026599923438604817,0.0020286552468493507,0.004252870041274351
"{VPD, SW_IN, SW_IN_POT, SW_IN_POT_daily, dSW_IN_POT, dSW_IN_POT_daily, LST_Night, EVI}",1.9853069258264494e-07,0.05910406417978343,0.05156627952433231,0.06727646602634177,-0.27279749367027234,0.0022730129001429025,0.0014461843557207477,0.0011864038171834554,0.0014417875104890399,0.002219941572823389
"{TA, SW_IN_POT, SW_IN_POT_daily, LST_Night, EVI, PFT}",3.2530673815246035e-06,0.06263117505275678,0.05987552459160066,0.0697916190233665,-0.04533239032008518,0.0016307738081638642,0.0027138639170953063,0.002683049156205944,0.0003694627332569214,0.005815560284717622
"{TA, SW_IN, dSW_IN_POT, LST_Day, LST_Night, NDWI_SWIR2}",2.5368557846743126e-07,0.06062172065727034,0.05584024868236244,0.06638061675425157,-0.08248474126936833,0.0028244434354270168,0.0021193212382199372,0.0024123765645758313,0.0014857902074181112,0.002840194456328271
"{SW_IN_POT, SW_IN_POT_daily, dSW_IN_POT, dSW_IN_POT_daily, LST_Night}",7.481722613497326e-06,0.07527805192635928,0.07056131824204674,0.08889068159835466,-0.5841776650818505,0.007317790952215589,0.00039458752942880815,0.0027353757293378522,0.0011954021730209638,0.006205169773467439
"{SW_IN, SW_IN_POT, dSW_IN_POT_daily, NDWI_SWIR2, PFT}",1.860302800020556e-06,0.06029017692727102,0.061881967255792605,0.06209265340277029,0.023192226912329066,0.0028234522426806435,0.00411296014933888,0.001942311266243911,0.004138324537637135,0.005964375778868838
"{TA, SW_IN, SW_IN_POT, LST_Day, EVI}",6.076856327322188e-07,0.06250648862933676,0.053200141936084425,0.062448071828794846,0.015500518454516813,0.0019348550092547628,0.0013919390149506536,0.0033799151934505167,0.0011994506622318712,0.0023664156569252054
"{VPD, LST_Day}",1.6302340854606974e-05,0.1051690132680999,0.09029438015948141,0.11306054165396337,-1.1043343803955898,0.011695910609472157,0.0014419067780516992,0.0007003628984292853,0.0025752816283219765,0.0022105720799608375
"{VPD, SW_IN, dSW_IN_POT, dSW_IN_POT_daily, EVI, NIRv}",3.400204380388141e-07,0.06133222210936442,0.05753465824938255,0.06225757214279104,0.009505933364324815,0.002816244218671854,0.003019867575222053,0.0015102124135708064,0.002424696919644344,0.0031113239950377874
"{TA, SW_IN, SW_IN_POT_daily, dSW_IN_POT, dSW_IN_POT_daily, LST_Night, EVI, NDWI_SWIR2, PFT}",1.3238814219401161e-06,0.053627344747260455,0.050715596759799884,0.06001914532591367,0.0636633776264872,0.002067429077105158,0.002971410896084506,0.0013953666593813224,0.0011589408598982331,0.004306512772823928
"{TA, VPD, dSW_IN_POT, dSW_IN_POT_daily, LST_Day, LST_Night, EVI, PFT}",1.27112982148737e-06,0.06998970876786743,0.062328680392470026,0.0810336837456346,-0.210887064867876,0.0025432907910042934,0.001931782462875703,0.0021503279484952342,0.0015341038653401834,0.00473768402456802
"{TA, VPD, SW_IN, SW_IN_POT, SW_IN_POT_daily, LST_Day, NDWI_SWIR2}",1.0736409316724545e-06,0.06032380052376709,0.0540436243987865,0.059945276523994374,0.05641774732027308,0.004587845868605771,0.0022341822027374322,0.001982930287077002,0.0016526973100608744,0.002697513460511239
"{VPD, LST_Day, EVI, NIRv, NDWI_SWIR2}",3.652983321158772e-07,0.08543948172898648,0.07604481500589333,0.08545813268116724,-0.40507105851353103,0.001151569428908636,0.002243488045227754,0.0022748739081687036,0.0024124989191540713,0.0030227044166197814
"{TA, VPD, SW_IN_POT, SW_IN_POT_daily, LST_Night, PFT}",1.0019508256697542e-05,0.06667532279165117,0.059777195726354274,0.07700300936711155,-0.2883903276334204,0.008961027977605174,0.003209512087537454,0.0025747190311400797,0.0017975133290657266,0.00888597581499631
"{SW_IN_POT_daily, dSW_IN_POT_daily, LST_Day, LST_Night, NDWI_SWIR2, PFT}",1.0030887493298122e-07,0.10386717038654214,0.0902811729511975,0.12012763996233022,-0.9619399813645216,-2.53676476464626e-05,0.0006807067141974404,-0.000275652031394763,2.4855491517802863e-05,5.3033494688770055e-05
"{TA, SW_IN_POT, SW_IN_POT_daily, LST_Day, LST_Night, PFT}",3.3363248738589025e-06,0.06648385852693857,0.059679637534514794,0.07988083711943493,-0.156209132580415,0.006229032566842589,0.003619035768563955,0.004513414694612028,0.0010922082905704192,0.005775120524228669
"{VPD, SW_IN_POT, SW_IN_POT_daily, dSW_IN_POT_daily, EVI, NIRv, NDWI_SWIR2}",1.2719823369924435e-06,0.06165176663917227,0.05784430966137234,0.06525667998489579,0.03166152454255444,0.0018789848684307928,0.0031300429371178204,0.002834806637730676,0.003605827687080225,0.005303656892938172
"{TA, SW_IN_POT, dSW_IN_POT_daily, LST_Day, NIRv}",3.123922550687014e-07,0.06666436844262522,0.058723876904373376,0.07674990019174255,-0.2052399074351745,0.0022880636393309214,0.0018587926425382706,0.0027624481317620603,0.001391755207817584,0.002889521806092754
"{TA, SW_IN, SW_IN_POT, dSW_IN_POT_daily}",2.3588881469949707e-05,0.0760330851187377,0.06448912197784552,0.09052831670120567,-0.5638560126279778,0.014281545562625106,0.0012562734887481553,0.002831477621444589,0.001821203907082701,0.006978839089203784
"{SW_IN, SW_IN_POT, SW_IN_POT_daily, dSW_IN_POT, LST_Day, NDWI_SWIR2, PFT}",1.483048728292153e-06,0.05687718104947287,0.05819523408194778,0.059172659361426024,0.06478511322291573,0.0034629459817291514,0.00339806052961375,0.0010431934278996996,0.0007846553179813517,0.0033159731478008825
"{VPD, SW_IN, SW_IN_POT, dSW_IN_POT, LST_Day, EVI, NDWI_SWIR2, PFT}",2.030614732047412e-06,0.0546202796494406,0.05224981902685135,0.05690580037075359,0.15899526916100973,0.002347215120541153,0.0024037458571373113,0.0015311064782714337,0.0010372356214096642,0.0051537100360658505
"{TA, VPD, SW_IN_POT, SW_IN_POT_daily, dSW_IN_POT_daily, LST_Night, EVI, NIRv, NDWI_SWIR2}",8.175562862263592e-07,0.060556828005480935,0.05585820291849028,0.06691469988259507,-0.019137874686650846,0.00200656627940618,0.00325964956232052,0.002886766943875768,0.0019349856164757456,0.004392934985957178
"{TA, SW_IN, dSW_IN_POT_daily, PFT}",2.6268089429105885e-05,0.07070880539091431,0.05951454615291412,0.07442474606489814,-0.34292986611204773,0.01594288302216744,0.004405490043207526,0.00611823038511454,0.0029941433422482136,0.013317376270455011
"{VPD, SW_IN_POT, SW_IN_POT_daily, dSW_IN_POT_daily, NIRv, NDWI_SWIR2}",7.892342396757465e-07,0.06214194451528971,0.058467719787517754,0.06518347718038203,0.01382982784476964,0.002476516500238786,0.0032966086960971447,0.0028986539515755694,0.003292835590531451,0.0050793493261356015
"{dSW_IN_POT_daily, LST_Day, EVI, NIRv}",4.230463193213372e-07,0.10553753699285938,0.09203394868280132,0.122460077977435,-1.1544971631745142,-8.414950756260864e-05,0.0018511491867323482,0.0007351615366611719,0.0006447437684945628,0.0002854866844215209
"{TA, VPD, SW_IN, SW_IN_POT_daily, dSW_IN_POT, EVI, NDWI_SWIR2}",3.380683057388643e-07,0.05789822979586389,0.05373753594741159,0.05960346941365352,0.12672199846415014,0.0022632521774146666,0.0023935620164458465,0.0030074131326259523,0.0025261074269231007,0.003858055977996183
"{SW_IN_POT, SW_IN_POT_daily, dSW_IN_POT, dSW_IN_POT_daily, LST_Day, LST_Night, EVI, PFT}",1.0654185392640947e-06,0.06339467669259694,0.06433999146323555,0.073525459179758,-0.1038830818821615,0.0018039161711598944,0.0018598374746644636,0.0020015408105903826,1.2998457391395768e-05,0.0032459089516189282
"{SW_IN, SW_IN_POT_daily, dSW_IN_POT_daily, LST_Day}",3.246741768923606e-06,0.06840310178159775,0.06112718214244947,0.06749542438250072,0.0016749734136400536,0.004912627033493405,0.00109387851940837,0.002508714853180438,0.0019335388106074963,0.005806942142887572
"{SW_IN, SW_IN_POT, SW_IN_POT_daily, dSW_IN_POT, LST_Day, LST_Night, EVI, NIRv, PFT}",9.913984619861083e-07,0.05473416840780434,0.053518438751156444,0.05951629286857948,0.1153051632652098,0.001492125593129598,0.0016673356809599887,0.0015239808328310483,0.00023255264880674142,0.0033549390830684006
"{VPD, SW_IN, SW_IN_POT, SW_IN_POT_daily, LST_Day, LST_Night, EVI, NIRv, NDWI_SWIR2}",8.933089829588379e-07,0.056719037899553466,0.05217670635692702,0.05722058996280974,0.12799010805557545,0.002731345324340495,0.0019252225200899128,0.002258764602243876,0.0013635965579401194,0.004153469622687464
"{dSW_IN_POT_daily, LST_Day, LST_Night, NIRv, NDWI_SWIR2}",1.5480494643498057e-07,0.10451536073947476,0.09014643495798302,0.12494672689263792,-1.287937572318565,0.0004407037419928428,0.0013673860255004333,0.0008663909796623043,0.00022098465544051482,0.0006335694233625122
"{TA, VPD, SW_IN, SW_IN_POT, dSW_IN_POT, LST_Day, LST_Night}",1.9132589119065282e-06,0.06375676040697867,0.05550036109952938,0.06989535431057978,-0.1531461068713814,0.004840906313611559,0.0008274580564541431,0.0027247387501500644,0.001384314776367003,0.002532248669377901
"{SW_IN, SW_IN_POT, SW_IN_POT_daily, LST_Night, NIRv, PFT}",1.198579959319831e-06,0.057078086330330235,0.05579261458218396,0.06062155509945634,0.049341735093233176,0.0013251006448082858,0.0021024697433934952,0.0017927984774476283,0.0008904199499106258,0.004063710308893298
"{SW_IN_POT, SW_IN_POT_daily, LST_Night, EVI, NIRv, PFT}",1.2397962149346327e-06,0.06572500144645284,0.06781780495477233,0.07430193672330736,-0.037438310934813014,0.001529369832268923,0.0025381663181083536,0.002419503266853293,0.0011652484306420088,0.004374092607880714
"{TA, SW_IN, SW_IN_POT, dSW_IN_POT, dSW_IN_POT_daily, LST_Day, LST_Night, EVI}",2.5575442633781253e-07,0.05786389509554699,0.051730565068299546,0.06337192520821167,-0.022129609538383315,0.0021427105031514015,0.0013831590266963553,0.0016717150340771064,0.0008503918681971381,0.0022201097275294235
"{VPD, SW_IN, SW_IN_POT_daily, dSW_IN_POT_daily, LST_Day, EVI, NDWI_SWIR2}",1.0030966335523607e-06,0.05777993128526085,0.0539288150284654,0.058565210796369505,0.12501401989481933,0.0030709122323447843,0.0026294234659389806,0.001746135984004027,0.0022633229902286334,0.004682864311265175
"{TA, SW_IN, SW_IN_POT, dSW_IN_POT_daily, EVI, NDWI_SWIR2, PFT}",2.009776857934886e-06,0.054820153988489946,0.051854765463097016,0.05872105411399087,0.11598818749494776,0.0022796992008903977,0.003207138619806857,0.0017094461690737722,0.0017888472552511983,0.0055301606411742865
"{VPD, SW_IN, SW_IN_POT, SW_IN_POT_daily, LST_Night, NDWI_SWIR2}",8.944564559129578e-07,0.061232975763768197,0.053688995821951746,0.06518283211184325,-0.029255403680796283,0.00459089449645271,0.0021653969074968693,0.0019300635093432994,0.0029478326665493965,0.002504282415206338
"{TA, VPD, dSW_IN_POT, dSW_IN_POT_daily, EVI, NDWI_SWIR2}",3.477732056014964e-07,0.07400101234500826,0.06515288745598696,0.08166057740606318,-0.14655079721178907,0.0024168128760830854,0.002910953536141153,0.0034866591963350763,0.0038110225116200977,0.004018069045078204
"{TA, VPD, dSW_IN_POT_daily, LST_Day, LST_Night, NIRv, NDWI_SWIR2}",2.654687859849956e-07,0.08160762536681578,0.0710961167981557,0.09144217711066893,-0.6982442779019995,0.0012261377537834545,0.0019016135785912408,0.002057271504088437,0.0011882198588174173,0.0025407539934992063
"{TA, SW_IN_POT, LST_Night, NIRv, PFT}",3.841551913565772e-06,0.06415467256100288,0.059433277638872406,0.0692692438634877,-0.06159224507614144,0.0020866960219097577,0.0027044617290590545,0.002955091225571166,0.0006364578532746176,0.00656349870679547
"{VPD, LST_Day, LST_Night, EVI, NIRv, PFT}",2.9799969078673223e-07,0.08294655080262384,0.07481203357153443,0.087712013181165,-0.42070044488483954,0.0006624936454658892,0.002186109888125898,0.0014341378454910264,0.0013881741922568344,0.0020581058200106334
"{VPD, SW_IN_POT, dSW_IN_POT_daily, NDWI_SWIR2, PFT}",3.3078711805648517e-06,0.06180208638089116,0.05803643033494494,0.06559077324458246,0.033860197643442,0.0028673226733150065,0.0041459921357196935,0.0024437871603539135,0.004488083502191785,0.007614041825754925
"{SW_IN_POT_daily, dSW_IN_POT, LST_Day, LST_Night, NDWI_SWIR2, PFT}",9.824271786246828e-07,0.08255707450105573,0.07902226034530418,0.09588251217196042,-0.21041166639929884,0.0012208459798711407,0.0038659400012833883,0.0019535055859964123,0.0034940236120116624,0.003126963648001843
"{VPD, SW_IN, SW_IN_POT_daily, LST_Night, EVI}",1.7219885486036661e-07,0.06252314016428737,0.05304375272924211,0.06417650000374883,-0.14398233651089928,0.0021361614098165255,0.0016689651065640645,0.0011428876176869524,0.0022495410488200113,0.0021474859342363872
"{TA, VPD, SW_IN_POT_daily, dSW_IN_POT, LST_Night, EVI, NIRv, PFT}",1.8058145218867543e-06,0.07056998529132327,0.06446697182752892,0.08177487467369826,-0.11178679634277472,0.00228272338780567,0.002326024669637189,0.0022621799952161903,0.002275892044231821,0.005645795735245873
"{SW_IN_POT, SW_IN_POT_daily, LST_Day, NIRv}",4.883222745070222e-07,0.07169786319642918,0.06662343219355675,0.06900650763739219,0.0013211924763153655,0.0023170451041285983,0.0030221211513267593,0.0024828536115884814,0.0009565910022543284,0.0025916270570813804
"{LST_Night, EVI}",1.3789511196842337e-06,0.1113366640417862,0.0963765524838534,0.13380539768789818,-1.4784758044445239,0.0008715781620565327,0.0029879053034082975,7.218366701366996e-06,0.002545051418007621,0.0004805329079156928
"{VPD, SW_IN_POT_daily, LST_Day, NDWI_SWIR2, PFT}",1.1640773967130397e-06,0.08301810718155046,0.07890305517899418,0.08624049755363483,-0.4837948105245123,0.0010724323376857248,0.0032288728495397934,0.0012623004883015598,0.003085439036982357,0.003675871523543983
"{TA, SW_IN, SW_IN_POT, dSW_IN_POT, LST_Day, LST_Night, NIRv, PFT}",1.8484796306179092e-06,0.055246771490147326,0.05325329779399737,0.059691262554032204,0.05281370589389125,0.0017773246287988709,0.0022068704460883257,0.001635037015364743,0.00012430244541904167,0.004345241005442799
"{TA, SW_IN_POT, dSW_IN_POT, LST_Day, LST_Night, EVI, NIRv}",3.094871276490024e-07,0.06484976509904312,0.05760967337320079,0.07830023468168565,-0.29530628744795956,0.0017427316284601008,0.0015112657648169991,0.002850555966374721,0.001239109200366316,0.002080051663790383
"{SW_IN, SW_IN_POT, SW_IN_POT_daily, dSW_IN_POT_daily, LST_Day, EVI, NIRv, NDWI_SWIR2, PFT}",1.1167890313945115e-06,0.05511515728729138,0.05325249048995537,0.05976459402453995,0.1579404713730654,0.002373610234282543,0.002671840478167868,0.0012040005427611383,0.0010885759909301032,0.003967062216204353
"{VPD, SW_IN, dSW_IN_POT_daily, LST_Day, PFT}",1.1227443524121895e-05,0.06417765675317275,0.05830105788823818,0.06853110777176291,-0.13670121580960615,0.008636250513534269,0.0033795752039288834,0.0032096918569259197,0.0022612001733650564,0.010612877487597525
"{VPD, SW_IN_POT, dSW_IN_POT, EVI, NDWI_SWIR2, PFT}",2.4655088024172517e-06,0.05927847139651771,0.054932192156482026,0.06113001316551732,0.09305807955574934,0.0019333182946988658,0.002890627573707734,0.0014758038590124423,0.0014549276411448056,0.005642221760930141
"{TA, VPD, SW_IN, dSW_IN_POT_daily, LST_Night, EVI, NIRv, NDWI_SWIR2, PFT}",1.665915340967445e-06,0.0536897243589204,0.05162843817695236,0.05723298846292513,0.0743511615378269,0.0020224097630974214,0.002972280344594805,0.001333009844589117,0.0014906323934618312,0.004845877129985993
"{VPD, SW_IN, SW_IN_POT, SW_IN_POT_daily, LST_Day, PFT}",8.069395355405223e-06,0.06477497999118628,0.062365529501936676,0.06331764428983916,-0.05893085939927387,0.007637309296916028,0.002854022149964948,0.00278487835448378,0.001623762238619958,0.008596232776346316
"{VPD, SW_IN_POT, SW_IN_POT_daily, dSW_IN_POT_daily, EVI}",9.391030333087277e-08,0.06631101338087282,0.056767231072581414,0.06845661881982995,-0.08442842583715802,0.0024470633013844445,0.002512365369697199,0.001774271042985262,0.0026548505373673176,0.002455551186362148
"{TA, VPD, SW_IN, SW_IN_POT, dSW_IN_POT, EVI, NDWI_SWIR2, PFT}",1.9245261914884587e-06,0.054496177932469456,0.05093197171166043,0.05787735028512691,0.1459715979799721,0.002011735621946356,0.002679397886787893,0.0014831935895264076,0.001233123626423499,0.0050909794911037365
"{SW_IN, SW_IN_POT, dSW_IN_POT_daily, LST_Day, EVI, NDWI_SWIR2, PFT}",1.1506958669259634e-06,0.055723354045275876,0.052968062533822684,0.059844611264772266,0.14056324580967494,0.002621060155632453,0.0028761484894847603,0.001119140839418789,0.001477711050681979,0.0041311324735987115
"{TA, VPD, SW_IN, dSW_IN_POT, dSW_IN_POT_daily, LST_Day, EVI, NIRv}",1.64376227520527e-07,0.05847549977791341,0.05129405920181636,0.06121372229508882,0.030957421893291537,0.0020283282039803285,0.001842201273021711,0.0019977875425096076,0.0012405328076211322,0.002499984947446965
"{TA, SW_IN, SW_IN_POT, SW_IN_POT_daily, LST_Day, LST_Night, NDWI_SWIR2, PFT}",9.274148697114981e-07,0.055966223456845106,0.055605793534757336,0.06220153132837006,0.038761845639167215,0.0031660849101920185,0.003765464543690658,0.002188212136820286,0.0014753630440435886,0.004033273619489755
"{TA, VPD, dSW_IN_POT, EVI, NIRv, NDWI_SWIR2, PFT}",3.033469542367658e-06,0.07149331110772077,0.06343550768636574,0.07677717403014087,-0.13027525488585598,0.0010409222445646182,0.002481198294665088,0.0019320153087534347,0.0025415295743383554,0.00613988458038793
"{VPD, SW_IN, dSW_IN_POT_daily, EVI, NDWI_SWIR2, PFT}",2.193566865234524e-06,0.055548571276171056,0.05333276089892777,0.05824107257131102,0.11760772118194125,0.0025912059689606956,0.0030702593941243222,0.0018192506971962535,0.0030305174575853827,0.006155341434270767
"{VPD, SW_IN, SW_IN_POT, SW_IN_POT_daily, EVI, NIRv}",4.789133535834473e-07,0.06229736010614643,0.057615691710754875,0.061557947482103276,0.06827891770416476,0.003334814933263028,0.002986388296501191,0.0013126519861145144,0.0025951793595489006,0.00282026295173117
"{SW_IN_POT, SW_IN_POT_daily, dSW_IN_POT, LST_Day, LST_Night, EVI, NIRv, NDWI_SWIR2, PFT}",1.1770384640313014e-06,0.06283209921364452,0.06452349102235244,0.07006607975333229,-0.032501887948810405,0.0020128927568963464,0.0017853954323099885,0.0021183197184829194,0.00023644871879032608,0.0036500342244517037
"{VPD, SW_IN_POT, SW_IN_POT_daily, dSW_IN_POT_daily, LST_Day, LST_Night, EVI, NIRv}",7.520810086127424e-08,0.06192822704832868,0.05453216286978267,0.06838505364939143,-0.012604203834825542,0.0017981171605767066,0.0016839429256175903,0.0020521816185616326,0.0015484460754021517,0.002317404635915496
"{TA, VPD, SW_IN_POT, dSW_IN_POT_daily, LST_Day, LST_Night, EVI, NIRv, NDWI_SWIR2}",8.108513042670856e-07,0.06038054205443988,0.05574199176079795,0.06595304848335115,-0.018003720586660166,0.0021524469617118375,0.0028157160122313854,0.002933614909127559,0.0017156775913374847,0.004362420416208643
"{VPD, SW_IN, LST_Day, LST_Night, EVI, NIRv}",2.306797059479873e-07,0.0601772042120817,0.05249352051294825,0.06072811021338874,0.06938705372607556,0.002349172807834761,0.0012860747020634403,0.0012522376882072098,0.0014361927181119338,0.0022397767806299207
"{SW_IN_POT, dSW_IN_POT, dSW_IN_POT_daily, NIRv, PFT}",1.4241031338545125e-06,0.06591714407270077,0.0685374959057341,0.06978558336360151,0.003726979300589998,0.001328461183833625,0.002190691616421006,0.001837774550263585,0.00047192266863789467,0.004067366625656668
"{VPD, SW_IN_POT, SW_IN_POT_daily, dSW_IN_POT_daily, NIRv}",2.6576865067286725e-07,0.06625141373193408,0.05567641417696609,0.07029333458677539,-0.14848865995908164,0.0010753078222243556,0.0022273571603368125,0.0020267945159137546,0.002620377875969436,0.0022029203857501234
"{TA, SW_IN_POT, dSW_IN_POT, LST_Day, PFT}",3.929706759402722e-06,0.06828296736960193,0.06121429333020413,0.08004758122710337,-0.27019887961227956,0.006341655459874182,0.0031190489337808436,0.004029110039525344,0.0006165649898533382,0.005409769895177427
"{TA, NIRv, PFT}",1.0154465130618153e-06,0.09451497822751898,0.08890169482065374,0.11465652281801111,-0.8346972878829616,0.0007823527302923267,0.0033896410352769885,0.003174873864540892,0.003324962676184373,0.0032927376283743426
"{TA, EVI, NDWI_SWIR2, PFT}",5.063638111072901e-07,0.08910619359829383,0.0826066699391669,0.11087768515473842,-0.9642776859942002,0.0007991773822026149,0.0020796076401639885,0.002306869262858849,0.0016368168423544355,0.0029324427136858816
"{TA, VPD, SW_IN_POT_daily, dSW_IN_POT, dSW_IN_POT_daily, LST_Day, LST_Night, NIRv}",8.901311110306489e-08,0.07310207784288382,0.0619877350809528,0.08312232249275933,-0.34290103124532517,0.002463971754166752,0.0018138659323211903,0.0024969927435228856,0.0018138219093111613,0.0021352413986841234
"{TA, SW_IN, dSW_IN_POT, dSW_IN_POT_daily, LST_Day, EVI, NIRv}",2.396052873972283e-07,0.05892080454340551,0.052386105018384435,0.0632529501984703,0.017659976311697523,0.001878120842047179,0.0019443732552386767,0.0023359625924075506,0.0012792603579324796,0.0027445716287025773
"{VPD, SW_IN, SW_IN_POT, SW_IN_POT_daily, dSW_IN_POT, dSW_IN_POT_daily, LST_Day, EVI, NDWI_SWIR2}",4.59155748728982e-07,0.056392438558966,0.05310222673956421,0.05721396840457105,0.09980858725110552,0.003141568532721961,0.0021213684422301607,0.00210808970122435,0.0014357315079302074,0.0032082319614437083
"{TA, VPD, SW_IN, SW_IN_POT_daily, dSW_IN_POT_daily, LST_Day, LST_Night, EVI, PFT}",1.5876694190202498e-06,0.05419962268726872,0.05116622757794506,0.056871848330369845,0.11010596200959466,0.0019539510917517267,0.0026523092861954964,0.0014506714365347395,0.0007615772115207101,0.004448767956482899
"{VPD, dSW_IN_POT, EVI, NDWI_SWIR2, PFT}",3.806363900900515e-06,0.07318085316705457,0.06500203667012808,0.07959953723799236,-0.0780635155249081,0.0019670796731127566,0.0031851331901973506,0.0012524456338424,0.004513529238993674,0.0067417911982052825
"{SW_IN_POT, dSW_IN_POT_daily, LST_Day, LST_Night, EVI, NIRv, NDWI_SWIR2}",4.654894256353163e-07,0.06573382539165393,0.06554166419239074,0.07463771712792071,-0.18840709801395938,0.0018098352805971524,0.0023621746012508077,0.0016223514201134104,0.0010884951778265609,0.0030894073773699154
"{TA, VPD, SW_IN, SW_IN_POT, LST_Day, LST_Night, NIRv}",3.766280894245621e-07,0.05985763814005067,0.05192655280444693,0.0615184065810145,0.05704744644506584,0.002437857407536735,0.0014394329261563157,0.0022865680666652316,0.0010343371008297159,0.002608315231718103
"{SW_IN, SW_IN_POT, SW_IN_POT_daily, dSW_IN_POT, dSW_IN_POT_daily, LST_Day, LST_Night, EVI}",2.3488717729175037e-07,0.05785482287589348,0.05166321432963165,0.06416710426232711,-0.024687358106929624,0.0022280727192420177,0.001513888512897292,0.0014296544418296864,0.0007735047078472196,0.0018607165840811984
"{TA, SW_IN_POT, SW_IN_POT_daily, dSW_IN_POT, dSW_IN_POT_daily, LST_Night, NIRv}",6.296845419665952e-07,0.06588740732536814,0.057901579132352346,0.08444638660983911,-0.6065226253017614,0.002618122478821608,0.0015604277414331957,0.002395890155545366,0.0004723331963780719,0.0023839763050258894
"{TA, VPD, SW_IN, SW_IN_POT, SW_IN_POT_daily, dSW_IN_POT, dSW_IN_POT_daily, LST_Night, NDWI_SWIR2, PFT}",1.0032539996959188e-06,0.05444729866166999,0.05532007806205276,0.06554984556566631,0.04298669323328708,0.0026209545616328184,0.0033002800689764036,0.0014221661435646002,0.001383256344155516,0.0038983835753347573
"{SW_IN, SW_IN_POT, dSW_IN_POT, EVI, NIRv}",1.9152992474314918e-07,0.06296679589066624,0.058317030519660806,0.06353118959603057,0.03581303050875079,0.002544243819631045,0.0027796140937568284,0.0020680536784789677,0.0016097229422809833,0.0018209895442606316
"{VPD, SW_IN_POT, SW_IN_POT_daily, dSW_IN_POT, dSW_IN_POT_daily, LST_Day, LST_Night, EVI, NDWI_SWIR2, PFT}",1.5198291555158192e-06,0.0570136649372885,0.05360368463315324,0.06467943641016027,0.03418890262999935,0.0021015713877005765,0.002442838967130226,0.0019221260506435134,0.0009318017376862345,0.004663858431457113
"{VPD, SW_IN_POT, dSW_IN_POT, dSW_IN_POT_daily, LST_Night, NIRv, PFT}",1.978498271102441e-06,0.05882589618040285,0.05419150242254708,0.06633498647783387,0.000137723179920853,0.0019313207145344041,0.0022507052814300793,0.0019768517920758857,0.0009405920765577155,0.005111178868082156
"{VPD, SW_IN_POT, SW_IN_POT_daily, LST_Day, LST_Night, EVI}",1.0103969545956986e-07,0.06353173948345038,0.05535254001927508,0.06796967880919591,0.03241041232099362,0.0022637632325901297,0.0017709677236720164,0.0023486890534024293,0.001484713279265082,0.0019442737727208281
"{SW_IN_POT, dSW_IN_POT, LST_Night, EVI}",3.1616000940964146e-07,0.07020241063090159,0.0652264969312133,0.0815127212373297,-0.4259151729161323,0.0012176851009472467,0.0020360016880579673,0.002050912572244351,0.0008730056376799675,0.0023545399928601024
"{TA, SW_IN_POT_daily, dSW_IN_POT, dSW_IN_POT_daily, LST_Night, EVI, NIRv, NDWI_SWIR2, PFT}",6.070891467884836e-07,0.07304099062830692,0.06970927340769767,0.09016391655093195,-0.402316610385665,0.0012642980642288693,0.0022498274336288093,0.0024608544939009463,0.002230173634874759,0.0037008830102433915
"{TA, SW_IN, SW_IN_POT, SW_IN_POT_daily, dSW_IN_POT, dSW_IN_POT_daily, LST_Day, LST_Night, NIRv, NDWI_SWIR2, PFT}",1.7111948820261779e-06,0.0532915687946013,0.05295253834678863,0.05883113660437712,0.055949376635916835,0.0022002501133472976,0.00279770501319105,0.0014527940463284414,0.0004663402249114462,0.00435633539489283
"{TA, VPD, SW_IN, NIRv, NDWI_SWIR2}",7.16757243955247e-07,0.06014083327881029,0.05423660544784029,0.05823055998055982,0.07228921431663365,0.0020494993066757367,0.003103101721563549,0.0022624948274652668,0.002662777335496788,0.004435099573999665
"{VPD, SW_IN, SW_IN_POT_daily, dSW_IN_POT, LST_Day, LST_Night, NIRv, PFT}",1.906313987022702e-06,0.05473473543623161,0.05283175138242513,0.05813241895133264,0.11444537734150216,0.0019510812739353123,0.0025775535484879875,0.0016319336638482354,0.0007688121670505615,0.004861016792501199
"{VPD, SW_IN_POT_daily, dSW_IN_POT_daily, LST_Night, NIRv}",2.275246328998846e-07,0.08573496229790387,0.07547857162475322,0.10415586534744561,-1.2261231510205746,0.00046918860979992816,0.0015966915362131823,0.0015247538219153867,0.0018534600178726351,0.0012134899096826052
"{SW_IN, SW_IN_POT, dSW_IN_POT, dSW_IN_POT_daily, LST_Day, LST_Night, EVI, NIRv}",1.9384692431528408e-07,0.05767548328963648,0.051423925280330844,0.06262953878605496,-0.014533133845574439,0.0019736444787021787,0.001497499280361074,0.001571665771092641,0.000797135440727445,0.002021389737801832
"{TA, VPD, SW_IN_POT, SW_IN_POT_daily, dSW_IN_POT, LST_Day, EVI, NIRv, PFT}",1.8371237530728872e-06,0.058510072285437434,0.055162801402396586,0.066711663588232,0.05838725026421512,0.001504981678942273,0.002349321549072289,0.002558222246757731,0.00042275960516341415,0.004528039014747298
"{TA, VPD, SW_IN, SW_IN_POT, dSW_IN_POT, dSW_IN_POT_daily, LST_Day, LST_Night, PFT}",2.8727566731429695e-06,0.05801779924301597,0.05346447069456476,0.06909569793745765,-0.1647733595666624,0.005963066154643856,0.002769698356198981,0.002036636610177986,0.0011338002150557969,0.004160365295798718
"{VPD, SW_IN_POT, dSW_IN_POT, LST_Night, NIRv, PFT}",2.2944609890820983e-06,0.059995673409324664,0.05448962514529377,0.06733364322669398,-0.0034115314851577336,0.001693208453913686,0.0019891317886785373,0.002287688968393771,0.0007151167784927789,0.005220333236714433
"{TA, VPD, SW_IN_POT, SW_IN_POT_daily, dSW_IN_POT_daily, LST_Night, EVI, NDWI_SWIR2}",3.176146686743247e-07,0.06089204338713463,0.05637489374871912,0.0669963794931477,0.006761676089326096,0.0023759910721841346,0.0030947685150287396,0.00293013030027061,0.001889871449792531,0.003496549197017043
"{TA, SW_IN, SW_IN_POT_daily, NIRv, NDWI_SWIR2, PFT}",2.0680028644417613e-06,0.0555111954030188,0.05472579620779685,0.05901463937052294,0.08152169380357495,0.0018009245208321922,0.0036606545155171907,0.0018018340813020992,0.0019023166751048967,0.005420635537641202
"{TA, VPD, SW_IN, dSW_IN_POT_daily, LST_Day, EVI, PFT}",1.9690265173060983e-06,0.055203177565245135,0.051693659548434426,0.05756950175910473,0.13459542828769147,0.001990354612808519,0.0028344953395865596,0.0015914092103858912,0.0010886017054858102,0.005080188236340433
"{VPD, dSW_IN_POT, dSW_IN_POT_daily, NIRv, NDWI_SWIR2, PFT}",3.582558293434225e-06,0.07100391813742789,0.06784275899014439,0.0791351404798821,-0.1493307552700869,0.0016162825700633127,0.003137407739788836,0.0013423800633146493,0.004669130565330151,0.006370076888666781
"{VPD, SW_IN_POT, SW_IN_POT_daily, dSW_IN_POT_daily, PFT}",2.5889475152218023e-05,0.06980515962189016,0.0626311650159957,0.07236293115517847,-0.13177838779157283,0.013615456700349818,0.0021393674496488005,0.004718638815564877,0.0029210121435492703,0.013391605893681324
"{TA, VPD, dSW_IN_POT, dSW_IN_POT_daily, NIRv, NDWI_SWIR2, PFT}",2.1858992583490807e-06,0.06985974908054253,0.06541767330684065,0.07701515479687168,-0.22407735732927106,0.00169305691299719,0.0027768956788035287,0.0015271095273951263,0.0025806320866942623,0.005636269225153451
"{SW_IN_POT, dSW_IN_POT, dSW_IN_POT_daily, LST_Night, NIRv, NDWI_SWIR2, PFT}",8.610997956639138e-07,0.06316649445473022,0.06473018614510123,0.07205098877573153,-0.10253341741940059,0.001773812106273663,0.0016785929462902194,0.0019745961550779456,0.0003673926403918795,0.0032861096862228795
"{TA, VPD, SW_IN, SW_IN_POT, SW_IN_POT_daily, EVI, NIRv, NDWI_SWIR2}",1.0350849929197395e-06,0.05793782952384128,0.05308851610459428,0.057521613798133434,0.12850801513756435,0.002264848810085242,0.002698223181983518,0.002768360514581736,0.0029206498105429912,0.005147516418701051
"{TA, VPD, SW_IN_POT_daily, dSW_IN_POT_daily, LST_Night, EVI, NIRv, NDWI_SWIR2, PFT}",2.851271274995422e-07,0.07872320676469313,0.07239338728628078,0.08943476596913669,-0.5671976517486481,0.0005529159013673707,0.001710129315325562,0.0012723773384387266,0.0007686766129518519,0.001954152739617132
"{SW_IN, SW_IN_POT, NIRv}",1.2117267282773187e-06,0.06924702250109226,0.060769050900480355,0.06510511470075066,-0.00045792617747799264,0.0009613407514657418,0.004137803197502392,0.001832533191785543,0.002525954278088695,0.0014726978406258834
"{TA, SW_IN, dSW_IN_POT_daily, LST_Night, EVI, NIRv}",2.4515580869870995e-07,0.06018827907967935,0.052027048792994454,0.0658701476728061,-0.22176901079761516,0.002485640197894483,0.0020727751174766038,0.0012234122671763228,0.001591667729055217,0.0024688133781747557
"{VPD, SW_IN_POT_daily, dSW_IN_POT, EVI, NIRv, PFT}",3.6206881919318035e-06,0.07279083037821642,0.06833428131439717,0.0756525550794612,0.011872465734033241,0.0029034947840497066,0.004076773885545726,0.0016748255826812553,0.005559335666138643,0.007063294855277055
"{SW_IN_POT_daily, dSW_IN_POT, dSW_IN_POT_daily, LST_Day, EVI, NDWI_SWIR2, PFT}",1.5622487040385365e-06,0.08081274756716192,0.07910153758218676,0.09785348976039648,-0.10774695985355555,0.0006530302760033718,0.0028251464241548785,0.0006207486107426691,0.002787763755039939,0.0036911292481125596
"{VPD, SW_IN_POT, NIRv, NDWI_SWIR2}",8.052563243322081e-07,0.06552150488748008,0.05897948173422858,0.06640712884711655,0.05900468742454451,0.002393650431363678,0.0035205401069713163,0.0025051589662483664,0.0040817658670077375,0.004720331323818744
"{SW_IN_POT, SW_IN_POT_daily, dSW_IN_POT, dSW_IN_POT_daily, LST_Night, NIRv, NDWI_SWIR2}",1.4144560593169138e-07,0.06492049487284451,0.06433019516210822,0.07776438235025546,-0.26228659564243845,0.0021771015314440492,0.0016269073020214742,0.0020427717683380447,0.001098375615853707,0.0017261147628809537
"{VPD, dSW_IN_POT, LST_Day, EVI, NIRv, NDWI_SWIR2, PFT}",2.68011055683173e-06,0.07136005036843214,0.06501855156658921,0.07338098242837116,-0.06047496470207969,0.0019196683743878534,0.0027030611251151054,0.0014684117922528078,0.0032920819572616195,0.006125036802266684
"{SW_IN_POT, NDWI_SWIR2}",3.625776916054001e-06,0.0817650515127591,0.07943222650989658,0.0758576060686442,-0.011021742933787807,0.0034402019239552772,0.005696460777996584,0.00227430169404208,0.0076684294900224576,0.003725345818981027
"{TA, VPD, SW_IN, SW_IN_POT, dSW_IN_POT_daily, LST_Day, EVI, NIRv, NDWI_SWIR2, PFT}",2.183028865006559e-06,0.053677973118797476,0.050892822916530855,0.05690292396981527,0.1391717108961731,0.0021532270889493207,0.0031253489159319345,0.001462364399293918,0.0018104145226875978,0.005561334564403629
"{TA, SW_IN_POT, dSW_IN_POT, LST_Day, NIRv}",1.2831663696721678e-06,0.06699404365872916,0.05811104243283216,0.07569488679407058,-0.25602356545703003,0.0013133573380419566,0.0016156172808955704,0.004192419557287927,0.001089651623978033,0.0015886749414997237
"{TA, VPD, SW_IN_POT, SW_IN_POT_daily, dSW_IN_POT, dSW_IN_POT_daily, NDWI_SWIR2}",3.307666971375109e-07,0.062906023783895,0.057003789290644,0.0719754332175857,-0.13266420848585747,0.0029894044773873807,0.001710286338828769,0.0027760563643859926,0.0015727836772489248,0.002580439235723403
"{TA, VPD, dSW_IN_POT, LST_Day, LST_Night, NIRv, PFT}",1.624328540288376e-06,0.07175318187240316,0.06610653700934965,0.08001279333411915,-0.1998702587029945,0.0025217547236371513,0.0023677559658522723,0.002334575131852104,0.0018867783700037416,0.005419752691467064
"{TA, VPD, SW_IN, SW_IN_POT, NIRv}",3.5718986696090894e-08,0.06366128235732474,0.05180986283957114,0.061726439825513874,-0.0074743060889656725,0.0015645065872724184,0.0017959678649591346,0.001778390504387127,0.0015344954549895845,0.00205805026478989
"{TA, VPD, SW_IN, SW_IN_POT, LST_Day}",1.4210927835621764e-06,0.06709404719157586,0.05665135350662715,0.06732058250490025,-0.08172560957575366,0.0037953127484891686,0.0006720349988340313,0.0022934299293312227,0.0008940426000222448,0.0008893947066831859
"{SW_IN, SW_IN_POT_daily, dSW_IN_POT_daily, NIRv, PFT}",1.6363128794849799e-06,0.057876736757852175,0.05914617448557971,0.06496340043685653,0.05859151274353593,0.0009578079436416628,0.003148749275222476,0.001175598147218064,0.002265606581578594,0.004406047412174638
"{TA, VPD, SW_IN, dSW_IN_POT, dSW_IN_POT_daily, LST_Day, NDWI_SWIR2, PFT}",1.3709620012190768e-06,0.05545339557996975,0.054784587542331245,0.062119869989305174,0.06773700480898111,0.002532049397095268,0.004040817887044974,0.0019010150251115646,0.0019448036691790058,0.004800252739528374
"{TA, VPD, SW_IN, dSW_IN_POT_daily, EVI, NIRv, NDWI_SWIR2}",1.457448928758334e-06,0.05777934614423397,0.05346323142625869,0.05804263028486151,0.09428497489842191,0.0018385006071753723,0.002839039910959129,0.0022148636937977598,0.0029974796422168326,0.0053028768133494
"{TA, VPD, SW_IN, SW_IN_POT_daily, dSW_IN_POT, dSW_IN_POT_daily, LST_Day, LST_Night, NIRv, NDWI_SWIR2, PFT}",1.6531389507031235e-06,0.05298587591637957,0.05210707386010567,0.0581993044561554,0.08825652078410595,0.0020323082543614104,0.0031476937640565056,0.0013832939523851298,0.0010057216646757391,0.004543897919631862
"{SW_IN_POT, SW_IN_POT_daily, LST_Day, LST_Night, NIRv, NDWI_SWIR2}",7.855548365156491e-07,0.06669744499000696,0.06585259977562266,0.07044290549544521,-0.13142242635264118,0.002256502376753823,0.002385947132576921,0.0025536753439533016,0.0005634105709016943,0.0032423506276523933
"{TA, SW_IN, SW_IN_POT_daily, dSW_IN_POT, LST_Day, LST_Night, EVI, NDWI_SWIR2, PFT}",1.4199689436028169e-06,0.05390201054828818,0.05146069876491787,0.05852142654669332,0.09834512644030734,0.0018683396533469565,0.0030805175032389068,0.0017798560986324527,0.001140748668224889,0.004500267979778497
"{TA, SW_IN, SW_IN_POT, SW_IN_POT_daily, dSW_IN_POT, LST_Day, LST_Night, EVI, NDWI_SWIR2}",5.286134556181197e-07,0.056521267018017005,0.05289163592116468,0.05924648500437421,0.005841971516813353,0.002375713445368431,0.0018647409399192363,0.0026298341466580097,0.0010976261369739018,0.003253376402816602
"{dSW_IN_POT, dSW_IN_POT_daily, LST_Day, LST_Night, EVI, NIRv, NDWI_SWIR2, PFT}",9.58408534205573e-09,0.08128518167807869,0.07866612692844102,0.10043420043153711,-0.3074899044129908,0.0020193004452669083,0.0019380643351178672,0.0021216153584999176,0.0021281316087731483,0.002222173459717286
"{TA, SW_IN, dSW_IN_POT, dSW_IN_POT_daily, LST_Day, LST_Night}",2.4556329544815227e-06,0.0646363464185487,0.056029460528033384,0.07092777141896014,-0.29534522252115697,0.00587102261228839,0.001546839529127611,0.002941604742053426,0.0016509611252675388,0.002648294512667959
"{TA, VPD, SW_IN_POT_daily, dSW_IN_POT, dSW_IN_POT_daily, LST_Day, LST_Night, EVI, NIRv}",1.465992335173472e-07,0.07269209560307043,0.0623706753932873,0.08398347776749596,-0.33085719280079484,0.002030140653955792,0.001870187826916253,0.002599953454893375,0.0014957085073590837,0.002354290570592485
"{dSW_IN_POT_daily, EVI, NIRv}",3.198378641719114e-06,0.10892417043339213,0.10044273798677808,0.1227905162938517,-0.737100151996107,0.0015185744908211424,0.005282311811390439,0.0006211285804134659,0.0023855392284320293,0.0002858327983907283
"{TA, VPD, SW_IN_POT, dSW_IN_POT, LST_Day, EVI, NIRv}",5.723520472396512e-07,0.06349027683965133,0.05572089793676372,0.07024567649908822,-0.048613654045913356,0.0023653479483090947,0.001685528422801813,0.0035119964326709163,0.001286202027690725,0.0020800756687326533
"{VPD, SW_IN, SW_IN_POT, dSW_IN_POT, dSW_IN_POT_daily, LST_Day, LST_Night, EVI}",2.0640714485336952e-07,0.05778435072132304,0.050534914727376964,0.0612333311943183,0.054062989715156884,0.00257905004965768,0.0015458320574554124,0.0016103102296129088,0.001229226231497585,0.0018667288352242767
"{TA, SW_IN, dSW_IN_POT_daily, LST_Night, NIRv, NDWI_SWIR2}",8.47291906910877e-07,0.05770693295728004,0.053490093912744986,0.06012219178276846,-0.06896705625231549,0.0023498666879876867,0.0030563592893979516,0.0017273517129506727,0.001658673462200437,0.004122975924236161
"{TA, VPD, dSW_IN_POT, dSW_IN_POT_daily, LST_Night, EVI, NIRv, PFT}",1.135650884573186e-06,0.07024342749433327,0.06518451148624377,0.08089404436678478,-0.19243308365559794,0.0022356056177295636,0.002062576919040368,0.002217877993033579,0.0016970928623993992,0.004673155611686852
"{SW_IN, SW_IN_POT, dSW_IN_POT, dSW_IN_POT_daily, LST_Night, EVI, NDWI_SWIR2}",1.2915100545253763e-07,0.05719253676192248,0.05358126484180084,0.061585398279682985,-0.022618003736649978,0.0024946479971737073,0.002135886470178941,0.0020870007261763884,0.0015368405750081499,0.002533572973538567
"{VPD, SW_IN_POT, SW_IN_POT_daily, LST_Day, LST_Night, NDWI_SWIR2, PFT}",1.2784033551814384e-06,0.05976865020277006,0.05691003747668262,0.06866479255232749,0.006863567893563516,0.002752828303476687,0.003760085525472724,0.00286436069829233,0.0019457653119553386,0.00526436656561502
"{TA, SW_IN, SW_IN_POT, SW_IN_POT_daily, dSW_IN_POT, dSW_IN_POT_daily, LST_Night, EVI, NIRv, PFT}",1.3296782742517286e-06,0.054138170736358536,0.05171258590701401,0.05878065039014792,0.07802884539666732,0.0015182729490141739,0.0018901655296674133,0.0014449576582175952,0.0003555964989005733,0.0038857444478696546
"{TA, SW_IN, SW_IN_POT, dSW_IN_POT_daily, NDWI_SWIR2}",3.402450011925333e-07,0.061722640497602926,0.05681153351530792,0.06265133623522914,-0.04283341488212981,0.003583906361194114,0.0023016212815118176,0.0018585844586750597,0.002937635639613155,0.002651928962255065
"{VPD, SW_IN, SW_IN_POT_daily, dSW_IN_POT, NIRv, NDWI_SWIR2, PFT}",2.505343567070547e-06,0.05576703710344937,0.05559171337180539,0.0581596361684109,0.11774721878839307,0.0026270170036966356,0.00407376919952622,0.0020755885497535584,0.0024881954811525053,0.006396183596398097
"{VPD, SW_IN_POT, NIRv, PFT}",3.3036928348104135e-06,0.0636114853551712,0.06003316066118888,0.0639963671314129,0.07884283713827361,0.0019369029462693657,0.0036454269644695322,0.0018433931087089434,0.001970408419835923,0.006572323550944073
"{VPD, dSW_IN_POT_daily, NIRv, NDWI_SWIR2}",5.69572838600728e-07,0.0851208317093569,0.0751469667146416,0.08764000544120004,-0.5405144762350819,0.0011562371816527528,0.002945615990453232,0.0020874079401588808,0.0033282781710077466,0.0026178885405687274
{LST_Day},7.94510358866133e-06,0.11774201810194819,0.10044790481223626,0.13173676368917653,-1.6072745245051918,0.004308615524810364,-0.003505167004556886,0.00010315001679066238,-0.0017632919946660164,-0.0029387826961495
"{dSW_IN_POT, dSW_IN_POT_daily, LST_Day, NIRv}",4.170746421209281e-07,0.0872756976502476,0.0818901937092237,0.0988915355559318,-0.2841855311544053,0.0022446533798334556,0.0037651660482728583,0.0036400381985686875,0.0039581720298750706,0.003958832029930373
"{SW_IN, SW_IN_POT, SW_IN_POT_daily, dSW_IN_POT, dSW_IN_POT_daily, EVI, NIRv}",3.096127797991771e-07,0.05989495012414547,0.05515131814456435,0.06287057685783978,-0.024597377306049533,0.002625653387167283,0.0024379310651439223,0.0013306572423281635,0.0015840348782684352,0.0026502266256255014
"{TA, SW_IN, dSW_IN_POT_daily, EVI, NIRv, PFT}",1.8079092533923477e-06,0.056063112060386874,0.054339298620499604,0.05825823553132164,0.11826266251210747,0.001251843637332918,0.002726696838087697,0.0017789352799350566,0.0014218294951356056,0.004904680459984698
"{VPD, EVI, NDWI_SWIR2}",1.041483828624856e-06,0.08908601461479497,0.07803394320673922,0.0853111967308123,-0.37444645716682184,0.0007511167842367827,0.0032230108377347966,0.0018438287285738597,0.0035527808448122186,0.002825082790677433
"{TA, SW_IN_POT, dSW_IN_POT, dSW_IN_POT_daily, LST_Day, EVI, NDWI_SWIR2, PFT}",1.463921457921529e-06,0.06014799719257989,0.05866208483803593,0.06788437598759117,-0.059394035718156414,0.002103050281993174,0.0027652423465787876,0.0018887170480073254,0.0006338258925288193,0.00433199621931582
"{TA, VPD, dSW_IN_POT_daily, LST_Day, NIRv}",1.9653523138184383e-07,0.08484041407852076,0.07271897952461101,0.100058936619625,-0.6471873754861822,0.000727961138573277,0.0016888049171343428,0.0019833858274604377,0.001812859289880897,0.0017494207797195543
"{TA, SW_IN_POT, LST_Day, EVI, NIRv}",3.3618660121356935e-07,0.06790424230403377,0.05982400534067791,0.07349477062314877,-0.14970306975989556,0.002104665843919065,0.002161482019401584,0.003472644174486811,0.0018910319023664399,0.0028065615986248293
"{TA, SW_IN_POT_daily, dSW_IN_POT_daily, EVI, PFT}",8.248688604014765e-07,0.08636351618525549,0.08330419390253088,0.1143329338069927,-1.0527925849201865,0.0004991038132528963,0.0026200565380727348,0.0022496940907730245,0.0010667259868196097,0.0028160039746063514
"{TA, SW_IN, SW_IN_POT, dSW_IN_POT_daily, LST_Night, NIRv, NDWI_SWIR2}",9.176187608012752e-07,0.05745936261531092,0.052638621033061495,0.058968339136125675,-0.03157429984561957,0.002736050767740493,0.00266731088430619,0.0018139069046992917,0.0016573799389171875,0.004351809038209309
"{TA, VPD, SW_IN_POT, EVI, NIRv}",5.9412447931049976e-08,0.06663426559298899,0.05669573687083414,0.06845030582584917,-0.0008690638165481842,0.002425048730764663,0.00231410750376837,0.0023020335249602786,0.0018702338013915284,0.002610840881016832
"{SW_IN_POT, SW_IN_POT_daily, LST_Day, LST_Night, NDWI_SWIR2}",7.977385584444565e-07,0.069265693662693,0.06758755315036781,0.07412596703158414,-0.18114477757995084,0.0037778190931781405,0.001942619119998032,0.002681031282090282,0.0011084283337197132,0.001965158257348512
"{SW_IN_POT, SW_IN_POT_daily, dSW_IN_POT, LST_Day, LST_Night, NIRv, NDWI_SWIR2}",8.085698635031967e-07,0.06509058495443722,0.06507048201034865,0.07686820033061247,-0.17662772639226995,0.0025208384150617394,0.0015927403449377958,0.0025825100590585737,0.00011072745458208522,0.0019590204294054475
"{VPD, SW_IN, dSW_IN_POT, LST_Day, LST_Night, NIRv, NDWI_SWIR2}",4.941316094349694e-07,0.057702799833058115,0.05303467064640386,0.058173322571562325,0.06142611497467426,0.002660884046273862,0.0021034871891236415,0.0021887306443110904,0.0012327428262716641,0.003372881388564175
"{VPD, SW_IN_POT, SW_IN_POT_daily, LST_Day, NDWI_SWIR2, PFT}",1.7519351508495517e-06,0.060907846680859516,0.0563351248915361,0.06460438692912807,0.053752298432324486,0.003135059475010596,0.004517701648594483,0.002702499481578441,0.002019970392347574,0.005697711401438613
"{TA, SW_IN_POT_daily, dSW_IN_POT, LST_Day, LST_Night, NIRv}",3.797311595715944e-07,0.07796534115671491,0.06953771313805573,0.09487460515797483,-0.3416881199302952,0.002263940363066874,0.002117467493787911,0.003635352247933779,0.003251366211715616,0.002263564433515164
"{TA, SW_IN_POT, SW_IN_POT_daily, dSW_IN_POT, LST_Day, LST_Night, EVI, NIRv, NDWI_SWIR2}",4.5511237396678883e-07,0.062429150936789725,0.05877622385160748,0.07464188696894211,-0.19654835175172403,0.0020865160744853867,0.002192815567674228,0.0029233129022704363,0.0010865621853551957,0.002912639242573331
"{VPD, SW_IN, SW_IN_POT, LST_Night, EVI, NIRv, NDWI_SWIR2}",3.6683742559038186e-07,0.05818826489426975,0.0531670654359891,0.05737332969762208,0.09498891559279786,0.0020933513834275608,0.002514081043287715,0.0019415625677999745,0.0022827724874817865,0.0036444208126371336
"{SW_IN_POT, SW_IN_POT_daily, EVI, NDWI_SWIR2}",5.490244798653902e-07,0.07084049472939327,0.07479726691475255,0.06981362886729464,0.01140897822333616,0.0038207796582016493,0.005207261679659708,0.003174237192352339,0.004286124306621987,0.0049523150675684635
"{VPD, SW_IN, SW_IN_POT, dSW_IN_POT_daily, LST_Night, EVI, NIRv, PFT}",1.723666251664823e-06,0.054752745819985876,0.05254052972825493,0.05749797271398868,0.08860182945601987,0.001916968063437205,0.0023400946218880628,0.0016317012408412351,0.0009155981368886221,0.004771430225459131
"{TA, VPD, SW_IN, SW_IN_POT, SW_IN_POT_daily, dSW_IN_POT, EVI, NIRv, NDWI_SWIR2}",4.569716514669719e-07,0.05675265545684243,0.052643926475068284,0.0563694645432643,0.11129668732215196,0.002143437815359174,0.002077013528553502,0.002631608319890566,0.002199241651370226,0.003881480277858035
"{TA, SW_IN, SW_IN_POT_daily, dSW_IN_POT, LST_Day, LST_Night, NDWI_SWIR2, PFT}",1.0492534581955636e-06,0.05571717025401547,0.05584616159007716,0.0637575562420222,0.01503473255901718,0.002937413396260677,0.004016883184896243,0.0019349026827866975,0.001528004028417393,0.003988770809774361
"{TA, VPD, SW_IN, dSW_IN_POT, dSW_IN_POT_daily, LST_Day, LST_Night, NIRv, NDWI_SWIR2, PFT}",1.7998594978277526e-06,0.05316679861590996,0.052088346095278584,0.058100233497944215,0.0575289643337498,0.001865859767333243,0.0029864539733971893,0.0013088601635209071,0.0008932742590936557,0.004620448878862954
"{TA, dSW_IN_POT, dSW_IN_POT_daily, LST_Day, LST_Night, EVI}",3.6652068214813427e-07,0.07767905325627533,0.07099438283536344,0.09809462125740451,-0.5924738380997264,0.0017207057201339554,0.0020497870522122874,0.003364865202250919,0.0028134624823862864,0.0020168110929315725
"{TA, VPD, LST_Day, LST_Night, EVI}",5.1856198881578526e-08,0.08639655131736905,0.07325098564188284,0.09478043689798163,-0.616937094868829,0.0015720409237235111,0.0016796118687889272,0.0015907808175803367,0.0012449893188759692,0.0019555459501780087
"{VPD, SW_IN, LST_Day, EVI, NIRv, NDWI_SWIR2}",6.456344971857572e-07,0.05919240344945826,0.05444549768339679,0.05783645388701236,0.1331056694517713,0.002346869316774733,0.002675466603993204,0.002325596745152446,0.002419505618235264,0.004426349539452978
"{SW_IN, SW_IN_POT, SW_IN_POT_daily, dSW_IN_POT_daily, EVI}",4.1304590113208723e-07,0.06310325627500112,0.056381633098030515,0.06384997540950449,-0.05828147904249462,0.0019416116319465326,0.003005376889973821,0.0011754599299504953,0.0025480708872957225,0.002646154435352821
"{TA, VPD, SW_IN, SW_IN_POT, NIRv, NDWI_SWIR2, PFT}",2.8281544769788168e-06,0.05549722886334038,0.05265944602929684,0.05838823533548122,0.11758598073798425,0.002344456352947284,0.0034704551098401343,0.0015321026734528426,0.0018264943766577862,0.006159113219787973
"{TA, LST_Day, EVI}",5.607655293910277e-07,0.09502920409136889,0.08531901895505842,0.11246224387251072,-0.9786780659261379,0.0015739545557377776,0.0015725954556019967,0.003181710927975298,0.002514101524927738,0.0011172638025755272
"{TA, SW_IN, NIRv, PFT}",2.421179061111322e-06,0.05929300369102477,0.056126689510458745,0.06140203386222279,0.0758942769253975,0.001212890251692078,0.0029534872702125584,0.0018357861054764182,0.0012681542059988019,0.00537913812730173
"{LST_Day, NDWI_SWIR2}",9.02170474288379e-07,0.11025319836822543,0.09658362488963324,0.12869471639769406,-1.0927161254490392,-0.00038544224469090616,0.0025763208161153073,0.0009311698741697322,0.0012942414544791364,0.0008333707405871471
"{SW_IN_POT_daily, LST_Day, LST_Night, NIRv, NDWI_SWIR2, PFT}",7.37734985397058e-08,0.10354066493150074,0.09080826854469967,0.11956782785500554,-0.8359243574516406,-0.00010175335193149393,0.0006358817172986975,-5.766121122476042e-05,-1.2434554742132842e-05,0.00019117728887588226
"{TA, SW_IN_POT, SW_IN_POT_daily, NIRv}",4.50219890127373e-07,0.07010243053199558,0.06067894821075248,0.07684397147715555,-0.30254380937439856,0.0013028928515540356,0.0013847420149540463,0.0030054056456505635,0.0011920035438769128,0.0019264487021492527
"{SW_IN, SW_IN_POT, SW_IN_POT_daily, dSW_IN_POT, dSW_IN_POT_daily, LST_Night, NIRv, NDWI_SWIR2, PFT}",9.78712079989417e-07,0.054130579703092326,0.05386278032549159,0.05923061638127142,0.04251466208171887,0.0017914156898843417,0.002520230709028161,0.0017395743542640493,0.0007558629872367467,0.003738765311634848
"{SW_IN, dSW_IN_POT_daily, LST_Day, EVI, NDWI_SWIR2, PFT}",7.717477131353861e-07,0.05583059708867484,0.05365372112105174,0.06045104239538732,0.11285764866444097,0.002265564487946084,0.0026113877148086287,0.000919441954189415,0.0017392672433670375,0.0035545194525070517
"{SW_IN_POT, LST_Night, EVI, NIRv}",6.859431909481683e-07,0.07174456693742767,0.06730044042671322,0.07920363858345772,-0.2786076095128331,0.0021409553231902106,0.0032528650815975835,0.0011304147145053262,0.0018648666205489106,0.0032717897393194223
"{dSW_IN_POT, dSW_IN_POT_daily, EVI}",3.6610816205139125e-06,0.09406106066781154,0.08951315630768665,0.10418416673231934,-0.2522511096590932,0.0059848275754230545,0.00941700629164706,0.0051222066988523,0.00928579657741807,0.005360564934036666
"{VPD, SW_IN, SW_IN_POT_daily, dSW_IN_POT, LST_Day, EVI, NDWI_SWIR2, PFT}",1.5169415371585134e-06,0.05444623983940238,0.05289279257505462,0.0573052954359241,0.16199016586890777,0.002616998362057074,0.002755026692263886,0.0014846506296407186,0.0017639747308054315,0.0049855698699014656
"{TA, VPD, SW_IN, SW_IN_POT, dSW_IN_POT, NIRv, PFT}",1.978173413692048e-06,0.056120569618796703,0.051764605463235934,0.05960834002636241,0.09779929736156205,0.0015767545170546973,0.0022553205917620403,0.0016203840426719796,0.0006956369464695689,0.004826867768912502
"{VPD, SW_IN_POT, SW_IN_POT_daily, dSW_IN_POT, LST_Day, NIRv, NDWI_SWIR2, PFT}",2.5480891837219516e-06,0.05809190663489773,0.05569096023704026,0.06019364325785088,0.08115359635499818,0.0020972721466431116,0.002827077601553922,0.002241365988333771,0.0011677044337955467,0.0058456258814088835
"{SW_IN, SW_IN_POT, SW_IN_POT_daily, dSW_IN_POT, LST_Night, NDWI_SWIR2, PFT}",7.214895004963068e-07,0.056604320369595604,0.05778391434795939,0.06749297792911754,0.007858826967622282,0.0022173465340437765,0.003211756264263281,0.0018105150885365795,0.0010899740006775557,0.003334875813303162
"{TA, SW_IN_POT, SW_IN_POT_daily, dSW_IN_POT, dSW_IN_POT_daily, LST_Day, EVI}",5.05489658618217e-07,0.06484605135450874,0.057926775554719534,0.0766483716955245,-0.2678218363855644,0.0021745028683761575,0.001722542201426619,0.002893962543560294,0.0007426080735439614,0.0022265316455767348
"{TA, VPD, SW_IN_POT, dSW_IN_POT, dSW_IN_POT_daily, LST_Day, LST_Night, EVI}",2.892113277664086e-07,0.061732646142633484,0.05411797352463371,0.07233401699929608,-0.11071156711703728,0.002280088378514608,0.0018364868147826702,0.002569119961977305,0.0009859576398569617,0.0017780735148413135
"{TA, dSW_IN_POT, dSW_IN_POT_daily, LST_Day, LST_Night, EVI, PFT}",1.0370015613265249e-06,0.0742188382162706,0.07124828839796873,0.09109323625972998,-0.36752875544364255,0.001908624526473779,0.0025642901261452994,0.003576770938511678,0.0017088983551466208,0.004395548143139361
"{SW_IN, SW_IN_POT, SW_IN_POT_daily, dSW_IN_POT, LST_Day}",5.237402764214531e-06,0.06888762033616723,0.06422186741021155,0.06570696519946904,-0.08484329589934454,0.005842531984652899,0.0007269268568186951,0.002985583205602993,0.0004603115204455249,0.005560520451604295
"{TA, VPD, dSW_IN_POT_daily, NDWI_SWIR2}",2.554460658127049e-07,0.08759919906050793,0.07524010406373059,0.09916271985034296,-0.7981081555463012,0.00356233640001527,0.0022644502747578427,0.00291881569589221,0.003305837057674413,0.0023799015146620806
"{TA, SW_IN, SW_IN_POT_daily, dSW_IN_POT, dSW_IN_POT_daily, LST_Night, EVI, NIRv}",3.474800937233683e-07,0.05873605315924562,0.05156019446666055,0.06558180690385951,-0.2732407247544763,0.0019066507762233453,0.0020612852003928372,0.0012397819946023403,0.001133192502149688,0.0027491586598638734
"{TA, SW_IN, SW_IN_POT, SW_IN_POT_daily, dSW_IN_POT, LST_Day, LST_Night}",3.668798795728917e-06,0.0640152257898592,0.05688270442840365,0.07017703659441749,-0.11638883703546166,0.005538454370393818,0.0004076383926704466,0.003158742105165424,0.0009292562497951184,0.004022179520237548
"{VPD, dSW_IN_POT_daily, LST_Day, LST_Night, NIRv}",5.12517081705869e-08,0.08474923766872716,0.07274788724745007,0.0938156917389299,-0.7056078245517279,0.0011651452782780874,0.0017627767315232107,0.0013205799474521607,0.0014376432544672135,0.0011395222659896093
"{VPD, SW_IN_POT, dSW_IN_POT, LST_Night, NIRv}",3.008519563562007e-07,0.06562225719320497,0.05577352378993439,0.07251091579563196,-0.215610203344444,0.0017721582949403875,0.0013317898772437567,0.002844984839344658,0.001358286931176192,0.001833341573800898
"{TA, VPD, SW_IN, SW_IN_POT, SW_IN_POT_daily, dSW_IN_POT, EVI, NIRv, PFT}",1.5348902233341622e-06,0.054856787871335314,0.05105147355197842,0.05820736394627194,0.14048867785836203,0.0014033779476919708,0.002089331589545121,0.001711882624986616,0.0010371244248753297,0.0045339082234508304
"{VPD, dSW_IN_POT, LST_Night, NIRv}",5.842794163297469e-07,0.07986122148416609,0.06646369416134001,0.08581578625087596,-0.3488114956981798,0.0018653072138693216,0.0030121836293221377,0.0021946655696381684,0.003990555690458343,0.0022370194029454615
"{TA, SW_IN_POT, dSW_IN_POT_daily}",1.8334425835036962e-05,0.08115885497969076,0.07026067391169724,0.09420489359388266,-0.5949317704664575,0.012324096652176514,-6.995001592204064e-05,0.0036763013657417493,0.001743054038577413,0.005702225851720158
"{TA, SW_IN, SW_IN_POT, dSW_IN_POT_daily, LST_Day, LST_Night, EVI, NDWI_SWIR2, PFT}",1.7547438234046962e-06,0.05393093664987907,0.051162248502418156,0.05770593952224026,0.0811466533619042,0.0022233310548228705,0.003021242729417735,0.0013255651179910066,0.001140155391447517,0.004779698402544566
"{VPD, SW_IN, SW_IN_POT, dSW_IN_POT, LST_Day, LST_Night, NDWI_SWIR2, PFT}",1.0812840438362195e-06,0.05569028546670129,0.05520137428795717,0.06227957224580671,0.06083993752410074,0.0030886268303655443,0.0032384408809736018,0.0020219292492337573,0.0011476635208600983,0.004149205898498626
"{SW_IN, SW_IN_POT_daily, LST_Night, NDWI_SWIR2, PFT}",1.0714367446230015e-06,0.05870296376421043,0.05729491950550813,0.06644414052814554,-0.02569910551214581,0.0019411733728567082,0.003595573671695315,0.0016628285325793676,0.0032901882973219512,0.004418035718929653
"{SW_IN, SW_IN_POT_daily, dSW_IN_POT, dSW_IN_POT_daily, LST_Night, EVI, NIRv, NDWI_SWIR2}",1.7421711657443178e-07,0.05691009771898657,0.053369369961696986,0.06023909154756185,-0.010786840601995381,0.002292176135285408,0.002562260605877442,0.0019360352975815245,0.0020204730743300023,0.0030897812771954886
"{TA, VPD, SW_IN, SW_IN_POT_daily, dSW_IN_POT, LST_Night, EVI, NDWI_SWIR2}",2.3345707352958667e-07,0.0570378528856712,0.053278116320528444,0.05896174924358781,0.09291236048056645,0.0024022873959361063,0.0023105265758941174,0.0028362345733469463,0.0019363896019785193,0.003344319288167086
"{SW_IN, SW_IN_POT, SW_IN_POT_daily, dSW_IN_POT, dSW_IN_POT_daily, LST_Day, LST_Night, NIRv, NDWI_SWIR2, PFT}",1.573188508932082e-06,0.05382570305453369,0.05361926075272126,0.058894754200317485,0.06580637357080187,0.0021070396883126757,0.0026559547743497808,0.0013755880619668523,0.00019666900910405433,0.003948966767616746
"{VPD, SW_IN_POT, LST_Day, NDWI_SWIR2, PFT}",1.984371053635245e-06,0.06211462489875008,0.05677752806852047,0.06551452947065589,0.035147830161223935,0.0025101192052421756,0.004323340147351522,0.0022003488368121105,0.0025240069644445404,0.00587138131867844
"{TA, SW_IN_POT_daily, LST_Night, EVI, NDWI_SWIR2}",3.817674964204014e-07,0.08689391215550231,0.08062444236608529,0.10742534167099098,-0.6790458727950576,0.000663444928897125,0.002066278495212473,0.0023862567324773043,0.0021884745871257882,0.0015655996445761988
"{TA, VPD, SW_IN, SW_IN_POT, SW_IN_POT_daily, LST_Day, LST_Night, NIRv, PFT}",2.1753566689798302e-06,0.05462234110678229,0.05206647337919225,0.05820187857623629,0.09031757877426272,0.001840262132985479,0.0024929927427124673,0.0017342100607095623,0.0006856940845709411,0.005079239859926865
"{VPD, dSW_IN_POT, dSW_IN_POT_daily, LST_Day, LST_Night, NIRv, NDWI_SWIR2, PFT}",1.391217716401172e-06,0.06950278710043394,0.06590116099938526,0.0744776577921443,-0.19938981314487117,0.0016873882291358472,0.0021086486739572557,0.001513368792323333,0.0024508256180987287,0.0047730942987375125
"{VPD, SW_IN_POT_daily, dSW_IN_POT, dSW_IN_POT_daily, NDWI_SWIR2}",5.1132617200780455e-06,0.07712662591284436,0.06862684884734141,0.079398292436291,-0.1674720603788824,0.00283714074317179,0.0034748173063820914,0.0017652871032831086,0.008334001922423902,0.0035990549668460242
"{TA, SW_IN, SW_IN_POT_daily, dSW_IN_POT_daily, LST_Night, PFT}",1.9398171445695754e-05,0.0638570371432068,0.059005497064669135,0.08586242747491085,-0.582695452761404,0.014022114484344157,0.0028299901530450602,0.004008216728606413,0.0019608066426898205,0.007526245076274474
"{LST_Day, LST_Night, EVI, NIRv, NDWI_SWIR2, PFT}",1.1896761824712959e-07,0.10415801457429834,0.08678611873294279,0.12354954689644457,-1.0426819689614009,0.0002584555858681503,0.0009253190577149378,-2.567651349634492e-05,-5.530087682906193e-06,0.0003517506841082263
"{TA, VPD, LST_Day, EVI}",1.2917926338058132e-07,0.0889220770446521,0.07614882273401727,0.09490106437909918,-0.5604516017866014,0.002000720484749058,0.0021849881151557587,0.002798714258096885,0.002168816611815151,0.0016991133815201787
"{VPD, SW_IN_POT_daily, LST_Night, EVI}",1.6823143714626662e-07,0.08746114274513961,0.07525464609720517,0.10051066886901122,-0.7630538772193788,0.000795526299722904,0.0018488269342140373,0.0009973187400467015,0.001721947604876345,0.0011732386227635838
"{TA, VPD, SW_IN, SW_IN_POT_daily, dSW_IN_POT, dSW_IN_POT_daily, LST_Night, EVI, NIRv, PFT}",1.3408209882244966e-06,0.05388623246547223,0.051369772768265105,0.05746194681303306,0.10755652252604823,0.0013507224378710714,0.0024170128071111657,0.0013262831984166348,0.00088258690306392,0.0040993550307139165
"{SW_IN, SW_IN_POT, SW_IN_POT_daily, dSW_IN_POT, dSW_IN_POT_daily, LST_Day, LST_Night, EVI, NIRv}",2.361816870636224e-07,0.05734341998600794,0.05149230547068065,0.06347487069755997,-0.023551429976417515,0.0019432719596105957,0.001375474776292969,0.0016429975875839192,0.0006353305365268819,0.0019485835721122086
"{TA, VPD, SW_IN_POT, dSW_IN_POT, dSW_IN_POT_daily, NIRv, PFT}",2.1038455285395063e-06,0.059287933112306616,0.05402086595482128,0.06711643684455859,-0.004826398992291148,0.001705417818785672,0.0024907003691334653,0.0022530901085714636,0.0009753366982384395,0.0052400060303966906
"{TA, SW_IN, LST_Day, LST_Night, EVI, PFT}",1.4837346548017142e-06,0.05627482710513657,0.053154765573123854,0.05964819339045131,0.0934745676286954,0.001489052594868076,0.002289282363417834,0.0015801000141034624,0.000570221260006748,0.004203825945810785
"{TA, SW_IN, SW_IN_POT, SW_IN_POT_daily, dSW_IN_POT, dSW_IN_POT_daily, LST_Day, LST_Night, NIRv, PFT}",2.0103540649673545e-06,0.0542028225291886,0.052505912293431996,0.05910313514514592,0.06607893872708183,0.0015031672343532101,0.002508221894622957,0.0013771265525902784,0.00023782825817311726,0.004460677140165015
"{dSW_IN_POT, PFT}",2.6973737124851318e-05,0.12037133890295665,0.1217707732702325,0.11139664599802937,-0.44198783310796524,0.010765256117399452,0.009624296131032023,0.005309844799920929,0.020920067700761796,0.009460894530948588
"{TA, VPD, SW_IN, SW_IN_POT_daily, dSW_IN_POT, LST_Day, LST_Night, NIRv, NDWI_SWIR2}",8.15423175586327e-07,0.056527755729110056,0.051969148261807874,0.05740771674106239,0.08722391672670748,0.0026750576567489,0.002399906032729257,0.002402028708750996,0.0011770286683958076,0.004010636554822436
"{VPD, SW_IN, SW_IN_POT, SW_IN_POT_daily, dSW_IN_POT_daily, LST_Night, EVI, NIRv, NDWI_SWIR2, PFT}",1.5291798177986077e-06,0.05338839937455711,0.05212814667404716,0.056469460731225385,0.11996533671928555,0.00197110205860547,0.0027864195520683754,0.0016296520113700877,0.0014024206129189948,0.004807341122859077
"{SW_IN, LST_Night, NIRv, NDWI_SWIR2, PFT}",1.551740742197862e-06,0.057512491155740114,0.05697541463266512,0.06320838024591499,0.004683239420158673,0.001735632862131159,0.003385385135943525,0.0009600901773345605,0.0012859657745753691,0.004154346400873962
"{VPD, SW_IN_POT_daily, dSW_IN_POT, LST_Day, NDWI_SWIR2}",2.2263663975801155e-06,0.07771728219745509,0.06810504057998182,0.07489849043008413,-0.05190684245116354,0.0038233053433655295,0.004360835426977003,0.002720246859490641,0.006937066010658133,0.0030666176447621957
"{SW_IN, SW_IN_POT, SW_IN_POT_daily, LST_Day, LST_Night, NDWI_SWIR2}",7.140215141225628e-07,0.060890375940736347,0.05678740539478734,0.06733758688610425,-0.05081021624734209,0.003699696606034669,0.0016923814559964626,0.002158201292090503,0.001237007412260932,0.0017871272554627476
"{TA, VPD, SW_IN_POT, SW_IN_POT_daily, dSW_IN_POT, dSW_IN_POT_daily, NDWI_SWIR2, PFT}",1.0986911003551335e-06,0.05899174244656424,0.056577312560075525,0.06753349977477166,-0.007943781680442796,0.0026668279421535324,0.0030683170301691112,0.002251582788968115,0.0013865112551339487,0.004562340716504257
"{TA, VPD, SW_IN, LST_Night, PFT}",9.89419409132143e-06,0.0645250286087032,0.05698109642509165,0.07453496421814959,-0.27162797921142684,0.008747435780434097,0.0034027915520618707,0.0006143219576229542,0.001495961880837858,0.007029156999225655
"{TA, VPD, SW_IN, SW_IN_POT, EVI, NIRv}",2.9241014109177956e-07,0.06180085133593257,0.05191631032957009,0.05899174424925084,0.020526727401754447,0.0023953074718404063,0.0016659302670476508,0.001617999218043606,0.001940122186056173,0.0030672145301710307
"{SW_IN, SW_IN_POT_daily, dSW_IN_POT, dSW_IN_POT_daily, LST_Day, NIRv}",3.183602518488033e-07,0.05968821340270081,0.05534606874739954,0.06102786428863026,0.05523945138815406,0.001762033016367022,0.0019285838939631858,0.0014215084195882202,0.0005962716056967937,0.002247029071860404
"{VPD, SW_IN, SW_IN_POT, SW_IN_POT_daily, dSW_IN_POT, dSW_IN_POT_daily, LST_Day, EVI, NIRv, NDWI_SWIR2, PFT}",1.884020330435307e-06,0.053335166939848876,0.05145600125274769,0.0557846573124811,0.1524902092577967,0.0026341746988140513,0.002457272743508508,0.00111807076457901,0.0010370532314459557,0.004821143178498716
"{TA, SW_IN, SW_IN_POT, dSW_IN_POT_daily, LST_Day, LST_Night, NDWI_SWIR2}",9.969132270967178e-07,0.05972957897669151,0.05536082709028835,0.06589153240913714,-0.1595622250925471,0.004547955353215276,0.00209547473152525,0.002076540650837941,0.0018662597825532742,0.0030524153407153615
"{LST_Night, NDWI_SWIR2}",1.0796571775675476e-06,0.11117721328921572,0.10249073978920878,0.13466887150474804,-1.4333945117619173,0.00047277576997217796,0.0017568170939351313,-4.324051638805726e-05,0.002637738878176074,0.00011814036540547246
"{TA, SW_IN, dSW_IN_POT_daily}",2.8398759016416208e-05,0.0799637704304489,0.066102057338089,0.09138390932240707,-0.6175013494848788,0.015866902241883446,0.0022504705993318178,0.002452138777615881,0.002081761461819237,0.007629388280702545
"{SW_IN, SW_IN_POT, SW_IN_POT_daily, dSW_IN_POT, dSW_IN_POT_daily, LST_Day, LST_Night, EVI, NIRv, NDWI_SWIR2}",4.1861868649403993e-07,0.055897054770571664,0.05288077206242427,0.059532349490776154,-0.03068359539915938,0.0024636705497644573,0.001793619659508791,0.0018889143768746203,0.0008241421834011345,0.0026817186266973325
"{TA, dSW_IN_POT, LST_Day, LST_Night, EVI}",4.1314992446819143e-07,0.08059223439762815,0.07119674761291464,0.09736519309367833,-0.4243508508566303,0.0017105416671392148,0.0024831882415247003,0.003224285133123228,0.0035445723820031402,0.002471050515103171
"{VPD, SW_IN, SW_IN_POT, SW_IN_POT_daily, dSW_IN_POT, EVI, NDWI_SWIR2}",5.5494621599066034e-08,0.05841105416112748,0.05562729229364552,0.057756654300523555,0.10576843853209156,0.003247245231193366,0.0027325380986465975,0.002675252265768757,0.002573187255293423,0.0027198288747755095
"{VPD, SW_IN, LST_Day, LST_Night}",4.367745077479569e-06,0.07026397042059221,0.05913667264669812,0.06924027473220055,-0.28850516409226445,0.007050273300237428,0.0012870177720929188,0.0027261783373391663,0.0029053781086963507,0.0014352535669232835
"{VPD, SW_IN, SW_IN_POT, SW_IN_POT_daily, dSW_IN_POT_daily, LST_Night, NIRv}",9.141584657253866e-08,0.0605131519073607,0.05107294589193116,0.0679277580934183,-0.23653295157879276,0.002121373618199987,0.0019963869181901933,0.0016226150079977422,0.001483992892181818,0.002285744243959248
"{TA, SW_IN_POT_daily, dSW_IN_POT_daily, NIRv, NDWI_SWIR2, PFT}",7.603717752620906e-07,0.0845852217734329,0.08354710262643242,0.11238923873196485,-1.112055550516436,3.052821011766127e-05,0.0020090136192568997,0.0016907444910128216,0.001707413079070956,0.002674272044209988
"{TA, SW_IN, dSW_IN_POT_daily, NIRv, NDWI_SWIR2, PFT}",1.917802338756118e-06,0.0549829274518005,0.05458184841030132,0.05963593273764499,0.049361090342848635,0.0017778362875997336,0.0035868845253192796,0.001540728476096813,0.001936733481057322,0.005165168648886803
"{TA, VPD, SW_IN_POT_daily, dSW_IN_POT, dSW_IN_POT_daily, NIRv, NDWI_SWIR2, PFT}",2.4339761691607674e-06,0.06908914055488953,0.06431694939116361,0.07760329748295025,-0.21473548059753558,0.0013458604723128945,0.002338543500576218,0.0008504379359683262,0.0023688758864723602,0.005343640557345389
"{TA, SW_IN, SW_IN_POT_daily, dSW_IN_POT, NIRv, NDWI_SWIR2, PFT}",1.7530145904120118e-06,0.054908659814871294,0.05457663184937726,0.05968844237015383,0.1004801638920312,0.0019193186286196248,0.0032763224257081683,0.001984180099710506,0.0015599528240386532,0.005158260062837747
"{SW_IN, EVI, NIRv, PFT}",1.0015271799973676e-06,0.06348953485116024,0.06243513956021746,0.0632455337870231,0.10250596356907822,0.0032450220243964087,0.004911821934957171,0.0023866459704007664,0.003391423468715113,0.004941077811813938
"{VPD, SW_IN_POT_daily, dSW_IN_POT_daily, LST_Day, LST_Night}",9.135668896355788e-07,0.08825851789922697,0.07847664081399588,0.09893070123210998,-0.8335020219808446,0.003633252951560348,0.0006814333808259632,0.0016435611257945154,0.0021917217041140524,0.002103807067715041
"{TA, VPD, SW_IN_POT, SW_IN_POT_daily, dSW_IN_POT, dSW_IN_POT_daily, LST_Day, LST_Night}",1.9790187217995776e-06,0.06593976854787625,0.05881752481647326,0.07718664400223263,-0.2533780558216161,0.004626134847454479,0.0009412295446673546,0.0031660406706569832,0.001062559839350448,0.003195183289357903
"{TA, SW_IN, dSW_IN_POT, dSW_IN_POT_daily, LST_Day, LST_Night, EVI, PFT}",1.22583871598124e-06,0.054621295315676575,0.052390374239106814,0.05860656292908031,0.07523044861468257,0.0016680362221997563,0.002652837115944044,0.0018146686788887215,0.000528839733383378,0.00385701594297376
"{SW_IN_POT, SW_IN_POT_daily, dSW_IN_POT_daily, LST_Day, LST_Night, NIRv}",3.237546917323135e-07,0.06746204240206095,0.06534341708918648,0.08037471901120882,-0.3195113523437227,0.0019304099793961,0.0019243609403891138,0.0012463029031454659,0.000549383277545154,0.0020410540000116995
"{TA, SW_IN, SW_IN_POT, SW_IN_POT_daily, dSW_IN_POT, NIRv}",1.4539204820613685e-07,0.061737100300791076,0.052901218693201656,0.06458915344648429,-0.11217763348988406,0.0013514005972271037,0.0014642650587977993,0.002226373165581108,0.0012913278314115595,0.0020308664589638176
"{dSW_IN_POT, dSW_IN_POT_daily, LST_Day, EVI, PFT}",1.5216032674189396e-06,0.08321267577671905,0.08012373432733097,0.09919130560385461,-0.14048639572645624,0.002360199591864287,0.0032868539720638523,0.002944402088433759,0.003706166315436389,0.005954676592396707
"{VPD, SW_IN, SW_IN_POT, SW_IN_POT_daily, EVI, NIRv, NDWI_SWIR2}",6.358240155576564e-07,0.059260679601474936,0.05551843192056827,0.059058142725916946,0.12485471039433615,0.0028580486790974607,0.003513753343500868,0.0027329042555741256,0.0038079409659326005,0.004952672578332679
"{TA, VPD, SW_IN_POT, LST_Day, NIRv, NDWI_SWIR2, PFT}",3.789947228768018e-06,0.05911906011758094,0.05464149854177433,0.0631373001755792,0.0396814007396567,0.0018793990665322141,0.00355664481435531,0.002296532961230488,0.0012527905215670015,0.006733619953712064
"{TA, SW_IN, SW_IN_POT, SW_IN_POT_daily, dSW_IN_POT_daily, LST_Day, EVI, NDWI_SWIR2, PFT}",1.562274545266683e-06,0.054071725526723596,0.051412552443358364,0.057221757083140506,0.11563278922672189,0.0023553937958996074,0.0031839303891384035,0.001610364660190329,0.001455717059166542,0.004873241047105001
"{VPD, SW_IN, SW_IN_POT_daily, LST_Day, NIRv, PFT}",2.6632673675134937e-06,0.056539362464918266,0.055547505271745276,0.060027093805973764,0.1100756207684943,0.0019606974324148235,0.0029043979919582616,0.0016806701010647213,0.0014979992029254818,0.0059069902820020476
"{TA, VPD, SW_IN, SW_IN_POT_daily, LST_Night, EVI, NIRv}",2.8792783599527387e-07,0.060327987659372126,0.05168207914603954,0.06200323061833555,-0.05465237348373588,0.0022288298159751987,0.001574127387792161,0.0018752308078846813,0.001591997912345336,0.0030201648249782304
"{VPD, SW_IN, SW_IN_POT, dSW_IN_POT_daily, NIRv}",1.777682838624025e-07,0.06369170166209269,0.05504594215206675,0.06202245132777478,-0.0880899981569296,0.0020051155800612924,0.002858206556539483,0.001692397609940867,0.0025367124149743986,0.002564589850673843
"{VPD, SW_IN_POT, SW_IN_POT_daily, dSW_IN_POT_daily, LST_Day, NDWI_SWIR2, PFT}",2.0564739807915283e-06,0.05985257004525742,0.055453069970455834,0.06419058716912115,0.045566858164491165,0.0033324685438852683,0.004306561667720962,0.002401209608382332,0.0021612854625931224,0.006094410780353249
"{VPD, SW_IN_POT, dSW_IN_POT, EVI, NIRv, PFT}",1.4603925763455477e-06,0.06056418406413256,0.05687722934304088,0.0621306468087192,0.09300084956964377,0.0016619696431843592,0.0025553867723688006,0.0022068117863138087,0.0012033629228263287,0.0046989531175810895
"{VPD, SW_IN, SW_IN_POT, SW_IN_POT_daily, LST_Day, LST_Night, NDWI_SWIR2}",1.3670605088070408e-06,0.060111317772111025,0.05468112437170893,0.06194472699485884,0.003834023941502581,0.004926745660873574,0.002123319957380722,0.002253407316984299,0.001590371497076297,0.0023429553761806915
"{TA, VPD, SW_IN_POT, dSW_IN_POT, dSW_IN_POT_daily, EVI, PFT}",1.6424803387693482e-06,0.05896689238397955,0.05402398149437595,0.06789147408024204,0.0377804531881471,0.0016940544193157561,0.002341506509672013,0.0022389755202948947,0.0006433212648916317,0.004557282445906016
"{TA, SW_IN, dSW_IN_POT, LST_Night, NIRv}",1.9834449706831217e-07,0.0625440287678654,0.053401491015179554,0.06536729217834542,-0.11806408886368142,0.0011767421904188974,0.0015645193831606702,0.001651567090299129,0.0010133315710987578,0.0022945450939658857
"{TA, VPD, SW_IN_POT, SW_IN_POT_daily, LST_Night, EVI, NIRv, PFT}",2.8719449012698606e-06,0.05920264048500343,0.05432034866072741,0.06660689970839852,0.05707694692916071,0.0015814667892174172,0.0028577959690709795,0.0026369106896674474,0.0008598740749776318,0.00581549668782462
"{TA, SW_IN_POT_daily, dSW_IN_POT, dSW_IN_POT_daily, EVI, NDWI_SWIR2, PFT}",7.147831807663007e-07,0.07391206596594098,0.07092315960659207,0.09039761766903233,-0.3840074249738749,0.0016381460114992807,0.002469014518272916,0.002818173761711021,0.0031768712782250796,0.004211295193747244
"{TA, VPD, SW_IN, SW_IN_POT, SW_IN_POT_daily, dSW_IN_POT_daily, LST_Day, EVI}",1.935030701671918e-07,0.059051122362827384,0.052273439122489815,0.05799484072275078,0.11191502960138346,0.002383831540624562,0.0019420190756376382,0.001777564471948087,0.0014540600528377065,0.002694241433820563
"{TA, VPD, SW_IN_POT_daily, dSW_IN_POT, LST_Day, LST_Night, EVI, NDWI_SWIR2, PFT}",1.7384718873436838e-06,0.06923105206751176,0.06218424002158279,0.07693729889946675,-0.12162697661905708,0.002075336907964312,0.0019875652609269295,0.0018338510714355216,0.0019264202152574558,0.005246182136480079
"{TA, SW_IN_POT, dSW_IN_POT_daily, LST_Night, NDWI_SWIR2, PFT}",1.792706250751278e-06,0.06275788793741753,0.05999975997906351,0.07461053550646507,-0.13004604041894405,0.0025647131802807935,0.003728995851407381,0.0026601777306698993,0.0014325215084077803,0.00540753457706275
"{TA, VPD, LST_Day, LST_Night, NIRv, PFT}",5.60707376785882e-07,0.08232174528597999,0.07585553174652543,0.0922852759642568,-0.4311834964511334,0.0011138161008034109,0.002090998589014431,0.002331606786381321,0.0011193768816829264,0.003067602686709567
"{TA, SW_IN_POT}",1.6034537785742638e-05,0.08677471079168224,0.07437001865198042,0.09807839843442678,-0.5825665603821544,0.011999086219806707,0.0009727692976749663,0.0020287044695938006,0.0022131662481546382,0.004928616301804092
"{TA, VPD, SW_IN_POT, dSW_IN_POT_daily, LST_Day, LST_Night, EVI, NDWI_SWIR2, PFT}",2.372741028333698e-06,0.05750139157946286,0.05368745082417307,0.06367675366061025,0.023653893459265978,0.0019729636189660463,0.0033128902451482548,0.0020994253473813618,0.0010787628315712533,0.005531885913610146
"{TA, VPD, SW_IN, LST_Night, NIRv, NDWI_SWIR2, PFT}",2.5102273661187422e-06,0.05493981512033695,0.0540391591300876,0.05867169735710811,0.04489216925669006,0.0016730508220422075,0.003558829438569916,0.0011627265516181776,0.0011421059866773206,0.00516879036086712
"{TA, VPD, SW_IN, SW_IN_POT, SW_IN_POT_daily, dSW_IN_POT_daily, LST_Night, EVI, NIRv, NDWI_SWIR2, PFT}",1.8229840294185807e-06,0.05337510768859226,0.05095231247027976,0.057088413112303435,0.1148328681477108,0.0021304448955095437,0.0029170926334545697,0.001641898443549339,0.0014206275659044837,0.005149207079191941
"{TA, VPD, SW_IN, dSW_IN_POT, dSW_IN_POT_daily, LST_Day}",1.1355017792750362e-06,0.06402745826705931,0.05628165734030127,0.06577112892440903,-0.09404893884339195,0.0038416224905426163,0.0010323490211083114,0.002578119481077286,0.0010604797797446192,0.0016302108425084727
"{TA, LST_Night, EVI}",3.161807276470532e-07,0.09543548880408968,0.08377167436629454,0.11184695849069481,-1.2797960544673765,0.0005411909900883,0.0020320734647498867,0.0019962690379986686,0.001709991968682309,0.001203069450397054
"{VPD, SW_IN_POT_daily, LST_Day, PFT}",3.0323170128499087e-06,0.08993883488929542,0.0861394336251344,0.09321260267431904,-0.43201070338441366,0.004624137485062754,0.0024242526237388123,0.0031273581100804276,0.0026492769988031434,0.007115095229420984
"{VPD, SW_IN, SW_IN_POT_daily, dSW_IN_POT_daily, LST_Day, NIRv, PFT}",2.881196680332403e-06,0.05540960908573738,0.0554096647873216,0.06032552085748901,0.10268715022282049,0.0018529727463695925,0.0031487797686513483,0.0012955255922567355,0.0013619988363511443,0.005818401694014194
"{VPD, SW_IN, SW_IN_POT, SW_IN_POT_daily, dSW_IN_POT, EVI, NIRv, NDWI_SWIR2, PFT}",2.020281091627963e-06,0.054778335338260396,0.053466241903178925,0.05638230630732386,0.1596826995212605,0.0026012231932372176,0.0031513349410034752,0.0015733754007489498,0.0014378337633352556,0.005365481098012034
"{TA, VPD, SW_IN, SW_IN_POT, dSW_IN_POT, dSW_IN_POT_daily, LST_Day, NIRv, PFT}",2.069512775815564e-06,0.054530366097367035,0.051159212390238906,0.058482981284947375,0.08120836118276888,0.0017488009312306707,0.0026098755144152233,0.001648477818079315,0.0006149097149949836,0.004885289350027827
"{SW_IN_POT, dSW_IN_POT, LST_Night, EVI, PFT}",1.2972623203897325e-06,0.06549848621585398,0.06664815242388791,0.07602371353749543,-0.10758481359711551,0.001633197600795576,0.0018724373095570374,0.0017928382697130069,6.123435082724948e-05,0.003652002037641336
"{VPD, SW_IN_POT_daily, dSW_IN_POT, dSW_IN_POT_daily, EVI, NDWI_SWIR2, PFT}",3.5367046908715603e-06,0.07011958646109888,0.06326072823822851,0.07618453951817049,-0.05529880653589727,0.0016253165265741956,0.0028288262231150885,0.0008062467805210749,0.003916459214309914,0.006184032781883203
"{SW_IN, SW_IN_POT_daily, dSW_IN_POT, LST_Day, LST_Night, NIRv, PFT}",1.4093280062078347e-06,0.05537498450875111,0.054058266512761986,0.060362104184367216,0.09139993613231788,0.0012813061901543604,0.0025578651637282943,0.0017260642132881018,0.00046926364887402844,0.003949554298809069
"{SW_IN, dSW_IN_POT, LST_Night}",1.8923202067030455e-05,0.0765790590529056,0.06509447775464272,0.09428107810744957,-0.740558488382363,0.013714735242477419,0.0019489815652303719,0.0029189599557057494,0.002800659503979258,0.0062618478652897575
"{VPD, SW_IN_POT, dSW_IN_POT_daily, LST_Night, NIRv, NDWI_SWIR2}",4.5163708480890206e-07,0.061525998108370644,0.056423486757067515,0.067269486183751,-0.025814445768069832,0.0021245973477246674,0.0030291943695117812,0.0028547862923461106,0.0022710621825718647,0.004018390033129773
"{SW_IN, SW_IN_POT, dSW_IN_POT, dSW_IN_POT_daily, LST_Day, LST_Night, NIRv, NDWI_SWIR2, PFT}",1.4117408874455249e-06,0.05395187250618704,0.05359939915310608,0.0588867546434555,0.0364866808288129,0.0020616659331920625,0.002555147154731284,0.0011569492547246485,0.0003410799943299042,0.003812462457751062
"{VPD, SW_IN_POT, SW_IN_POT_daily, dSW_IN_POT_daily, LST_Day, EVI, PFT}",2.7085393514826962e-06,0.058877668648700365,0.05532864200940222,0.06489333443481335,0.09558133265669354,0.0019084971514915644,0.002800136874781242,0.0016081380787733648,0.0012661176619209527,0.005808116394444687
"{VPD, dSW_IN_POT, dSW_IN_POT_daily, LST_Night, NDWI_SWIR2}",2.5141780783365113e-06,0.07705539041387048,0.06879874445286627,0.085055220223681,-0.3908313642328747,0.00379810859640424,0.0031483617108386958,0.002718232189391781,0.006572182608225917,0.0019497725848724307
"{SW_IN, SW_IN_POT_daily, dSW_IN_POT, dSW_IN_POT_daily, LST_Day}",3.2042243188287075e-06,0.06644311946591651,0.05927213592763095,0.06539428966411162,0.03162204058294299,0.004157575679092695,0.0009832091690950562,0.0027175061809122797,0.0012231258039078416,0.005717480211315226
"{dSW_IN_POT_daily, LST_Day, LST_Night, EVI, NIRv, NDWI_SWIR2, PFT}",1.289775416301789e-07,0.1035356660751217,0.08666280162883797,0.12148570434716278,-1.07730452144179,0.0001527078561355255,0.0010091952918299257,0.00020507103517203307,-5.444854301733804e-06,0.00016556230264716532
"{TA, SW_IN_POT_daily, dSW_IN_POT, dSW_IN_POT_daily, LST_Night, EVI, NIRv, PFT}",6.439841332203891e-07,0.07396582270661159,0.07198782285742807,0.09269672187853081,-0.4119498961960459,0.0018083280941157756,0.0025489939982177023,0.002956510403998372,0.0020609314170745574,0.004088561066773258
"{TA, VPD, SW_IN_POT_daily, LST_Day, LST_Night, EVI, NDWI_SWIR2, PFT}",3.268853401149706e-07,0.07910770021652991,0.07167902945270238,0.08768681526427635,-0.41415317405388863,0.0008767677654612366,0.0017287788926808462,0.0014297136994783771,0.001031410916281443,0.0024847237670001937
"{SW_IN, SW_IN_POT, LST_Night, PFT}",1.9283242562966307e-05,0.07035789567900237,0.06103410764382392,0.083858361591893,-0.508565324127367,0.014453606146473716,0.004457203489383242,0.0035027237933420857,0.00215621773425035,0.007575371145991702
"{TA, VPD, SW_IN_POT, dSW_IN_POT_daily, NDWI_SWIR2}",4.069198619296086e-07,0.06527989979350138,0.05848521946381654,0.06829119590507898,-0.007768553712901823,0.004450323009689269,0.0026881302748709562,0.0027350516487324866,0.003377799631079724,0.003437377033719935
"{TA, SW_IN, SW_IN_POT_daily, dSW_IN_POT, dSW_IN_POT_daily, NIRv}",2.1070397473063624e-07,0.06125962767832736,0.05246233663704962,0.06639116636185935,-0.21012932988618868,0.001179489418833904,0.002186375648369182,0.0017105864554614741,0.0013315978195508615,0.0023508459512158186
"{TA, VPD, SW_IN, SW_IN_POT, SW_IN_POT_daily, dSW_IN_POT, dSW_IN_POT_daily, LST_Day, LST_Night}",2.5446561895190404e-06,0.06164121938274006,0.05445897432463216,0.06845524895602018,-0.11679887360574065,0.004862723038589978,0.0002168821712534505,0.0023954368356878045,0.0012580883923500041,0.0031682670610480718
"{SW_IN, dSW_IN_POT, LST_Day}",1.3063693008021626e-05,0.07559660161906312,0.067303544630027,0.07917639660671055,-0.42736637728914745,0.01096170908596536,0.0016480780327844113,0.0029375023519650767,0.0008228676321905687,0.003685234969694043
"{SW_IN, SW_IN_POT, SW_IN_POT_daily, LST_Night, PFT}",1.4590705172183015e-05,0.0668533156191246,0.06035108661613359,0.08299353455052369,-0.4925567088043625,0.012674759271531597,0.003615971614774581,0.0038642732272742564,0.001994293905908856,0.007463067050504937
"{SW_IN, SW_IN_POT_daily, dSW_IN_POT, NIRv, PFT}",1.6218941832037884e-06,0.058997906291273355,0.05882242040426559,0.06391280954121017,0.0889652155890835,0.002154978726829425,0.0037838279008546513,0.0017509054116093548,0.001985083313861387,0.005050802269393792
"{TA, VPD, SW_IN_POT_daily, LST_Night, EVI, NIRv, NDWI_SWIR2}",2.5285387688570664e-07,0.08209685053664667,0.07174906332603762,0.08845252769343359,-0.45127411281879626,0.0008044003884926376,0.0019732326261160116,0.0019210583910278661,0.0016890751685156927,0.0022870617304449475
"{TA, VPD, SW_IN, SW_IN_POT, SW_IN_POT_daily, dSW_IN_POT, dSW_IN_POT_daily, LST_Day, NIRv, NDWI_SWIR2, PFT}",1.8961184794525373e-06,0.05313433252934242,0.05195091786531414,0.0579743355552299,0.1157924399179297,0.002139253052219764,0.0030220300295496286,0.0014802550593513986,0.0007501939954722633,0.004736921438317394
"{VPD, SW_IN_POT_daily, dSW_IN_POT, LST_Day, EVI, NIRv, PFT}",2.1615272238600583e-06,0.07120993935128415,0.06681704638364239,0.0733598983998078,0.008132624952029266,0.0026708947883835044,0.0029449642484396382,0.0017800085432648216,0.003657373197076305,0.006117387289186607
"{TA, SW_IN, SW_IN_POT_daily, dSW_IN_POT_daily, LST_Day, LST_Night}",2.7968123224005924e-06,0.0641991300353015,0.05576672037632398,0.07019563404018403,-0.30024789268884616,0.0058613435287991345,0.0011201111578607106,0.002340463250803726,0.0015639078291257227,0.002413663142063857
"{TA, VPD, dSW_IN_POT_daily, EVI, NIRv, NDWI_SWIR2, PFT}",3.1510440318616476e-07,0.0798658614955797,0.0725903867114309,0.09143043718772317,-0.5462149148622649,0.0010957505730602446,0.0021166535161710187,0.001662200344792808,0.0011324034999573365,0.002544835751005045
"{TA, VPD, SW_IN, dSW_IN_POT_daily, NIRv, NDWI_SWIR2}",1.2100147901260257e-06,0.0581620688995444,0.05380875802268757,0.05883457844018118,0.06023464710147682,0.0018589189999759018,0.002936768715729565,0.0020081751536573447,0.00263127856144639,0.004925145316773669
"{SW_IN, SW_IN_POT_daily, dSW_IN_POT_daily, EVI, NIRv, PFT}",1.1848305949491382e-06,0.057134762214232034,0.0584643409895548,0.06362743036070925,0.09040050323677919,0.000936040514626757,0.0027145614976334317,0.0012771946440290408,0.0023380826105595387,0.003990041454839582
"{TA, VPD, SW_IN, SW_IN_POT, dSW_IN_POT, LST_Day, LST_Night, NIRv, PFT}",1.9507181233386035e-06,0.054702513866433,0.05195184864915228,0.058972592636829635,0.06677539295669578,0.0019597038122632013,0.0022654291394815715,0.0014846861920676802,0.0002369199515986839,0.004520140870807779
"{VPD, SW_IN, SW_IN_POT, SW_IN_POT_daily, dSW_IN_POT, dSW_IN_POT_daily, LST_Day, EVI, NIRv, NDWI_SWIR2}",5.570153207339869e-07,0.05597966703950451,0.05281880629671064,0.05635768616929632,0.1040964591256273,0.0029178823219020017,0.0021384479066439005,0.0020797153720316375,0.0014053143408047017,0.003565664641104832
"{TA, SW_IN, SW_IN_POT_daily, dSW_IN_POT_daily, LST_Day, LST_Night, EVI, NIRv}",2.1937224595450862e-07,0.05808102006901686,0.052460263731280724,0.06392860420068294,-0.027756521559499165,0.0021353809549111494,0.002020969614281297,0.0016636589558954515,0.0011370642554723587,0.002523674175424692
"{TA, VPD, SW_IN, SW_IN_POT, dSW_IN_POT_daily, LST_Day, EVI, NIRv, PFT}",2.1578201848863237e-06,0.05471459120209324,0.05151083476990314,0.05738774916977435,0.1385845132023526,0.001774433887594573,0.0028230706902828973,0.0016706990425551793,0.0012822572635986101,0.0053313964078227916
"{VPD, SW_IN, SW_IN_POT_daily, LST_Day, NDWI_SWIR2, PFT}",1.8941229240426104e-06,0.057726753928332424,0.055907513983917925,0.05985105470434627,0.08932817012099088,0.003914400386648739,0.005080869867355828,0.0018698284884708857,0.002787143716063624,0.005553255696457579
"{VPD, LST_Day, EVI, NDWI_SWIR2}",1.6979170774072805e-07,0.0864836515039523,0.07599749526627764,0.08501445944167907,-0.376422593049307,0.001450553381318262,0.0020854889795856035,0.0026006246661803706,0.002422292381878424,0.0024535603544636603
"{VPD, NDWI_SWIR2, PFT}",8.413793167412767e-06,0.09213321968967426,0.08192422639469671,0.09144351422938621,-0.4753789434831848,0.0016333117822630028,0.0037639976542849646,0.0008208363625490239,0.00895582432453338,0.005340813110063
"{SW_IN, SW_IN_POT_daily, LST_Day, EVI, NIRv, NDWI_SWIR2, PFT}",7.153593743628569e-07,0.05591136788906764,0.05473643782459445,0.06114546411820858,0.12917666485386092,0.0017369164400235781,0.0026913596486570907,0.0010507206178533637,0.0013308024798957818,0.0032972826939538374
"{TA, VPD, SW_IN, dSW_IN_POT, dSW_IN_POT_daily, LST_Day, LST_Night, EVI, NIRv, NDWI_SWIR2, PFT}",1.4977762229430693e-06,0.05315562933583554,0.050543366625951304,0.05748676271552665,0.08577420325298933,0.0020898628340737246,0.0028704451234703512,0.001460332039573367,0.0012345217633402891,0.004623878304775425
"{VPD, SW_IN, dSW_IN_POT_daily, LST_Day, LST_Night, NIRv, NDWI_SWIR2, PFT}",2.2752785585838433e-06,0.05380647903847419,0.05331315736631367,0.05822674217562855,0.05195150968936415,0.0017579584847446858,0.0031646632828573745,0.0012367643093955522,0.0009422950012353062,0.0050276971206375115
"{SW_IN, SW_IN_POT, SW_IN_POT_daily, dSW_IN_POT, LST_Night, EVI, NIRv}",2.0162379541712823e-07,0.059598819401441946,0.053163848082401065,0.06379879501832329,-0.09923446138716925,0.0018477684249516013,0.001397525137684416,0.0016655893704794061,0.0012965679621970358,0.0025634391774123078
"{TA, SW_IN_POT_daily, dSW_IN_POT, LST_Day, LST_Night, EVI, NIRv, NDWI_SWIR2}",7.228505067054704e-07,0.07640689154079969,0.07015560376337973,0.09417286644929486,-0.2902811285030412,0.0017100528798788817,0.0021916630407992632,0.003548497780067786,0.003800231507272926,0.003600105855781577
"{SW_IN, SW_IN_POT, SW_IN_POT_daily, dSW_IN_POT_daily, LST_Day, NIRv, PFT}",1.3097932199437133e-06,0.05648564328193879,0.05701119104708034,0.06074214592758688,0.08388260317152944,0.0015729421513810682,0.0026096432106571116,0.001177745931712007,0.0009647222387373713,0.004068325523184993
"{TA, VPD, SW_IN_POT_daily, dSW_IN_POT, dSW_IN_POT_daily, LST_Day, LST_Night, EVI, NIRv, NDWI_SWIR2, PFT}",1.1392932102549586e-06,0.06839805582305061,0.06209588565079539,0.0775714325472205,-0.1932393495658429,0.0019901087133070844,0.0020217385218329748,0.0013928864052363266,0.001202237805261859,0.004195366347798463
"{TA, SW_IN, SW_IN_POT, EVI, NDWI_SWIR2}",4.7051640813652017e-07,0.06009593650334177,0.05441848140726588,0.060028387310278195,0.07937964492996301,0.001663911151018549,0.0025821425310800644,0.002378123487791338,0.002680997317356014,0.003792526802471413
"{TA, VPD, SW_IN, SW_IN_POT_daily, dSW_IN_POT, LST_Day, LST_Night, EVI, NIRv, NDWI_SWIR2, PFT}",1.547480933476593e-06,0.05335464613081935,0.051044979536525426,0.05757551240806162,0.13512865292902834,0.002059142598218093,0.0028367452379445546,0.0016706726565232782,0.0013288738411203552,0.004819388169833239
"{TA, SW_IN, dSW_IN_POT_daily, LST_Day, LST_Night, EVI, NDWI_SWIR2, PFT}",1.3060412971914655e-06,0.0540983375706286,0.05145405749603331,0.05694620570128323,0.06278333957577713,0.002155274495746408,0.0032244732433497902,0.001708820594104564,0.001198983155152794,0.00439056735234096
"{VPD, SW_IN, SW_IN_POT, dSW_IN_POT_daily, LST_Day, LST_Night, EVI}",2.613479916922127e-07,0.05879099497455239,0.05138093991076224,0.06109052004732672,0.06299875207057594,0.0027329681775023276,0.0017322607737160975,0.0014781040803384798,0.0012276843238526042,0.0017617398741910095
"{TA, SW_IN, SW_IN_POT, dSW_IN_POT, dSW_IN_POT_daily, LST_Day, LST_Night}",3.0363446217918344e-06,0.06357133981335307,0.05569881057424417,0.07188847126667361,-0.27907687757510324,0.005886717472067829,0.0011668589042950137,0.0028851933886053782,0.0012845524292439264,0.0037298470839320363
"{TA, VPD, dSW_IN_POT, LST_Day, LST_Night, EVI}",3.165616342175899e-08,0.07621626465234478,0.06424556853187001,0.08223737253558264,-0.21525643650776768,0.0022186708672092825,0.00209546428767865,0.002555894224506028,0.0025290010301549162,0.002302172393455676
"{VPD, SW_IN, dSW_IN_POT_daily, EVI}",4.6363870011668195e-07,0.06501780346526492,0.056526878908151286,0.061213013187602264,0.0036245480244044095,0.001756980242917483,0.002639734284179178,0.001383043395874542,0.0032841576988633797,0.0026250708323529437
"{SW_IN, SW_IN_POT, LST_Night}",3.038456196829546e-05,0.07931349708513973,0.06500014483842938,0.09262301288218298,-0.7466966062215684,0.016351299966662777,0.0015034211606015785,0.0026290216831832414,0.0023217492696238837,0.005551929772216996
"{TA, SW_IN_POT_daily, LST_Day, LST_Night, NIRv, PFT}",9.827167498616396e-07,0.0850192843808478,0.08291972494392663,0.107593503382602,-0.6073758201920086,0.000874427049727941,0.0019154390217871187,0.0027567067395053574,0.0010781995316750947,0.0034899086812014007
"{SW_IN, SW_IN_POT, LST_Day, LST_Night, NIRv}",2.402864061467862e-07,0.06156435318200952,0.05455414230814336,0.06270659330308298,-0.011329802678537485,0.002143207539192081,0.0016387978951478421,0.0019626476832061285,0.0008537738319505522,0.0021815005249224834
"{TA, SW_IN_POT_daily, dSW_IN_POT_daily, LST_Day, LST_Night, EVI, NIRv}",3.244434009580767e-07,0.08603744652687649,0.07983461419449178,0.11459230468738148,-1.1342260001478348,0.0002450675471544206,0.0015234216296692443,0.0018915150812491427,0.0010603428278500582,0.0015502360287187877
"{TA, SW_IN_POT_daily, dSW_IN_POT_daily, LST_Day, LST_Night, EVI, NDWI_SWIR2}",1.398849422998347e-07,0.08501674705365453,0.07977709710554304,0.10877418598670172,-0.8834872325778621,0.0007567795987058895,0.0014255753908729851,0.0018626307468300463,0.0010246422906720482,0.0012908888026439552
"{dSW_IN_POT, dSW_IN_POT_daily, LST_Day, EVI, NIRv, NDWI_SWIR2, PFT}",9.974796222283763e-07,0.08212756733913318,0.07843709870421753,0.0984095106574541,-0.17839436628427663,0.001665584750218621,0.002904727365203863,0.0017443095937016428,0.0031680209251107525,0.004363441308915764
"{SW_IN_POT, dSW_IN_POT_daily, LST_Day, EVI}",4.857146901417648e-07,0.07032360825911373,0.06563663648005744,0.07331945020241251,-0.0828869877207647,0.0013936399301702485,0.0030806777526267842,0.002351124698603199,0.001315020744986295,0.0026530598022233565
"{VPD, SW_IN_POT, dSW_IN_POT, dSW_IN_POT_daily, LST_Night, EVI, PFT}",1.5683737981911981e-06,0.05849607991913617,0.053735146152755486,0.06731834783179669,0.01429178750045714,0.001613447834441853,0.0021033398235039344,0.0015815230409667869,0.0008071781652023435,0.004480418913214407
"{TA, VPD, SW_IN, SW_IN_POT_daily, dSW_IN_POT, LST_Day, EVI, NIRv}",2.394555692573294e-07,0.05881068834931715,0.052079800916225105,0.05962722733995962,0.10393484650217949,0.0021113437472449065,0.0016845409156545019,0.0026260129213242223,0.0013330760909129047,0.0025128686001820305
"{VPD, dSW_IN_POT, dSW_IN_POT_daily, LST_Night}",1.105995593334372e-05,0.08674243900045059,0.07355008134492806,0.10382917016895395,-0.9250606962011391,0.011812507281207266,0.0025908044945180536,0.0030704688227233545,0.004583039694549422,0.004959698315400329
"{SW_IN, SW_IN_POT, dSW_IN_POT, LST_Day, LST_Night, EVI, NDWI_SWIR2, PFT}",9.971146182875593e-07,0.05464675859704948,0.05171349686678251,0.05869121601034013,0.0684682611782187,0.0019452119484034969,0.0024059961707682542,0.0013217509582503714,0.0005193409833954485,0.0034788489376267467
"{VPD, SW_IN, SW_IN_POT, SW_IN_POT_daily, dSW_IN_POT, LST_Night, NIRv}",8.808331812596082e-08,0.06016413194765453,0.051449364861815165,0.06412741115520608,-0.11907123576015959,0.001600941799664475,0.0012313548365170401,0.0019679830039672844,0.0013002578320724656,0.0018816435545201265
"{TA, VPD, SW_IN_POT_daily, dSW_IN_POT_daily, LST_Night, NIRv}",5.350712061129206e-08,0.08455472485304966,0.07339210350202992,0.10620302258775374,-1.3154999462348795,0.0012647256941112073,0.0018865419828313912,0.0016753635110860754,0.0017362823644578654,0.001903889697190811
"{TA, SW_IN_POT, SW_IN_POT_daily, dSW_IN_POT_daily, LST_Day, NIRv}",4.925685186835035e-07,0.0658738902595616,0.058223890215243684,0.07409431469764279,-0.23176207659599427,0.0024999615603471664,0.0016790657073595117,0.002913131065227309,0.0011204878531579365,0.0028545953029784493
"{TA, VPD, SW_IN, SW_IN_POT, SW_IN_POT_daily, NDWI_SWIR2, PFT}",1.5511199665901652e-06,0.05700933440010569,0.05370834740483278,0.05985883585139311,0.0849187856073142,0.0031682247413226047,0.004146482312309137,0.0019170771957579685,0.0030334896466693503,0.005629672668356914
"{TA, SW_IN_POT, NDWI_SWIR2, PFT}",1.651503109687584e-06,0.06609852365108967,0.06399078381251597,0.0705263173156219,-0.053011028138534866,0.001928338573530912,0.003846907177997849,0.002511430270572032,0.002419583876122622,0.005468218421143992
"{VPD, SW_IN_POT, SW_IN_POT_daily, dSW_IN_POT, LST_Day, EVI, PFT}",1.6317674590411855e-06,0.05906957122194739,0.055395437218593566,0.061240065600951,0.1326706699952101,0.0014979491338877604,0.0021323517441868417,0.0020244934211566534,0.0006835836775692453,0.004509906510508366
"{VPD, SW_IN_POT, dSW_IN_POT}",1.6886141292068178e-05,0.07884652522722825,0.07012839999726003,0.08197816350442715,-0.5337802928668155,0.01225601984441084,0.0011218906055291827,0.003620216749205818,0.001908571523035224,0.007367518550417493
"{TA, VPD, SW_IN_POT, SW_IN_POT_daily, dSW_IN_POT, NIRv, NDWI_SWIR2, PFT}",2.2623053106133077e-06,0.058259553664167234,0.0546473634189958,0.06315891551916414,0.041071740048756376,0.0018996510017599139,0.0029038364139226946,0.0022873335150456336,0.0008592832979301968,0.005360463134519461
"{TA, VPD, SW_IN, SW_IN_POT, LST_Day, EVI, PFT}",2.2260031664099248e-06,0.05595381326098344,0.051903748206377734,0.0585179751593956,0.1707630543624513,0.0014073875717337675,0.002333754768072495,0.001547588949326606,0.0009409179784123922,0.00511491126953148
"{SW_IN_POT_daily, EVI, NIRv, NDWI_SWIR2, PFT}",2.37845380954475e-07,0.10466699218981139,0.09379585645339686,0.11576591059605304,-0.600292177668633,-3.989514497677871e-05,0.000874658501381298,-0.0006177996757174564,0.00026359060312658444,-7.086027619873647e-05
"{TA, VPD, SW_IN_POT, SW_IN_POT_daily, dSW_IN_POT, LST_Day, LST_Night, NDWI_SWIR2}",1.3176192286109854e-06,0.06225369793787355,0.05794101929793498,0.0718133047156633,-0.14615891678728715,0.0038161611769573847,0.0014207583041889321,0.0032801873374324123,0.0007070189163523449,0.0021557191241121237
"{VPD, SW_IN, SW_IN_POT_daily, EVI, NIRv, PFT}",2.5543027594391178e-06,0.05747040646651751,0.05563758711375767,0.06136433651840902,0.12804944113850583,0.0020479856672601937,0.003502363404526705,0.0017422923483888658,0.00267308173739491,0.006192558995394698
"{SW_IN, SW_IN_POT, SW_IN_POT_daily, dSW_IN_POT_daily, LST_Day, EVI, NDWI_SWIR2}",7.358693579942808e-07,0.05835532068326397,0.05499305309011712,0.059854995865116056,0.1089025276268925,0.003248394724570877,0.002651678627724939,0.0017725362385694957,0.0013599803952861547,0.0036280781656295724
"{TA, SW_IN, SW_IN_POT_daily, dSW_IN_POT, LST_Day, EVI, NIRv, NDWI_SWIR2, PFT}",1.527716106345581e-06,0.054106811297447106,0.0532220218780926,0.05924942132912167,0.13792351908654454,0.0018434249706845082,0.0029506594111688086,0.0018396288233093888,0.0013584613703592069,0.004798274897179364
"{TA, VPD, SW_IN, SW_IN_POT_daily, LST_Day, NDWI_SWIR2}",1.0281013248174125e-06,0.06093161571522314,0.054376596307531194,0.060433092654834944,0.059817421133985936,0.004718495043475095,0.002089414938991223,0.002092732149795551,0.002137498552983154,0.0025923306052450523
"{VPD, SW_IN, SW_IN_POT, SW_IN_POT_daily, dSW_IN_POT, dSW_IN_POT_daily, LST_Day, NIRv}",8.852387467284278e-08,0.05871056732050088,0.05339939410529726,0.06036645757653755,0.027455132464957233,0.0020144613448118062,0.0017104701816249845,0.0016678012487866545,0.0011441282003181036,0.0018864654435063466
"{TA, SW_IN, SW_IN_POT, SW_IN_POT_daily, dSW_IN_POT_daily, EVI, NIRv}",2.647073720098257e-07,0.060087474825723096,0.053572782473002595,0.06241149012553274,-0.10742770191381511,0.0024779826980889513,0.0020479448727699218,0.001678533485508317,0.0018134032385808546,0.003096878199206815
"{LST_Night, EVI, NIRv, NDWI_SWIR2, PFT}",1.591383465519484e-07,0.10528725039096357,0.09416685597525576,0.12713524115387997,-0.9854748131711603,3.888631050619207e-05,0.001135795410547466,9.285015721487155e-05,0.0002656380036675787,0.00025771309306707457
"{TA, SW_IN_POT, dSW_IN_POT_daily, LST_Day, LST_Night, NIRv, NDWI_SWIR2}",7.800549660467078e-07,0.0632971908205874,0.058541715941978455,0.07098047732554424,-0.15671119594853108,0.002162944739374964,0.0026143968172274573,0.002384272910965275,0.0013705315894054215,0.004076981954441561
"{TA, VPD, SW_IN, SW_IN_POT, dSW_IN_POT, LST_Day, NDWI_SWIR2, PFT}",1.1207087558249601e-06,0.05571381863613914,0.05432062350401483,0.061272745798352644,0.07501984168148335,0.0021827479880175416,0.003502284987704607,0.0017682995243767374,0.0012332928617017,0.00403901591290233
"{TA, VPD, SW_IN, SW_IN_POT_daily, dSW_IN_POT, LST_Day, NIRv, NDWI_SWIR2}",6.073199885011997e-07,0.0571351603026175,0.052495087626849804,0.058034455922777714,0.08800780919118843,0.00212970863005766,0.002573812674473014,0.0030202478100071206,0.0015655136478353315,0.00385382042725059
"{VPD, SW_IN, SW_IN_POT_daily, dSW_IN_POT, dSW_IN_POT_daily, LST_Night, PFT}",1.3976537579788093e-05,0.0619859261109826,0.05734440676025028,0.07064577851204967,-0.22255298754785455,0.011495461885456047,0.0025868780162265903,0.002803638626705504,0.002206707631322545,0.008209707613349035
"{TA, VPD, SW_IN, SW_IN_POT, SW_IN_POT_daily, dSW_IN_POT_daily, LST_Day, LST_Night, EVI}",2.0379707729110484e-07,0.058079914939546236,0.05052606831805036,0.060362946026541964,0.06563445923917031,0.0026301670496212265,0.001936277574838656,0.0017885531887887607,0.0012681423936843697,0.002207850534230296
"{TA, VPD, SW_IN, SW_IN_POT, SW_IN_POT_daily, dSW_IN_POT, dSW_IN_POT_daily, EVI, NIRv}",2.541692607168675e-07,0.058764822839456964,0.0512975312239819,0.06203060020677545,-0.04612925062594727,0.0025713559170774045,0.0017279610542232648,0.0018689950214956785,0.0015383480479551,0.002836074698728222
"{TA, VPD, SW_IN, dSW_IN_POT_daily, LST_Day, LST_Night, EVI, NIRv, NDWI_SWIR2}",7.391649487770073e-07,0.05641182329051975,0.052470796429685954,0.05720190995272392,0.06444181194072894,0.002300185763560593,0.0024687208271171115,0.0018261101538010957,0.0019638019325725065,0.0042110978107336855
"{SW_IN, LST_Day, NIRv, NDWI_SWIR2}",4.877042861618759e-07,0.06126345203199518,0.05527526367483693,0.06055714668470048,0.07768310919133331,0.0022338617720999154,0.003087379463465656,0.002075225841659506,0.001782207289905871,0.003661993410956188
"{TA, SW_IN, SW_IN_POT, dSW_IN_POT, dSW_IN_POT_daily, LST_Day, EVI, NIRv}",2.99895594409404e-07,0.05826161397024778,0.053105951347115175,0.06306895890517814,-0.0031134717516981083,0.00171448963272499,0.0015275909128801002,0.0017873173135445966,0.0011255603307274917,0.0027816985253684423
"{TA, VPD, SW_IN, dSW_IN_POT, dSW_IN_POT_daily, NIRv, PFT}",2.0581205012617793e-06,0.05540927988523648,0.05289463883931206,0.05921342158856186,0.09211673064111155,0.0016136930518781192,0.002595937830513241,0.0015687486800506217,0.0010996825678949648,0.005093008625181389
"{SW_IN, dSW_IN_POT, NDWI_SWIR2, PFT}",2.935397690685419e-06,0.06529575048980721,0.0654768980287121,0.06488227941401302,-0.04238917105034625,0.0031714306130135664,0.0053423374953679575,0.0015905562980413623,0.0036441444024692127,0.00650385147703314
"{TA, VPD, SW_IN_POT, SW_IN_POT_daily, dSW_IN_POT, dSW_IN_POT_daily, LST_Night, NDWI_SWIR2}",7.977821691958298e-07,0.0621675612307251,0.05761744967490242,0.07481506377691399,-0.24927572848013443,0.003640264927020756,0.0014785364082145966,0.0029527318649473847,0.001260634348971959,0.0021923935671957218
"{SW_IN, SW_IN_POT, dSW_IN_POT, dSW_IN_POT_daily, LST_Day}",4.1595243899732e-06,0.0668598192048117,0.05820959686983217,0.06597344867666508,-0.1740485423338559,0.005925806912406614,0.0010788269398973732,0.003283169195336222,0.0011420589447647747,0.005381228688588258
"{TA, SW_IN_POT, dSW_IN_POT, dSW_IN_POT_daily, NIRv, NDWI_SWIR2, PFT}",2.2420630539874877e-06,0.06068051810710024,0.059466028029817514,0.0702013282009574,-0.07477605560077494,0.001776751305747011,0.0028563194630762886,0.0021900599216980454,0.0003096031659075363,0.00488996348488617
"{VPD, dSW_IN_POT_daily, NIRv}",8.704628061839533e-07,0.09050815719584725,0.0786905644928364,0.09967255260752378,-0.7790616207319628,0.0010877772308406225,0.0032899386579813283,0.001498781069938046,0.003354728979844006,0.0018766884435597458
"{TA, SW_IN_POT, dSW_IN_POT_daily, LST_Day, LST_Night}",3.656703639518245e-06,0.07077212407697205,0.06049215870797432,0.08209750508484864,-0.3746070429200266,0.006363443971174512,0.0012642755228045172,0.004120875332549609,0.0015214341266621204,0.0022458565126682872
"{VPD, SW_IN_POT, SW_IN_POT_daily, LST_Night, EVI, NIRv, NDWI_SWIR2, PFT}",1.8990030950333628e-06,0.058058915424265764,0.054946635671921484,0.06363277105527065,0.06058051149161037,0.0018542885031566994,0.002744646445169467,0.0020729314744942356,0.0015472388756275143,0.005356475783562631
"{SW_IN, dSW_IN_POT, dSW_IN_POT_daily, LST_Night, EVI, NDWI_SWIR2}",9.555867383190402e-08,0.0579096264484264,0.05434703886841404,0.06129209812041655,0.005097753750275861,0.002463350688782083,0.0027186541283757207,0.0021622670312697184,0.0019948419878295445,0.0027938332273386574
"{VPD, SW_IN, SW_IN_POT, LST_Day, LST_Night, NIRv, PFT}",2.115489547997486e-06,0.05573898715166404,0.05305008725410728,0.05841764501923502,0.06281747674020448,0.0022470060160055677,0.002590692542513727,0.0015599895915947362,0.0004571358704959297,0.004860397961118076
"{VPD, SW_IN, SW_IN_POT_daily, dSW_IN_POT, LST_Night, NDWI_SWIR2}",3.31008138045487e-07,0.06070213992549778,0.054179080266834614,0.06854543156927785,-0.057263778137628195,0.0035370766683011923,0.002128123428158289,0.00244539757852303,0.0034752156802966006,0.0025158379792934588
"{TA, VPD, SW_IN, SW_IN_POT, dSW_IN_POT, LST_Day, LST_Night, PFT}",2.8368364973349908e-06,0.05924125137092111,0.05361283579802613,0.0698470142547074,-0.15934652397572444,0.005704768891809847,0.0028469386320895684,0.001718810017013142,0.0010094220373113236,0.004128969854806902
"{TA, dSW_IN_POT_daily, LST_Day, LST_Night, NIRv}",2.646391755651203e-07,0.08791962448509695,0.07981887242694333,0.1146915540283319,-1.2261724617123901,0.0010528434172873136,0.001749625559125681,0.0024429655217932666,0.0010862664302288896,0.0017702781178228072
"{SW_IN, SW_IN_POT_daily, dSW_IN_POT, dSW_IN_POT_daily, NDWI_SWIR2, PFT}",2.488876885537012e-06,0.05797920166345823,0.06118609703732425,0.06422242788115821,0.029917358546326156,0.0024031284025827424,0.0044569337573978005,0.001624050893132771,0.00315555499933156,0.0060880649065465225
"{VPD, SW_IN, SW_IN_POT, dSW_IN_POT_daily, LST_Day, EVI, NIRv, NDWI_SWIR2}",1.2209308224747324e-06,0.05729325045740472,0.053206646883615774,0.057813550214186056,0.12260752262107937,0.0027730552454232824,0.0028600538891355998,0.0020033420183204406,0.0022959592698504894,0.005131993047842093
"{TA, VPD, SW_IN, LST_Day, NIRv, NDWI_SWIR2, PFT}",2.047796299690072e-06,0.05504390052094687,0.053464683658523526,0.058610651403964584,0.08499827258986126,0.0017068234424499479,0.0033123107610503466,0.001586329872209219,0.0015430405406494374,0.0052105407098440165
"{TA, VPD, SW_IN_POT, dSW_IN_POT, dSW_IN_POT_daily, EVI, NDWI_SWIR2, PFT}",1.9053352262584944e-06,0.05771249060325007,0.05359859453283221,0.065585073201815,0.06836097980210093,0.001928908725626552,0.003004269550012366,0.002065109634539722,0.0009812118445347365,0.005050812055117912
"{SW_IN_POT, dSW_IN_POT_daily, LST_Night, EVI, PFT}",1.19614908566315e-06,0.06579087612853467,0.06700988025799695,0.07350049262561012,-0.057019451584192006,0.0018844511487528387,0.0025366151514819024,0.001779135763762929,0.0005023727531028241,0.0038575573469576546
"{TA, VPD, SW_IN, dSW_IN_POT, EVI, NDWI_SWIR2}",2.769978376256308e-07,0.05885515783756195,0.053610767641134885,0.059902911257447455,0.12076712049996553,0.00225754911064234,0.002371680565442423,0.002708776163155145,0.0024591246019895208,0.003711607651202778
"{SW_IN, SW_IN_POT, dSW_IN_POT, dSW_IN_POT_daily, LST_Night, EVI}",2.121668262260078e-07,0.06022742286335655,0.05304755536304452,0.07086922668715559,-0.31632323892587694,0.0021031097344730437,0.0014803971985849276,0.0013048623235904083,0.0012157248974024176,0.0023778791314729014
"{TA, VPD, SW_IN_POT, dSW_IN_POT_daily, LST_Day, LST_Night, NIRv}",4.0924250284727245e-07,0.06308943926295915,0.054288064103401035,0.06900434097534491,-0.037422356197424754,0.003199588934016638,0.00235552697899466,0.0025055783321026454,0.0012228685999953748,0.0025244226571714545
"{VPD, dSW_IN_POT, dSW_IN_POT_daily, LST_Day, EVI, NDWI_SWIR2}",7.801455064734773e-07,0.07411706147650997,0.06444457348516,0.0744517707545124,-0.09617964832398784,0.002660386495479089,0.002819899528498926,0.0030149370774783107,0.0050294580771449784,0.0038998151526723895
"{TA, VPD, SW_IN_POT, LST_Night, NIRv, PFT}",3.2444924592074543e-06,0.0607174756108974,0.054629966542537725,0.06802928286466844,-0.01255256949900733,0.001850480290851858,0.002941013783431111,0.002287043875202316,0.0007578672467247333,0.0060967337839272495
"{TA, SW_IN, SW_IN_POT, SW_IN_POT_daily, LST_Day, NIRv, NDWI_SWIR2, PFT}",1.771270136343889e-06,0.05467921342393786,0.05366256022726147,0.05832358318397089,0.10059507242616866,0.002251744796775021,0.003212160115823641,0.0019405439979747058,0.0013662104724286236,0.005164805884282073
"{SW_IN, SW_IN_POT, SW_IN_POT_daily, dSW_IN_POT, LST_Day, LST_Night, EVI, NIRv}",2.829073049125314e-07,0.058004088353699114,0.05261074969110707,0.06157832540820474,0.035372063159059886,0.0018993725362687203,0.001239758674585048,0.0019062686967387457,0.0008309471239134406,0.0023194168875820542
"{TA, SW_IN_POT_daily, dSW_IN_POT, EVI, NDWI_SWIR2}",9.483113521097172e-07,0.07900228994822843,0.07117665213877279,0.0951884040454767,-0.32909891307226385,0.0018691677246102795,0.0026620985548608395,0.00391359884940802,0.004677562165460024,0.003145140868428334
"{VPD, SW_IN_POT_daily, dSW_IN_POT, LST_Night, EVI, NDWI_SWIR2}",5.873114128886546e-07,0.0737424376136186,0.06370325040693947,0.07519531249344931,-0.07404139223474158,0.002088626748614028,0.0021301964069879026,0.002804053758946476,0.004197969716557566,0.002991091970670934
"{VPD, SW_IN, SW_IN_POT, SW_IN_POT_daily, dSW_IN_POT, dSW_IN_POT_daily, LST_Day, LST_Night, NDWI_SWIR2}",1.0522710414750008e-06,0.05786009453001294,0.054139128096759984,0.06525426092941772,-0.05438878271031442,0.0039626092400782895,0.0013559698735162162,0.0021017702919694653,0.0010992677269137524,0.0015815316391764311
"{VPD, SW_IN_POT, SW_IN_POT_daily, dSW_IN_POT, dSW_IN_POT_daily, EVI, NDWI_SWIR2, PFT}",1.9301289466922675e-06,0.05758217466638024,0.05408700284042354,0.06199710916971515,0.06894339864416998,0.00183875096809559,0.0028936537432917714,0.0016355760362468524,0.0012940487976980594,0.005121636390276102
"{TA, SW_IN, SW_IN_POT, dSW_IN_POT, dSW_IN_POT_daily, EVI, NDWI_SWIR2, PFT}",1.6478819477386381e-06,0.05412963892382263,0.05190729894801114,0.05916397334265746,0.10108572107000846,0.0024101219091502285,0.0028982319012861163,0.0015081833842377143,0.0008904368654515937,0.004622304988804352
"{TA, SW_IN_POT, dSW_IN_POT, PFT}",1.3006065968616912e-05,0.07226585744447132,0.06536332322924503,0.08463602552368378,-0.4116788693398514,0.011271076156539807,0.003055840612753588,0.004608159718670943,0.0009773093145231185,0.007621606868548916
"{TA, VPD, dSW_IN_POT, LST_Day, LST_Night, PFT}",2.2121632853998596e-06,0.07740585307060488,0.0701956925836288,0.09279503889051094,-0.5756330014905874,0.006177871841632557,0.003685595180623183,0.00234568310335731,0.0029068114341622084,0.005540522263743117
"{TA, SW_IN, dSW_IN_POT_daily, EVI, PFT}",1.6684070620858677e-06,0.05671226979841099,0.05396983948032645,0.059923375588288266,0.09936866857201913,0.0016998041874071446,0.0030161534031241666,0.001635943306680293,0.0017038988214656131,0.004971971917442766
"{TA, SW_IN_POT, dSW_IN_POT, LST_Day, EVI}",1.4138476489959277e-06,0.06705933599960687,0.05810737438576051,0.07565934595894369,-0.24842287992935944,0.0009598480236404708,0.0016660293676979826,0.004285156654351571,0.0012203359297277769,0.002283549613877986
"{TA, dSW_IN_POT, dSW_IN_POT_daily, LST_Day, LST_Night, EVI, NIRv, NDWI_SWIR2}",4.308422857373985e-07,0.07605944808818098,0.07182278212796062,0.09919806131791728,-0.5081340723397711,0.0017564928721086198,0.001846375555062868,0.003475501559885366,0.0026956952271332546,0.00293980928788308
"{SW_IN, SW_IN_POT_daily, dSW_IN_POT, NIRv, NDWI_SWIR2, PFT}",1.6159349075806993e-06,0.05699945264835186,0.05802091831275734,0.06156790391210974,0.08107899440439048,0.0028707405574802947,0.004063422811350602,0.001679558954248546,0.0021367063548856577,0.005145659016975168
"{TA, SW_IN, dSW_IN_POT_daily, EVI, NIRv}",2.032245011601783e-07,0.06134952854540445,0.05345588397340474,0.06343236176656919,-0.0876911033643995,0.00247488930515824,0.0021171790329488765,0.0018765607071371537,0.002157010482692019,0.0031779518426468534
"{TA, dSW_IN_POT, EVI, NIRv}",6.655576176038118e-07,0.08394114335712552,0.07493578843954218,0.09977670432715009,-0.4512637564939603,0.0021265725496547316,0.0032417297689233404,0.0027598395905478884,0.004516468602026334,0.002598784942915905
"{SW_IN_POT, dSW_IN_POT, dSW_IN_POT_daily, LST_Night, EVI, NDWI_SWIR2}",1.878229005382017e-07,0.0653404903416545,0.06461643434648462,0.0776022218774316,-0.23963808540283296,0.0021486340741226073,0.0020771755670720288,0.0022133489685530333,0.0010431744955644237,0.0020164782372192047
"{VPD, SW_IN, SW_IN_POT_daily, dSW_IN_POT_daily, NDWI_SWIR2, PFT}",3.6906643987722708e-06,0.05786810451004248,0.056678083673285806,0.062030926498100755,0.06638635728983915,0.00312626019154523,0.004817264526517963,0.0019078277280196246,0.004783747311868633,0.007611032670497342
"{VPD, SW_IN_POT, SW_IN_POT_daily, dSW_IN_POT_daily, LST_Night, EVI, NDWI_SWIR2, PFT}",1.9778483972588012e-06,0.05767587513814251,0.053585171993206046,0.06405098065748718,0.04971147883810425,0.00218007801690185,0.0032005304784009647,0.0018622079835109717,0.001605951206650691,0.0054566836032742955
"{SW_IN_POT, dSW_IN_POT_daily, LST_Day, LST_Night, EVI, NDWI_SWIR2}",4.1359542539439577e-07,0.06610724190848938,0.06570949818817759,0.07542607210987953,-0.16351016108973412,0.0017584407390797419,0.002260834908502582,0.0016760656010628844,0.0008103463374369707,0.0027330069965438852
"{SW_IN, dSW_IN_POT_daily, LST_Day, EVI}",3.025321237848303e-07,0.06225949010627802,0.055277255451467416,0.06274000597542218,-0.006060831244028675,0.0020036391621038735,0.0018856613133238914,0.0013729337773925876,0.0014575093878353637,0.0029157706557615126
"{VPD, SW_IN, dSW_IN_POT_daily, LST_Day, EVI, PFT}",1.6689656400168857e-06,0.05576433667342649,0.0541284696993434,0.059001816991627196,0.11128950402365184,0.002537975765880003,0.0023551379016612597,0.0015023563203903911,0.0016500515853267311,0.005085403058088342
"{TA, VPD, LST_Day, EVI, PFT}",4.986566971198583e-07,0.08315007242813606,0.0742236254720232,0.0930945103287586,-0.42355588010519707,0.0011608241593663027,0.001930521237880664,0.002166639273937024,0.001349345420449198,0.003159314875466404
"{SW_IN, SW_IN_POT, SW_IN_POT_daily, dSW_IN_POT, dSW_IN_POT_daily}",1.5046209345267693e-05,0.07088752730216172,0.0643607904639756,0.08083896846833516,-0.46448339481195705,0.009932953243104142,0.0003315040838032801,0.0036052345959386167,0.0025459871430557612,0.00962053720986647
"{TA, SW_IN, SW_IN_POT, SW_IN_POT_daily, dSW_IN_POT, LST_Night, NIRv, NDWI_SWIR2}",6.9033161133959e-07,0.05689874116660889,0.052325054461068554,0.060922524798945416,-0.021023828283460555,0.0021757566511780985,0.0023400010696229406,0.002344567717737188,0.0007995023680545388,0.0034041575479407393
"{TA, VPD, SW_IN_POT_daily, dSW_IN_POT_daily, EVI}",1.8572690690869073e-07,0.08595925222267897,0.07357118459897269,0.10022304883734698,-1.094161726024106,0.0011273053471312494,0.001960859874115581,0.0021781877461560517,0.0017808840686152697,0.0023869925121997454
"{TA, SW_IN, SW_IN_POT_daily, LST_Night, EVI, NDWI_SWIR2}",4.773381280902804e-07,0.058322297456291194,0.054615022043142,0.060138069431186186,0.0551039637268911,0.00191555135035687,0.0024805349867875193,0.002464571298555193,0.002323815151117292,0.003946385748739734
"{SW_IN_POT, SW_IN_POT_daily, dSW_IN_POT, dSW_IN_POT_daily, LST_Night, NDWI_SWIR2}",6.427613650124962e-07,0.06735686715329699,0.06596472861067765,0.08085795183026226,-0.42906077346935145,0.003203101788105643,0.00133373193118963,0.0021701106470205095,0.0008690781555350663,0.0016213860512412498
"{TA, VPD, SW_IN, dSW_IN_POT, dSW_IN_POT_daily, LST_Day, LST_Night, EVI}",1.6947884783243063e-07,0.057976173961992436,0.05038828849341709,0.061023009827629864,0.07560480683769531,0.002398836359122948,0.0017257823665945832,0.0018792581592066634,0.0011426012119120296,0.0020252146917927455
"{TA, SW_IN, SW_IN_POT, dSW_IN_POT_daily, LST_Day, LST_Night, EVI, PFT}",1.5028994177719894e-06,0.05474910553776127,0.053314477217416056,0.058752433527683876,0.09124647817967303,0.0019075003200848678,0.0022782831209557097,0.0014284930074567326,0.0008019627109948774,0.00440889053661063
"{SW_IN, SW_IN_POT, SW_IN_POT_daily, dSW_IN_POT, dSW_IN_POT_daily, PFT}",1.4100173027027026e-05,0.06495759968728848,0.0625047983761464,0.0721529877965657,-0.1689407105526449,0.010051093414143689,0.0019897571183410748,0.0042183720902448305,0.0019530376021899484,0.010344204795416131
"{TA, SW_IN, SW_IN_POT, SW_IN_POT_daily, dSW_IN_POT_daily, LST_Day, LST_Night, EVI, NDWI_SWIR2}",5.420286659831168e-07,0.05666283277563518,0.05328822806645339,0.05973135505278937,-0.0013283530673854533,0.002600631984443602,0.0025123174230216178,0.0020490465966199745,0.0015567613853144993,0.0037676134699323183
"{VPD, SW_IN, NIRv}",5.084536850797567e-07,0.06892785760732766,0.05858086006337829,0.06446832156538225,-0.06713628034358908,0.0011379878620800532,0.0030107940662278954,0.0015369247722813173,0.002618071593929322,0.001570823293066681
"{SW_IN_POT_daily, dSW_IN_POT, dSW_IN_POT_daily, LST_Day, LST_Night, EVI, NIRv, NDWI_SWIR2, PFT}",2.2757916025979453e-07,0.08019857092861107,0.07860670873075272,0.09909037466368431,-0.2603544970419641,0.0011719525969013656,0.0018875990126399345,0.0006033339523563302,0.0017876693533490917,0.0016558036257904168
"{VPD, SW_IN_POT, SW_IN_POT_daily, dSW_IN_POT, LST_Day, LST_Night, EVI, NIRv, PFT}",1.7431126567036697e-06,0.05818031550159802,0.05443472813147601,0.06538319076099627,0.05361191821856184,0.001633466782603503,0.0019928437000955174,0.002202612822514813,0.000659943950983774,0.004646130636281803
"{TA, VPD, SW_IN_POT, SW_IN_POT_daily, dSW_IN_POT, LST_Night, PFT}",1.0225269399780798e-05,0.06569346666247644,0.0588107628348061,0.07622593353970217,-0.25713830120623277,0.008640200613507718,0.0030089042829254536,0.002572611610041464,0.0015286107993968678,0.008997596211551828
"{TA, VPD, SW_IN, SW_IN_POT_daily, dSW_IN_POT, LST_Night, EVI, NIRv}",2.1452426962560132e-07,0.059271100415385976,0.051068945957066264,0.061042820876838516,-0.02207034825506088,0.0022451256390116914,0.001561154371160535,0.001855039153692395,0.0013729175484080425,0.0026522019459005453
"{TA, VPD, dSW_IN_POT, LST_Day, NIRv, PFT}",1.8435669142380458e-06,0.07264856967235359,0.06707007492878479,0.0795022399682651,-0.1463888019795768,0.0025946461491372086,0.002916932785058987,0.0024557321318277037,0.0027289269802421787,0.006047089191657265
"{SW_IN_POT, dSW_IN_POT, LST_Day, EVI, NIRv, PFT}",1.1501672117697767e-06,0.06544463005860872,0.06713428033115562,0.07123004272337707,0.01419947631078968,0.0014436367348522675,0.0024146525324158646,0.0020150808832227474,0.0004464910406551878,0.0036898996385466287
"{TA, VPD, SW_IN, SW_IN_POT_daily, dSW_IN_POT_daily, LST_Day, NIRv, NDWI_SWIR2}",1.1289105116302984e-06,0.057006494049498466,0.05287788133755783,0.05802853220562822,0.07483223281117417,0.0023331448189021636,0.0028618560967000953,0.0020702459176778487,0.0018948582806521744,0.0048176840023244905
"{TA, SW_IN, SW_IN_POT, SW_IN_POT_daily, dSW_IN_POT, NIRv, NDWI_SWIR2, PFT}",1.5898784745576154e-06,0.05447992634605076,0.05396696530004619,0.05874459989950487,0.08704319776034476,0.0021431732008851886,0.00284822236350514,0.001812234816743294,0.0008548246348770577,0.004628442574249145
"{VPD, SW_IN_POT, SW_IN_POT_daily, dSW_IN_POT, dSW_IN_POT_daily, LST_Night, NDWI_SWIR2, PFT}",8.914574231023225e-07,0.05875834980285403,0.056686939301463804,0.07143079871222338,-0.024282105232161382,0.0025565035390203716,0.0032258466286355786,0.0020123080534710167,0.0015620701374030113,0.004247432229357237
"{TA, SW_IN_POT, LST_Day, EVI}",7.005434607548817e-07,0.06942041881228009,0.06026930168314881,0.07404935664853175,-0.1211690285619156,0.0021413434399614045,0.001958022741911064,0.004101916891717336,0.001983408686382325,0.001980634617124985
"{SW_IN_POT, LST_Day, NDWI_SWIR2, PFT}",9.621329437836118e-07,0.06916443188507199,0.06906267124444906,0.07035680600821029,-0.059321283782750645,0.0028248875208244234,0.004381428151267686,0.0027557168856061215,0.0019046305894518042,0.004388193527890147
"{VPD, dSW_IN_POT_daily, LST_Night, EVI, NDWI_SWIR2}",1.6106923310198108e-08,0.08353982752782822,0.07449928802034766,0.08938470862645678,-0.5623751155287359,0.0016471641704066675,0.001862284713969209,0.0018602992067734136,0.0016140310829424395,0.0019288514264307194
"{TA, SW_IN, SW_IN_POT, dSW_IN_POT, dSW_IN_POT_daily, LST_Day, LST_Night, EVI, NIRv, NDWI_SWIR2}",6.085861023968868e-07,0.05584918076771987,0.0526364968729125,0.0597892422069825,-0.019769539191060354,0.002645998481968878,0.002099334497492944,0.0019316450926781248,0.0012188662612391613,0.003556529770804742
"{SW_IN_POT_daily, dSW_IN_POT_daily, LST_Night, EVI, NDWI_SWIR2, PFT}",5.5681497753070163e-08,0.1038325581664657,0.08981428049360785,0.12140240669110224,-1.025064901640304,1.6166606873702083e-05,0.0005585063690792952,-0.0001563114163204843,0.0001331771643374169,0.00012692507778755413
"{TA, SW_IN_POT, LST_Day, NDWI_SWIR2}",3.720980875999245e-07,0.06917130655929371,0.06177416237456452,0.07315509948655358,-0.09256633239236269,0.0038528567866873906,0.002395603840062349,0.0023661546279526297,0.00249291259099408,0.002156337783134704
"{VPD, SW_IN_POT, dSW_IN_POT_daily, LST_Day, LST_Night, EVI, NIRv, PFT}",2.300590653668828e-06,0.05833520335295712,0.054680700565775744,0.06546888546493071,0.04356363477778737,0.0017491229269939734,0.002735757253887895,0.0018199416841163107,0.0013173567772368153,0.0055173204882901505
"{SW_IN_POT, SW_IN_POT_daily, dSW_IN_POT, dSW_IN_POT_daily, LST_Night, NIRv}",3.162260546615529e-07,0.06776169108405264,0.06349608780408461,0.08692630157049122,-0.6258539060391896,0.002268814036723202,0.0016057649054983247,0.001426003417993052,0.0005503817940034766,0.0017733286359672418
"{VPD, SW_IN, dSW_IN_POT_daily, EVI, PFT}",2.529540543513207e-06,0.05739404631867445,0.055731799157939604,0.062085944070472535,0.1156128399410911,0.0024935071548908977,0.0027306255194054566,0.001698158567856288,0.0028254738564981383,0.00628750862378899
"{TA, VPD, SW_IN_POT_daily, LST_Day, NIRv, NDWI_SWIR2, PFT}",8.043565892422141e-07,0.07949840012324573,0.072733991801317,0.08879234463848845,-0.40682525121128704,0.0004399546723917319,0.0016077503936693244,0.0012107888186604077,0.0013309452091613966,0.0031696340470424994
"{SW_IN, SW_IN_POT, SW_IN_POT_daily, dSW_IN_POT_daily, EVI, PFT}",1.775863264107442e-06,0.057465741609407595,0.05582308751388914,0.06228022573667071,0.12076439156986901,0.0015183263776440692,0.003104263061156326,0.0009014225927862635,0.002205244467731904,0.004715576112463191
"{TA, SW_IN, SW_IN_POT, dSW_IN_POT_daily, NIRv}",2.1377966425696412e-07,0.06312103423782019,0.0529872533955753,0.0662245184028056,-0.19231001255152025,0.0015622455678624414,0.0020132228522889775,0.0021260857861816473,0.0016734693567300035,0.0028758796326302793
"{VPD, SW_IN_POT_daily, dSW_IN_POT, dSW_IN_POT_daily, LST_Night, EVI, NIRv}",2.815412633152994e-07,0.07484170835995375,0.0631535008363466,0.08886013164785465,-0.596787396087527,0.002854213499490707,0.002296836396595364,0.001990719973706326,0.003532522978567501,0.0024776493774974068
"{TA, SW_IN, SW_IN_POT, dSW_IN_POT, dSW_IN_POT_daily, LST_Day, NIRv}",1.4857870217579822e-07,0.059117331527991444,0.05262804803086395,0.06359690288672873,-0.039321808867067744,0.0016712093260409025,0.0015779437331765248,0.0019737260265471693,0.0013292376333875061,0.0024520759657796765
"{SW_IN, SW_IN_POT, LST_Day, LST_Night, NDWI_SWIR2}",4.2919107990399956e-07,0.06226194331945148,0.05648544908024784,0.0677555980342173,-0.06314814241869908,0.0034074574477537534,0.0018078125421978689,0.002044794530316696,0.0014892105754983412,0.0021042238019138154
"{SW_IN, SW_IN_POT, dSW_IN_POT, LST_Day, EVI}",3.737399689603553e-07,0.061948071494919515,0.05378116749789624,0.06217637576529341,0.04241217719853282,0.0016132615988148774,0.0012620667267331312,0.002741813179268804,0.0009462482238304024,0.0018340778880875097
"{TA, VPD, SW_IN, dSW_IN_POT, dSW_IN_POT_daily, EVI, PFT}",1.691768856796708e-06,0.055244381747029836,0.0516486208423796,0.058630747446488614,0.13718047949837683,0.0017424754923536442,0.00267193266147487,0.0013606131649939318,0.001010201517046297,0.004637699136914114
"{TA, SW_IN, SW_IN_POT, dSW_IN_POT_daily, EVI, PFT}",1.7033434714058036e-06,0.056201880614187606,0.05309842710945918,0.05972154273614736,0.12352941033999143,0.0019078375589075061,0.002829450622763456,0.0015736935092890841,0.001503197803725223,0.00499499144041414
"{TA, VPD, SW_IN, SW_IN_POT, LST_Night, EVI, NIRv}",3.9603458331856473e-07,0.060629309642131216,0.0514899922942401,0.06086531922702924,-0.0322741322372657,0.0024534504484997888,0.0015142379085008248,0.0014029050825139708,0.0014239129862189948,0.002930239319137329
"{VPD, SW_IN, dSW_IN_POT, LST_Day, NIRv, NDWI_SWIR2, PFT}",2.470101947397675e-06,0.055305071290052424,0.054745019594106846,0.05710189304971137,0.10710591629388772,0.002614854041701198,0.0033304252606070894,0.0011803022643413902,0.0012256145402894866,0.005434754794417199
"{TA, VPD, SW_IN, SW_IN_POT, LST_Day, LST_Night, EVI, NIRv, NDWI_SWIR2, PFT}",1.9623606445387413e-06,0.05405356926071334,0.05028496030746003,0.05765975472461517,0.11540935485033248,0.002062622116009348,0.0029923756082622516,0.0015625326405263804,0.0011523516950126406,0.005090173163800865
"{TA, VPD, SW_IN, SW_IN_POT_daily, dSW_IN_POT, dSW_IN_POT_daily, LST_Day, LST_Night, EVI}",1.6123438273609274e-07,0.05759530798861431,0.050458790718939994,0.0608730346293402,0.07115652051540299,0.0023641045399779084,0.001776742048461441,0.001963253286983109,0.0011292762137093057,0.0019265255932422315
"{VPD, SW_IN, SW_IN_POT, dSW_IN_POT_daily, LST_Day, LST_Night, NIRv}",2.547782061447992e-07,0.05881817865024386,0.05157327309591991,0.06199305190749904,0.02187887483961165,0.0025503834361842656,0.001693619235110612,0.0020192272489226656,0.0010116799753510028,0.002016820531148586
"{SW_IN, dSW_IN_POT_daily, LST_Night, EVI, NDWI_SWIR2, PFT}",7.257322644059525e-07,0.0557859846761719,0.0526295391006208,0.06165742595352371,0.03756406372234311,0.001735352401121465,0.0026459011544411742,0.0012624987484146782,0.0014411427797163118,0.0035370661450957325
"{VPD, SW_IN_POT, dSW_IN_POT_daily, EVI, NIRv, NDWI_SWIR2}",1.3400103897244795e-06,0.06221826613190952,0.0578126004996238,0.06578137383973003,0.07339316022430219,0.0018619129947381186,0.0033194209314381593,0.0028545551360744242,0.003988827219709674,0.005325661617957042
"{VPD, SW_IN, SW_IN_POT, SW_IN_POT_daily, dSW_IN_POT_daily, EVI, NIRv, NDWI_SWIR2, PFT}",2.6720738959565277e-06,0.054335780078380885,0.054055790201631954,0.0568433874502253,0.14301752620141356,0.002120573202187427,0.003345808965486717,0.001556521654184545,0.0026114943373001798,0.00622170945477718
"{TA, VPD, SW_IN, dSW_IN_POT, LST_Night}",4.1286199217019645e-06,0.06877597843998381,0.05999782471213855,0.0736027226566296,-0.28398020213974906,0.00613843981912017,0.000565371866198365,0.001448027279282449,0.0018404971893104666,0.004126155518882957
"{TA, VPD, SW_IN_POT_daily, dSW_IN_POT_daily, EVI, NIRv}",2.104612819744048e-07,0.08431991456644215,0.07406784665394103,0.09799247022310545,-0.9214881684635104,0.0009032879497504892,0.0019709580560774015,0.0018035284570486615,0.0017417101535309523,0.002282991867606471
"{TA, SW_IN_POT_daily, dSW_IN_POT_daily, LST_Day, LST_Night, NDWI_SWIR2, PFT}",3.0481492167764737e-07,0.08427214341453815,0.08261318621337468,0.1079156204748355,-1.1402967670644484,0.001018805572222975,0.002105889767436947,0.00193823087379133,0.0012158977408292249,0.0024862889279024525
"{SW_IN, SW_IN_POT_daily, dSW_IN_POT, LST_Day, LST_Night, EVI, NIRv, PFT}",1.177363046043293e-06,0.055027284609647925,0.05353724187948623,0.06018828157692846,0.14169906766731552,0.0015594476094557344,0.002321177755904652,0.001521844317564379,0.0005062560499507276,0.00377474178080614
"{VPD, dSW_IN_POT_daily, LST_Day, LST_Night}",2.0771947260207404e-06,0.09073649777863634,0.07819598140400091,0.10557826651594593,-1.1394857203582671,0.005223121872801065,0.0016574131632858674,0.0021274796557196884,0.002498697900116996,0.0010431702652358293
"{VPD, SW_IN_POT, dSW_IN_POT, LST_Night, NDWI_SWIR2, PFT}",1.0351147568179266e-06,0.060158014281018496,0.05724975998562398,0.07188779491989372,-0.014221141520554684,0.001971508756969935,0.002775471985198147,0.0019679045137171725,0.0015062384279098118,0.004384658129534827
"{VPD, SW_IN, SW_IN_POT, dSW_IN_POT_daily, LST_Day, LST_Night, EVI, NIRv, NDWI_SWIR2, PFT}",1.8193703581504396e-06,0.05336162632038062,0.05078473428336447,0.056613256022323075,0.110879339215473,0.0019470446337741115,0.0028210344389633865,0.0013530024816086755,0.0010988082764230162,0.004834275312220526
"{TA, VPD, dSW_IN_POT, LST_Day, NIRv, NDWI_SWIR2, PFT}",2.314469845668576e-06,0.07082055403379378,0.06588168547490376,0.07589102676632119,-0.17297223216725777,0.0016630323686934456,0.0022640021157272344,0.0019260691179946998,0.0027678403500149273,0.0058448249212198905
"{dSW_IN_POT, NIRv, PFT}",6.534675062870273e-06,0.095752797981061,0.09439734611141537,0.10501718805476963,-0.19763320389793057,0.010369320456662862,0.011618158498798367,0.004836636257654819,0.011225946183775093,0.0076734134131190845
"{VPD, SW_IN_POT, dSW_IN_POT_daily, LST_Day, NIRv}",1.1162258541775196e-07,0.06488077276944887,0.05662983653936095,0.06728013987870152,-0.06433345995508259,0.0016808733588359603,0.002429601310638886,0.002488781538311488,0.0021276051250980615,0.002612710137497573
"{SW_IN_POT, SW_IN_POT_daily, dSW_IN_POT, dSW_IN_POT_daily, LST_Day, LST_Night, EVI, NDWI_SWIR2}",3.940620969297923e-07,0.064436433128127,0.06440789564281146,0.07616393757465748,-0.22337484634307994,0.0022940323892285674,0.0017325702139440319,0.0019317233519581811,0.0005348948274845125,0.002158022157641326
"{VPD, LST_Day, LST_Night, EVI, NIRv, NDWI_SWIR2}",2.658350423356346e-07,0.08432113999970985,0.07474949919797041,0.08408807089643974,-0.4705885778785448,0.0012250165309664607,0.0018357885123443107,0.002032363475284682,0.0013039681024055935,0.0026351384992927968
"{TA, VPD, SW_IN_POT, SW_IN_POT_daily, dSW_IN_POT_daily, LST_Day, LST_Night, NDWI_SWIR2}",1.3367757790979445e-06,0.06286635836572704,0.05763807853046974,0.07054609528211858,-0.08330029678156127,0.005020049172123502,0.0023109383871426498,0.0029046871646433367,0.0016102557995825578,0.002469121986756931
"{TA, VPD, SW_IN_POT_daily, dSW_IN_POT, dSW_IN_POT_daily, EVI, NIRv}",2.532499211388172e-07,0.07488607350109643,0.06369917950274112,0.08369841523189081,-0.35297905632474436,0.0018612128238543468,0.0024436957943348575,0.0029507628415704756,0.0030033711160471002,0.003285208881092405
"{SW_IN, SW_IN_POT, LST_Day, LST_Night, EVI, NIRv}",2.4314349477424816e-07,0.060584523403242864,0.05386457876039978,0.06254848833649185,0.031281206809226005,0.0021384395066620376,0.0014701800985566366,0.0015783960170492745,0.0009789545348335774,0.00236039077370738
"{TA, VPD, SW_IN, SW_IN_POT, dSW_IN_POT, dSW_IN_POT_daily, NIRv, NDWI_SWIR2}",2.758876273210098e-07,0.0567600444523926,0.05242643481274012,0.05905196453281779,0.05086261183486862,0.002309280246346343,0.0024298365246660653,0.0023139443846123195,0.0018425253724138127,0.003436426992570768
"{VPD, SW_IN_POT_daily, dSW_IN_POT, NDWI_SWIR2, PFT}",1.2473627176969219e-05,0.07577438449431213,0.0684137698497719,0.0718749923340721,-0.13905363156985134,0.0026139936560214683,0.004618515089553951,0.0021981520632796264,0.01033309496261374,0.00997225064653362
"{TA, LST_Night, NIRv, PFT}",1.4354440536510377e-06,0.08984742543121896,0.08476705622396077,0.10790055983331481,-0.6305295560490606,0.000824693398233517,0.0025879169509927663,0.0031346488270912465,0.0009394464629888244,0.003841414440735838
"{VPD, dSW_IN_POT, LST_Day, NIRv}",8.628367242044899e-07,0.07994302662537871,0.06956963136678948,0.08410514971478422,-0.24038604707558844,0.0023298146210660176,0.0028133109850631,0.00343758303752191,0.004959162929922156,0.002683910472729631
"{TA, VPD, SW_IN_POT, dSW_IN_POT, LST_Night, EVI, PFT}",1.9828139281370605e-06,0.059375673121134245,0.054017550999402725,0.06933154379150333,0.023685783889804152,0.0013569912937125839,0.002282648029766514,0.001955146506100347,0.00017922158674077426,0.004472989107547329
"{VPD, SW_IN_POT, dSW_IN_POT, dSW_IN_POT_daily, NIRv, NDWI_SWIR2}",1.5581865673813481e-07,0.06129447770992376,0.0570470016561324,0.06427336834107193,0.0067611866479559786,0.002178332613734367,0.002882117655495821,0.0028336241902097575,0.0024999439114104863,0.0033544121510199615
"{VPD, SW_IN, SW_IN_POT, LST_Day, NIRv, NDWI_SWIR2, PFT}",3.0668666541271923e-06,0.05549781485110657,0.05437186299262741,0.05716643365252916,0.1045677279337018,0.0025527451220386174,0.0035512673951649115,0.0013250773964311041,0.0012982887787530012,0.006023512011489748
"{TA, VPD, EVI, PFT}",8.915271873699168e-07,0.08604927197884386,0.07667365118621869,0.09349490594447962,-0.4220683062423031,0.0005752068865355342,0.002814133947194694,0.002155068497070853,0.002640262918570717,0.003340062162018667
"{VPD, SW_IN, SW_IN_POT, dSW_IN_POT, dSW_IN_POT_daily, EVI}",7.55041630861595e-08,0.06109099834049753,0.055609793254524656,0.06068558539468337,0.019781525725498145,0.0019659259002812735,0.001974730283404974,0.001413267921264158,0.001815014824645314,0.002253093700724726
"{VPD, SW_IN, SW_IN_POT, SW_IN_POT_daily, dSW_IN_POT_daily, EVI, NIRv}",4.5687182234949657e-07,0.06070319413993063,0.05671354250404329,0.060960382396320525,0.003182575809485629,0.0029281338056447864,0.0028511939258360486,0.0014074110726463723,0.0026018259858054255,0.003437583333047195
"{TA, dSW_IN_POT, dSW_IN_POT_daily, LST_Night, EVI, PFT}",6.80690335359876e-07,0.07500777381613599,0.07225114747054423,0.09267642300644785,-0.3767250979196389,0.0020471064575648262,0.002304193049811054,0.003335405909264358,0.0022734308897184793,0.004226107029343867
"{VPD, SW_IN_POT, dSW_IN_POT, dSW_IN_POT_daily, LST_Day, EVI, NDWI_SWIR2}",3.1226435867763816e-07,0.060390992846749314,0.056221097116326474,0.0645627600609251,0.03260190398569579,0.0021058458672976246,0.002319351405766071,0.0026801367953523253,0.0015076289144675611,0.0031761341197678317
"{SW_IN, SW_IN_POT_daily, dSW_IN_POT, dSW_IN_POT_daily, LST_Day, LST_Night}",1.5117975311397163e-06,0.0638314211508156,0.056492310006689236,0.0716180989290323,-0.2307537493077463,0.004303159711550854,0.0011948307777526687,0.0021044756986151394,0.0013979168474502549,0.0036115828972828196
"{VPD, SW_IN_POT, dSW_IN_POT, LST_Day, LST_Night, NIRv, NDWI_SWIR2, PFT}",2.697982059300794e-06,0.0580278917012089,0.054639369644420274,0.06460828134670529,0.022602456859798597,0.0014557397224030932,0.002202987699245741,0.002183955607477306,0.0008358643988080547,0.005574760879063223
"{LST_Day, NIRv, PFT}",6.662022624794429e-07,0.10770670124446652,0.09492063213095978,0.1238922634009986,-0.8987880814512642,0.00038571030043033083,0.0022227060899058793,0.0003294221365187644,0.0009968516427356494,-0.00013995498454877353
"{TA, VPD, SW_IN, SW_IN_POT, LST_Night, NIRv, NDWI_SWIR2, PFT}",2.736611714083239e-06,0.05463365693064887,0.05260024121354735,0.05792711017212032,0.061674892697247796,0.0019669295147762902,0.0033182770259915367,0.001270568333654902,0.0011387742546861424,0.005579737546653835
"{TA, SW_IN, dSW_IN_POT_daily, LST_Day, NIRv, NDWI_SWIR2, PFT}",1.6810136987509995e-06,0.054427187533559844,0.05456350256635453,0.05837697274165401,0.05404276624094848,0.0018629952734465424,0.0036470558639498524,0.0014789234184704458,0.0015300739102801567,0.004691135447784045
"{VPD, SW_IN_POT_daily, dSW_IN_POT, dSW_IN_POT_daily, LST_Night, NDWI_SWIR2}",2.4032444887257537e-06,0.07558758717697144,0.06779798156389963,0.08346968168053177,-0.30274002939615097,0.0033079915745093807,0.002768992911359694,0.0020195879766234243,0.0062528622655887295,0.002127204756245671
"{TA, dSW_IN_POT, LST_Day, LST_Night, NIRv, PFT}",1.3075869607031819e-06,0.07639377477324405,0.07195047770226327,0.09145906544108835,-0.27026496308381615,0.002367095680241127,0.002915432149037056,0.002936346438221993,0.0016045256090377463,0.005045061160968603
"{VPD, SW_IN_POT_daily, dSW_IN_POT_daily, LST_Night, PFT}",2.9761387579287323e-06,0.08768370982179241,0.08063728291161787,0.1095291479961886,-1.0497195870685616,0.006463917581672418,0.0023229009135195267,0.002774202060510489,0.002227950704306085,0.0052418755496920905
"{TA, SW_IN, SW_IN_POT_daily, dSW_IN_POT_daily, LST_Day, LST_Night, EVI, NDWI_SWIR2, PFT}",1.3966998075621545e-06,0.0538114042637967,0.05114112120823766,0.05679449206047296,0.08369016993907885,0.0018843134736219735,0.003317645000149201,0.0015008716546350762,0.0012108493058633138,0.004313987831732868
"{TA, VPD, SW_IN, EVI, PFT}",2.4691583741815234e-06,0.05770978070648069,0.053226073007177035,0.0602819111577753,0.1363027241247335,0.0011513413387783528,0.0025425361358392545,0.0009529274472195592,0.0011826188913250935,0.00512215511679559
"{SW_IN, SW_IN_POT_daily, dSW_IN_POT_daily, LST_Night, EVI, NDWI_SWIR2}",1.830834770262316e-07,0.058547470540575575,0.05473146723281169,0.060693075864502,-0.020292451345722717,0.0022792249234198786,0.002638162099233343,0.001560976166088704,0.0024751120893991424,0.002784955174384124
"{SW_IN_POT, SW_IN_POT_daily, LST_Day, LST_Night, EVI, NIRv, NDWI_SWIR2, PFT}",1.3067913716750112e-06,0.06394668938545806,0.06597924321009882,0.06873677723956331,-0.0026528236720863943,0.0019538208805936347,0.002318345574657932,0.0020037191315531167,0.0005526491831955513,0.004125481506564499
"{TA, SW_IN_POT_daily, NDWI_SWIR2, PFT}",4.503268804962221e-07,0.0898393397042038,0.08608587105417362,0.11532155151037671,-0.932051098311948,0.0016654686380869477,0.002833018158720252,0.0028116529846535926,0.003573547980559484,0.0034190299910660943
"{TA, VPD, SW_IN, SW_IN_POT_daily, LST_Day}",1.391694894002501e-06,0.06574796726621206,0.05578612512938197,0.0633735872017217,0.03306694976049653,0.0039070412788259345,0.0006581343984072216,0.0023468419628622783,0.0010387149281184047,0.0012152654915376926
"{TA, SW_IN, SW_IN_POT, dSW_IN_POT, LST_Day, EVI, PFT}",1.6653240764253207e-06,0.05570258085444336,0.05297086463746352,0.05971660485981303,0.1480856025688328,0.0012858572313103056,0.0020340380103181857,0.0018357812783370009,0.00018815631305250935,0.004135405156352148
"{TA, dSW_IN_POT, dSW_IN_POT_daily, LST_Day, LST_Night, EVI, NDWI_SWIR2}",4.4277043195592334e-07,0.07642773513455776,0.07173150881810664,0.09507716009283276,-0.5085818904665319,0.0020101818969138208,0.0018467865990249854,0.0036231089317336623,0.0030003901357809268,0.0029614212781250288
"{dSW_IN_POT_daily, LST_Night, NIRv, PFT}",4.684089424819799e-07,0.10554745607700478,0.09627302455462677,0.12276928955403932,-1.0147999886725687,0.00017926152989825028,0.002021065835816502,0.00033078263048454126,0.0005805120550097381,0.0002787318752340562
"{SW_IN, dSW_IN_POT, LST_Day, EVI, NDWI_SWIR2, PFT}",1.1138540908157022e-06,0.05592697287574408,0.053866609331982236,0.060872864648421815,0.12591340979752422,0.002236105682783242,0.002411241478763669,0.0012373249795640806,0.0011301751053653247,0.004058263817866961
"{VPD, LST_Night, NIRv, NDWI_SWIR2}",4.872746050986729e-07,0.0860345624805332,0.07532768063371233,0.0869984302969764,-0.5653646473845707,0.0007163128438880395,0.002408067420695062,0.0013494551244916525,0.0017486540648298174,0.0026312058168208863
"{SW_IN, SW_IN_POT_daily, dSW_IN_POT_daily, LST_Day, LST_Night}",1.4836469945397598e-06,0.06536686496048981,0.058232732312959064,0.07166446148561118,-0.28778753057778445,0.004259570591184987,0.000998412934443256,0.0022247425753126188,0.0014231489386336282,0.0034156308025383164
"{TA, SW_IN, EVI, NIRv, PFT}",2.4162666806542854e-06,0.05811835523409154,0.05518445389603141,0.060388619966186635,0.13137628375242336,0.0009597756521782935,0.0026947354239477764,0.001575665516456208,0.001244437848992322,0.0052150712303465074
"{dSW_IN_POT, dSW_IN_POT_daily, NIRv, PFT}",2.445205027043868e-06,0.08735473932042404,0.08953661888929425,0.10012297100485366,-0.1386954563048848,0.006020403801652585,0.007925638085860984,0.0034912461862976474,0.007343076942313488,0.005349464414612121
"{SW_IN_POT_daily, dSW_IN_POT_daily, LST_Day, LST_Night, EVI, NDWI_SWIR2, PFT}",1.0706765166035867e-07,0.10330698933781374,0.08979684700039176,0.12079970556728493,-0.941301189701021,-5.971012762283345e-05,0.000630209455371053,-0.0003822445399355584,7.551595876514883e-05,8.132143296715744e-05
"{TA, SW_IN, dSW_IN_POT_daily, LST_Day, EVI, NIRv, NDWI_SWIR2}",8.535174665118473e-07,0.05741315035907892,0.05428024003542725,0.060407113378038474,0.04370099851990703,0.0019168041811346015,0.0029971208613153583,0.002005972932667549,0.0023690070019254453,0.0044274379149660675
"{VPD, SW_IN, dSW_IN_POT_daily, LST_Day, LST_Night, EVI, NIRv, PFT}",1.646149230973223e-06,0.05451084912442043,0.0530363003953946,0.05791961663181128,0.0902255882392795,0.0021487831876250488,0.0023452707921857094,0.001230385740583935,0.0007112808579494145,0.0044479522451251335
"{VPD, SW_IN_POT, SW_IN_POT_daily, dSW_IN_POT, dSW_IN_POT_daily, LST_Day, LST_Night}",3.01138971332105e-06,0.06678623315622972,0.05884593816270088,0.07679913248266326,-0.24397933979658856,0.005168080384972587,0.00045486672195978184,0.002593504357479265,0.0015149185913442553,0.004301878885365304
"{TA, VPD, SW_IN, dSW_IN_POT, dSW_IN_POT_daily, EVI, NIRv}",1.4201678933735813e-07,0.0598067826412931,0.05150316511708944,0.06110907529642251,-0.01245499791578388,0.0022924997344572,0.001886420581384475,0.0018710226530794447,0.0015060406768072354,0.002596353873697013
"{TA, SW_IN_POT, dSW_IN_POT, LST_Day, NIRv, PFT}",2.4986391569231548e-06,0.06267586744530237,0.059349074497739004,0.07066258469924336,-0.07246489345012946,0.0013545515743042733,0.002379221948407166,0.0030521632785507763,0.0003024185682823158,0.004964213238702234
"{TA, SW_IN, dSW_IN_POT, LST_Night, NDWI_SWIR2, PFT}",1.167106492438481e-06,0.05752594431394679,0.05507811315099624,0.06657837490338468,-0.019937540779408236,0.0025429034814741305,0.0038101291867101914,0.0015056070800827936,0.0019013302481210928,0.004305613748594839
"{TA, VPD, SW_IN_POT, SW_IN_POT_daily, LST_Night, NIRv, PFT}",3.832695529637838e-06,0.05972790781039338,0.05469388863087139,0.0657350449006258,0.011717420530203637,0.0017960557985499115,0.0029199458065556766,0.002448739941194586,0.0007163641022557496,0.006502112331193341
"{TA, SW_IN_POT_daily, dSW_IN_POT_daily, EVI, NIRv, NDWI_SWIR2}",3.698230041441758e-07,0.08667754892861668,0.08129578838508682,0.11872731534040368,-1.1514715617794613,0.0007075567794775361,0.0024527860226008225,0.002271809796479715,0.0017492918405316096,0.0018700564499187222
"{VPD, SW_IN, SW_IN_POT}",2.3990241545557582e-05,0.08250114207743939,0.06824871538141064,0.08358321456131504,-0.5568955940982289,0.013925369149801997,0.0016899963669377988,0.0009379643005602706,0.0017116967860618115,0.006427818608615174
"{SW_IN, dSW_IN_POT_daily, LST_Day, EVI, NIRv}",3.608350935270297e-07,0.06099136564467759,0.05477820031382219,0.0621624083492556,0.0051742646979446305,0.001976394289413083,0.0019349446252692262,0.001463917268069867,0.0014681167598836128,0.003108854366313779
"{SW_IN_POT, LST_Night, EVI, NIRv, NDWI_SWIR2, PFT}",1.1145323333361863e-06,0.06544775055558583,0.06646982068725314,0.06996507432852944,-0.008559901753680876,0.001714182364053532,0.002595957390458939,0.0016224990670820616,0.0013203496618910196,0.004229566571354398
"{VPD, SW_IN_POT, SW_IN_POT_daily, dSW_IN_POT, dSW_IN_POT_daily, LST_Day, LST_Night, NIRv, NDWI_SWIR2}",4.137505864312232e-07,0.0597900737591877,0.05561005448430674,0.06881774625881326,-0.08171694115660223,0.0023976504437136156,0.00213405776720052,0.00301636619446264,0.0012990237302131502,0.0030391811846766786
"{VPD, SW_IN, SW_IN_POT_daily, dSW_IN_POT, dSW_IN_POT_daily, LST_Day, LST_Night, EVI, NIRv}",1.5842242979793948e-07,0.05751337780560488,0.05146491281763192,0.06109240902831754,0.049874274806559905,0.002228078712304675,0.0017862725493173887,0.0015636954356877952,0.0012659060267035602,0.0023226135957968297
"{TA, VPD, SW_IN, LST_Day, LST_Night, EVI, NIRv}",1.7627775723730544e-07,0.05960283427239251,0.052089310544304754,0.06012231809461092,0.09112044438470658,0.002095257397580347,0.001242208611290041,0.001695278864717556,0.0013897405356602527,0.0023597214057651944
"{TA, dSW_IN_POT, LST_Day, EVI, NIRv, PFT}",1.5000799891029232e-06,0.07716241493748796,0.07112595586268619,0.0944744591992678,-0.2676021008322658,0.0024214050690542777,0.0029295479140568625,0.0038764386980117277,0.002315644192785078,0.005618976108103219
"{TA, VPD, SW_IN, SW_IN_POT_daily, dSW_IN_POT_daily, EVI, NIRv, NDWI_SWIR2}",1.4058673465577886e-06,0.057303031036393885,0.0537397112465981,0.05761090919474066,0.11101674917170606,0.001926789771055773,0.002807325519848726,0.002269545472041695,0.003073970854085492,0.005308958187741575
"{SW_IN, SW_IN_POT_daily, dSW_IN_POT_daily, LST_Day, LST_Night, NIRv, PFT}",1.1381956397241e-06,0.05590272361143722,0.054835496400490055,0.060677905090312366,0.04716703763963148,0.001010211466081358,0.0023943699682370465,0.0014009242559858207,0.0005080417029605169,0.003500711288801528
"{SW_IN_POT, dSW_IN_POT_daily, LST_Night}",1.426671633440311e-05,0.0814976921351867,0.0720876885097255,0.09303955801742098,-0.8076602670100574,0.011668145983960446,0.0012873082697308774,0.0032923364713339093,0.0017160772887279754,0.005216851111103565
"{TA, VPD, SW_IN, SW_IN_POT_daily, dSW_IN_POT_daily, LST_Day, LST_Night, EVI, NDWI_SWIR2}",6.069356340240319e-07,0.05655603121291925,0.05294673717952564,0.0571736376444183,0.07608255602435234,0.0026419719256814134,0.002609887202751203,0.001959055844277302,0.0018514350195847976,0.004036528884708165
"{VPD, SW_IN, SW_IN_POT, LST_Night, EVI, PFT}",2.13335327581027e-06,0.05632805861207308,0.052994371735634246,0.0585188914361314,0.1287993408654974,0.0017746473693229722,0.002121638259049319,0.0010203256656503082,0.0008136258455726381,0.004882540648938186
"{SW_IN, SW_IN_POT, SW_IN_POT_daily, dSW_IN_POT_daily, LST_Day, LST_Night, NIRv, PFT}",1.2075128990109966e-06,0.05566318989037234,0.054223997247437525,0.060752358617577676,0.03976405063688613,0.0013104210091223548,0.0022528051930844895,0.0013195558237545507,0.00034628863338131977,0.003603972270461789
"{TA, VPD, SW_IN, SW_IN_POT, LST_Day, LST_Night, NIRv, NDWI_SWIR2, PFT}",2.385695897299979e-06,0.0542677251486827,0.05204790616034882,0.05774930403804217,0.07181749624599088,0.0022991239718791676,0.0031006978106862676,0.001534917569512191,0.00094963037817649,0.005382696389231098
"{TA, SW_IN, SW_IN_POT, SW_IN_POT_daily, dSW_IN_POT, dSW_IN_POT_daily, NIRv, PFT}",1.7228772371737313e-06,0.05513898988635157,0.05186724751483818,0.06010487764880962,0.05998275224911535,0.0017450701505403732,0.0023675129599995542,0.001490210408712174,0.0007286367736527508,0.004589955950009245
"{TA, SW_IN_POT_daily, dSW_IN_POT_daily, LST_Night, NIRv, NDWI_SWIR2}",4.3029284443217947e-07,0.08564681271828592,0.08091985195641521,0.11513207404752743,-1.0821204565245808,0.00010562864290152019,0.0018456092417076242,0.0017838124268252098,0.0014204275182240836,0.0017621164110283305
"{TA, VPD, SW_IN_POT, SW_IN_POT_daily, dSW_IN_POT, LST_Night, EVI, NDWI_SWIR2, PFT}",2.1694909132207763e-06,0.05766673267975595,0.05407167074884579,0.06625468639086149,0.024927584722723845,0.0022034715606668864,0.0028218021316409048,0.0021231694419749716,0.0003062953186145703,0.0048888326315116165
"{VPD, SW_IN_POT, NIRv, NDWI_SWIR2, PFT}",4.677272912730795e-06,0.06096911322609073,0.05852899015328358,0.06291536744042761,0.07438670907830387,0.0023058659155768754,0.0038920587615668967,0.0016720047528508003,0.002399251151106306,0.0076581247696733135
"{SW_IN, SW_IN_POT, NIRv, PFT}",1.615702068622422e-06,0.06331204519363225,0.06154095133291332,0.06337237222808942,0.10848010566275518,0.0033170602928474235,0.004456809931620211,0.0016750005796564507,0.002589139272297529,0.0052263750703988865
"{VPD, dSW_IN_POT, EVI, PFT}",2.798555352603225e-06,0.07628420141634833,0.06812591810780913,0.07914886194763893,-0.00011618003676910904,0.0026754235678916743,0.0044363229174623625,0.002327771016224278,0.005838783173626558,0.0065583329837780036
"{VPD, SW_IN, SW_IN_POT_daily, dSW_IN_POT_daily, LST_Day, EVI, PFT}",1.6506390500392842e-06,0.05519095619706466,0.053749883645447215,0.05833176788293704,0.1393924705116438,0.0023503832798266455,0.0026581852836574174,0.0012035552665908,0.0016466863308259028,0.004910684511541558
"{dSW_IN_POT_daily, LST_Day, EVI, NDWI_SWIR2, PFT}",1.9789121319841997e-07,0.10431509550222175,0.09088742611467754,0.11695932902125905,-0.9037684135602658,-5.199666135126402e-05,0.0011814225946479434,-4.786077233753794e-06,0.00039847925718669575,0.000257504682495302
"{VPD, SW_IN, SW_IN_POT_daily, dSW_IN_POT, LST_Day, EVI, NIRv, NDWI_SWIR2, PFT}",1.8412114094841444e-06,0.054194033658800184,0.05308644940025161,0.05660644380581453,0.1485817871062822,0.002417536465649149,0.002844846099578316,0.001172321953673304,0.0017181225255527913,0.0051121473474594475
"{VPD, SW_IN_POT_daily, dSW_IN_POT, LST_Day, LST_Night, EVI, NDWI_SWIR2, PFT}",2.5103879472851525e-06,0.06974918713640683,0.06301809648172725,0.07334880209188055,-0.08240254845470917,0.0018904931716777415,0.0021123739180718692,0.0009642496706311066,0.0027712363415012056,0.0056218722740759425
"{TA, VPD, LST_Night, NIRv}",1.3734057928597827e-07,0.08966266570535049,0.07677446377426823,0.10102075101306779,-0.9448949101035021,0.0010013497682113265,0.0021308006340062247,0.0013063326374384704,0.0015268899255562046,0.001543915160743592
"{TA, SW_IN_POT, SW_IN_POT_daily, dSW_IN_POT, dSW_IN_POT_daily, NIRv, PFT}",2.2868059370567585e-06,0.06192523708537695,0.06050466899969492,0.07152815685215974,-0.08822674933392288,0.001569846045979012,0.0023003030887864193,0.0027518687862581118,0.00019023140054524879,0.00479961972918122
"{TA, VPD, SW_IN_POT, dSW_IN_POT_daily, LST_Day, LST_Night, NIRv, NDWI_SWIR2, PFT}",3.363399684509339e-06,0.05770771482321975,0.054373923655424095,0.06335307314508268,0.0022462277947478126,0.002194047047958017,0.0036675259826647114,0.0024023346181426264,0.0009729976532713985,0.0063657916798565695
"{VPD, SW_IN_POT, SW_IN_POT_daily, dSW_IN_POT_daily, LST_Day}",3.171389329702458e-06,0.07081933967239297,0.059688922810651315,0.06821997197685233,0.0027569483656969727,0.006132967373669557,0.0014805428457825287,0.00314323770902232,0.002030831204406669,0.005109999938305632
"{TA, VPD, SW_IN, SW_IN_POT, dSW_IN_POT, dSW_IN_POT_daily, EVI, NDWI_SWIR2}",4.109164113674218e-07,0.05669924279965115,0.053570483139909156,0.05859111579244411,0.10533877925089868,0.0024944383262306413,0.0022463056576197335,0.0019461417458100927,0.0018877920961976186,0.0036505365072851126
"{SW_IN_POT, SW_IN_POT_daily, dSW_IN_POT, LST_Day, LST_Night}",2.7723236545415117e-06,0.07189968816404375,0.06697225544058305,0.07997932416273026,-0.23040601829998564,0.004823263161844879,0.0005677355049592825,0.0032370465691062694,0.0004626501987718967,0.002823919397494379
"{SW_IN, dSW_IN_POT_daily, NDWI_SWIR2, PFT}",3.4364406898667103e-06,0.0622812250370323,0.06367042799366873,0.06578671727318953,-0.05654322564761568,0.0035637775158608442,0.005128337567463968,0.001847660618191485,0.005408994077624102,0.007360172346914148
"{VPD, SW_IN, LST_Night, EVI, NDWI_SWIR2}",4.49036049998774e-07,0.05963424565073219,0.05403442466519586,0.05799105132436083,0.06936804891220504,0.0022624471874751542,0.002096531372056447,0.001556818935051038,0.0023099722309803603,0.0035923599787895805
"{TA, SW_IN, SW_IN_POT_daily, dSW_IN_POT, dSW_IN_POT_daily, LST_Day, EVI, NDWI_SWIR2}",3.739462860702e-07,0.05689628580413269,0.05417792123873595,0.06164994456917352,0.03174109491550958,0.0025998476024172226,0.0026833071382211526,0.002375285609326039,0.0017419543084210357,0.00363746762461728
"{VPD, dSW_IN_POT_daily, LST_Night, NIRv, NDWI_SWIR2}",1.719608197626806e-07,0.08351213279758853,0.07281523533937258,0.08944566655023718,-0.6144244566566589,0.0011341736754031384,0.0023669308618130547,0.002065728284661214,0.0018341212732980033,0.0020545319914531818
"{TA, dSW_IN_POT, LST_Day, NDWI_SWIR2}",1.1543221454287483e-06,0.0834602819082565,0.07299780017897747,0.09464379810905171,-0.4561766982741405,0.004758094803880147,0.002910503644718676,0.002865194234344684,0.004985844347498235,0.0023766151123770785
"{TA, VPD, SW_IN_POT, SW_IN_POT_daily, dSW_IN_POT, LST_Day, NIRv, NDWI_SWIR2}",8.207835213996241e-07,0.0608408993708781,0.056111111497790335,0.0690156558011033,-0.020079253620762256,0.0024959783836121102,0.002295663198018702,0.0038067907041793025,0.0010986314856146553,0.003143253805203
"{TA, VPD, SW_IN_POT_daily, dSW_IN_POT_daily, LST_Day, NIRv, NDWI_SWIR2, PFT}",5.33842377081573e-07,0.07868927145509398,0.07231129515277074,0.0903608106829238,-0.5333865103707128,0.00043061835105799584,0.0018414807586297904,0.0007939306800933826,0.0008188541009618647,0.0023698636559769948
"{TA, VPD, PFT}",4.461469187839005e-06,0.09761793043372938,0.08726862832350984,0.1055540072623882,-1.2257457589982974,0.00808835055442865,0.0025644503619336734,0.002324202680797388,0.004136194559322903,0.005404626445933716
"{TA, SW_IN, dSW_IN_POT, NIRv}",2.3409155896765032e-07,0.06433984520189606,0.05355555968638154,0.0649226402916751,-0.05839719927904713,0.0009746130601278047,0.002089714500537597,0.0017460468650809316,0.0010964879026605923,0.00211455446267593
"{VPD, SW_IN, dSW_IN_POT, LST_Day}",1.3917881979575071e-05,0.07445107012532173,0.06488940279618717,0.07717241499642376,-0.44093967522472816,0.011161788188888827,0.001260889349644155,0.002216291417432792,0.0012585588814877438,0.004329667236826457
"{SW_IN_POT_daily, dSW_IN_POT_daily, LST_Night, NDWI_SWIR2, PFT}",1.7930932018799505e-07,0.10451293750768353,0.09083110647079781,0.11966247125280163,-1.0502920228777097,-0.00025155606504001504,0.0007667695950026449,-0.0003615464284091874,0.00038964300127505846,-7.803432772238161e-05
"{TA, SW_IN_POT_daily, dSW_IN_POT, EVI}",1.1808545726326944e-06,0.08250694754439886,0.07207676028167788,0.09467860745236198,-0.40938305243942447,0.002034474077835441,0.0025635411115032813,0.0036833341521435997,0.005048213017391667,0.0024947241257551322
"{TA, VPD, SW_IN_POT, SW_IN_POT_daily, dSW_IN_POT, dSW_IN_POT_daily, LST_Day, LST_Night, NIRv, PFT}",2.971854297593057e-06,0.05820199939234735,0.05419246861243861,0.06760802089608861,-0.01425666796013327,0.0018517205631748551,0.002570278705134779,0.002548678296186109,0.0003993267623811636,0.005674616660246559
"{TA, SW_IN_POT, dSW_IN_POT, LST_Night, NIRv, NDWI_SWIR2}",4.6531283571389106e-07,0.06400683324231968,0.05870259920862382,0.07659484575974529,-0.20291617764356315,0.001476335416728189,0.002397230375956169,0.002653140378122157,0.0008967843002925177,0.0025019774726819516
"{VPD, NIRv, NDWI_SWIR2}",1.0878512961733234e-06,0.08902201220077516,0.07794593848109696,0.08653928952773589,-0.42546805866934095,0.0009317816121548611,0.003449196986933717,0.001696510646012811,0.0035207530350669786,0.0031342314697302143
"{LST_Day, LST_Night, EVI, NIRv, PFT}",2.5735255956309483e-07,0.1049432543281215,0.08757513662442892,0.1235386283331072,-1.0664346203106214,0.0003426687838819775,0.0013309584032022842,2.480906692538254e-05,-1.600646980187692e-05,5.890758924095851e-05
"{TA, VPD, dSW_IN_POT, LST_Day, EVI}",4.320235034423095e-07,0.07811105030872766,0.06561588365899845,0.0816041811208644,-0.1838818611133135,0.0024297574695141683,0.0024884066104363806,0.003951304607390196,0.003767577882384625,0.0026842432232841162
"{TA, VPD, SW_IN_POT_daily, dSW_IN_POT, dSW_IN_POT_daily, LST_Night, NDWI_SWIR2, PFT}",7.657219644925142e-07,0.07046551170482988,0.06494624105043478,0.07974904003881866,-0.31955673327365197,0.0019641171949212957,0.0028817825158113652,0.002197280569038479,0.0031908046648161104,0.0044428126413931235
"{SW_IN, SW_IN_POT, SW_IN_POT_daily, dSW_IN_POT, dSW_IN_POT_daily, LST_Day, EVI, NIRv, PFT}",8.321512756760654e-07,0.0549100149756185,0.05332678801900348,0.05900831011366517,0.12630712077978165,0.0019359162595845997,0.0021154826764212195,0.0013083937196860657,0.0007187194143373973,0.0034387238932166025
"{TA, SW_IN_POT, dSW_IN_POT_daily, NIRv, NDWI_SWIR2}",9.294201692943739e-07,0.06475551555802675,0.06170248761613868,0.07093662795076844,-0.12601067150786893,0.001990982786990246,0.002665355136282188,0.002805809536982784,0.0018891729391837114,0.004573682045189431
"{dSW_IN_POT, LST_Day, EVI, NIRv, NDWI_SWIR2}",3.621298927727314e-07,0.08709394613331796,0.08071956967988031,0.09893558657729662,-0.1465948510617407,0.003012184985789826,0.004460471417270129,0.003566156673712087,0.003965885491122284,0.004673880878506384
"{TA, VPD, SW_IN, SW_IN_POT, dSW_IN_POT, dSW_IN_POT_daily, LST_Night, EVI, NIRv, NDWI_SWIR2}",4.580322592423657e-07,0.05579488158528267,0.052095048940566255,0.058546751167407984,0.04716777563125971,0.002546588181405532,0.0019940980593123533,0.0020950791632258284,0.0016229089249348502,0.0035881753098005453
"{VPD, SW_IN_POT_daily, LST_Day, EVI, NDWI_SWIR2, PFT}",5.572461840309604e-07,0.0807001807273559,0.07378287719003303,0.08335052038163555,-0.36418545839892635,0.0005275144331464282,0.002073935118922607,0.0009452633772746161,0.001842903298362994,0.002561347999429961
"{VPD, SW_IN, SW_IN_POT_daily, dSW_IN_POT, LST_Night, EVI, NDWI_SWIR2}",2.0788090622517776e-07,0.0575946248072152,0.0536610914632132,0.05907218270078349,0.10289792798061148,0.0025957945153387008,0.002275492784348611,0.0022568122817287345,0.002546857040304523,0.0035055359987811174
"{TA, SW_IN_POT, dSW_IN_POT, LST_Day, EVI, NDWI_SWIR2, PFT}",1.584389702431571e-06,0.06082903557220148,0.05838362288233447,0.06776118670918056,-0.0297230289626485,0.0018706015168121828,0.0025446433916795214,0.0019387942707883785,0.00046358862489956354,0.00434868451498896
"{TA, SW_IN, SW_IN_POT, dSW_IN_POT_daily, LST_Day, EVI, NDWI_SWIR2}",6.430824071415348e-07,0.057597818347507004,0.054145493684643844,0.06075175653393529,0.027556913181581138,0.0024573228576631745,0.002685503620763259,0.001981756777215668,0.00215774422611887,0.004231807757160394
"{SW_IN_POT, dSW_IN_POT, LST_Night, PFT}",1.1436841059778125e-05,0.0729328656649238,0.07176616160597599,0.08677793801185243,-0.4697536885160168,0.010263627728040452,0.0018999558667842642,0.00290140481735722,0.000862448827321706,0.005746499933349802
"{VPD, SW_IN, SW_IN_POT, SW_IN_POT_daily, dSW_IN_POT, LST_Day, NDWI_SWIR2}",8.176054263848231e-07,0.05970478311736917,0.05606708064739288,0.06128736325439707,0.05264373144493956,0.003505668914536436,0.001672972691620797,0.002012366406214987,0.0007098435599586575,0.0017206484950624684
"{VPD, SW_IN, SW_IN_POT_daily, dSW_IN_POT_daily, LST_Day, NDWI_SWIR2}",1.080550982556918e-06,0.06113061484002811,0.05609630325765634,0.06110609552297572,0.06256297393623537,0.004943442834725212,0.003039752725225206,0.0017549924380398374,0.002665420261723596,0.0030402590727404977
"{TA, VPD, SW_IN, SW_IN_POT_daily, dSW_IN_POT_daily, NDWI_SWIR2}",7.709338033562068e-07,0.06067987466065787,0.05585822873848165,0.060029014719359376,0.02012669669385721,0.004050123483489661,0.0024638743359098256,0.0013567660250442676,0.003083836344360623,0.0029337388754814286
"{SW_IN, SW_IN_POT, dSW_IN_POT_daily, LST_Day, NIRv, PFT}",1.2809464475258606e-06,0.05707544235428504,0.057800723621034486,0.06008871817265304,0.08147530046987479,0.0018580089450828258,0.002694923861088737,0.0012126360875188286,0.0011985143445212357,0.004217815942119632
"{SW_IN_POT_daily, dSW_IN_POT, dSW_IN_POT_daily, LST_Day, LST_Night, PFT}",7.742236802400262e-07,0.08356003049791595,0.08278081663991003,0.10530786053818492,-0.46076845277092154,0.004256269486253184,0.0033213484877499394,0.0024688269571464666,0.0027909835125431368,0.004805888286089924
"{TA, VPD, dSW_IN_POT, dSW_IN_POT_daily, LST_Day, LST_Night, EVI, NDWI_SWIR2}",3.254124699962441e-07,0.07227640534126942,0.06346408154577221,0.08167115461864743,-0.20952841608208903,0.0026666554988972885,0.001835312776310924,0.0030423072026329046,0.002212377360041977,0.0034363215247702195
"{TA, VPD, LST_Night}",6.232346241650154e-06,0.09926993250289634,0.08596819941213973,0.11204221405767241,-1.38522654454613,0.007562745138189775,2.539289358659269e-05,0.0017708108009846096,0.002943763354145819,0.0031431372414637004
"{TA, VPD, SW_IN, SW_IN_POT, LST_Day, EVI, NIRv, NDWI_SWIR2}",1.2559121327234384e-06,0.05797355503265426,0.05338034954286224,0.056868552759465285,0.12646767917784119,0.0019679424352632216,0.0024467818398042004,0.0024888906107366285,0.0023881552841934703,0.005085732788087077
"{TA, VPD, SW_IN_POT, SW_IN_POT_daily, LST_Day, NDWI_SWIR2}",1.076056060078979e-06,0.06490611506458331,0.05841625514191624,0.0683235639173242,0.012675807326484156,0.005076098209512325,0.0023895079402231345,0.0029405890886758795,0.0021769211426947016,0.0027897354066735436
"{TA, SW_IN, dSW_IN_POT, dSW_IN_POT_daily, LST_Day, EVI, NDWI_SWIR2}",4.0333401766360496e-07,0.05730433991431609,0.054200350858200144,0.06132197825084297,0.03884805340372873,0.00252036987192443,0.002678566726543291,0.0024254575160548852,0.0019227737130492542,0.00384319444103165
"{TA, VPD, SW_IN, LST_Day, LST_Night, NDWI_SWIR2}",1.6121650459661522e-06,0.06125571504158091,0.05482755473380393,0.06100035521627266,-0.002488896553234051,0.00491137128666648,0.0017440454376336165,0.001911662375941911,0.001633831149211569,0.0034078026621608276
"{TA, dSW_IN_POT_daily, LST_Night, NIRv, NDWI_SWIR2, PFT}",1.0684712600902591e-06,0.08437523598385478,0.08373998299245208,0.10723432985431938,-0.9711338282545053,0.0004283192624796317,0.0018955725218140623,0.0019172532934746411,0.0010382984387966587,0.0034935417567618504
"{SW_IN_POT, dSW_IN_POT, LST_Day, EVI, NIRv, NDWI_SWIR2}",6.504118842805168e-07,0.06628868635260993,0.06580244099956675,0.0745213001695734,-0.08786631511651029,0.0017479807834722277,0.002266859618119038,0.003304257944697228,0.0010926261262237183,0.0029940643905117525
"{VPD, SW_IN, SW_IN_POT, LST_Day, NDWI_SWIR2}",2.0427544492741155e-07,0.0628919963401778,0.05615397906006701,0.06017088022473928,0.0951815156516685,0.0031798046220743933,0.0027046285519381763,0.0021874629584692773,0.0018679187939004901,0.002647240374274662
"{TA, SW_IN, SW_IN_POT_daily, dSW_IN_POT_daily, LST_Night, NIRv}",8.87121077041316e-08,0.060815159149883294,0.05261438518754992,0.07093307053738748,-0.41340332652646516,0.0019123019586004403,0.002146557334119663,0.001503677188062165,0.001375369370930364,0.002008113490772151
"{VPD, SW_IN, SW_IN_POT, SW_IN_POT_daily, dSW_IN_POT, dSW_IN_POT_daily, LST_Day, PFT}",9.764544525508077e-06,0.06059198691594747,0.057836258111650427,0.0631472219899218,-0.010641430384503103,0.007956684210174314,0.0018701216018491285,0.003076929308128487,0.0010748672414080881,0.008525063302481942
"{TA, SW_IN, SW_IN_POT, SW_IN_POT_daily, dSW_IN_POT, PFT}",1.3457561832298919e-05,0.06488709417305892,0.05867497290887849,0.07416772478548131,-0.25878570694318564,0.010731923872264779,0.0023975322391502005,0.0031127030426299773,0.001131542454762921,0.008027432504374807
"{TA, SW_IN, SW_IN_POT, SW_IN_POT_daily, dSW_IN_POT, dSW_IN_POT_daily, LST_Day, EVI, NDWI_SWIR2, PFT}",1.289516653785725e-06,0.053541354268735686,0.05073954610761641,0.05861660684340368,0.11286673320536834,0.002502248116233327,0.0026692637480218856,0.0016378845305650286,0.0009716620399629408,0.004335555755512435
"{VPD, SW_IN, SW_IN_POT_daily, NIRv, PFT}",3.2290070950707636e-06,0.05833318778470163,0.056474941195869266,0.062024312488332345,0.1029697439584054,0.00239067154071404,0.003589759411275477,0.0016367905558685933,0.002718740050163794,0.0067942081654961545
"{TA, VPD, SW_IN_POT, dSW_IN_POT, dSW_IN_POT_daily, LST_Day, NIRv, NDWI_SWIR2, PFT}",2.753973323614117e-06,0.0574359163362457,0.054622076616320236,0.06467593218968565,0.02260460484734933,0.0017283848297618906,0.0030558862947315454,0.0020688239410760687,0.0007708355888818158,0.00563106170702013
"{TA, SW_IN, SW_IN_POT, dSW_IN_POT, LST_Day, LST_Night, EVI, NDWI_SWIR2}",4.6934778376933515e-07,0.05707113763296088,0.052713231911935526,0.060606087610751425,-0.007081399117897995,0.0023619392099188813,0.0017936290000681449,0.00248437132663043,0.00118310638870376,0.003220201757428348
"{TA, SW_IN_POT, dSW_IN_POT, LST_Day, NIRv, NDWI_SWIR2, PFT}",2.2567744242358776e-06,0.06090930635324686,0.05895137927929204,0.06765348040243277,-0.03719363492844041,0.0015553085142745796,0.002576138462789694,0.0021338571812501705,0.0004835243731896796,0.005009090543422218
"{VPD, SW_IN, LST_Day, NIRv, NDWI_SWIR2}",6.912853376286203e-07,0.060068357763149616,0.05449486446704149,0.059417554724407295,0.10403864781259324,0.002728274851090222,0.003147101296163364,0.0023834689388566727,0.002216133772516997,0.004538321132361259
"{VPD, SW_IN, LST_Day, EVI, NDWI_SWIR2}",4.460596142859458e-07,0.060010084912649496,0.05417927099873847,0.05815903592195683,0.132059341860373,0.002741734711889987,0.002327757601202275,0.002330370638275271,0.0023221518307421016,0.004051116932170973
"{SW_IN, SW_IN_POT, LST_Day, LST_Night, PFT}",2.2360443931851236e-06,0.06386432462900057,0.05847856884620381,0.07070168200116872,-0.18836929815848982,0.005896588481799699,0.0035705412149851234,0.0024725280468101546,0.0014850284652128953,0.004061993006970244
"{VPD, SW_IN_POT_daily, dSW_IN_POT, LST_Night, NIRv}",9.740217015944799e-07,0.07725930080601838,0.06506329382778546,0.08660899758589011,-0.3730049765433398,0.0021209217169633338,0.002145402887449882,0.002534969380434682,0.004558089822728192,0.0018239143848315792
"{VPD, SW_IN_POT, SW_IN_POT_daily, LST_Day, EVI, PFT}",3.1475393897050537e-06,0.059912567491196396,0.056306426779570345,0.06300159231048348,0.12108051116078504,0.0015893827673894578,0.002787443977725783,0.0019392743622589567,0.0012969743528594493,0.006158929419690887
"{TA, VPD, SW_IN, SW_IN_POT, dSW_IN_POT, dSW_IN_POT_daily, LST_Day, EVI, NDWI_SWIR2}",4.5277088471110727e-07,0.056243185946581696,0.052641919254126576,0.05849841122833112,0.10093683726117723,0.002538894220149711,0.002065895377243575,0.002314248912636478,0.001683087080745771,0.003675555115372542
"{VPD, SW_IN, LST_Day, LST_Night, NDWI_SWIR2}",1.1881902416826846e-06,0.06254558481576654,0.0555376380198931,0.06297048281601442,-0.01638288068504005,0.004964229562848678,0.00210609462767785,0.002336498529640456,0.0021886215668038903,0.0034304080903466566
"{TA, VPD, SW_IN_POT, LST_Night, NDWI_SWIR2}",5.66164489488276e-07,0.06616562560851072,0.05820126806951071,0.07165054882797203,-0.03632290307394511,0.004403422489586979,0.0027169163377569958,0.0023216106956938376,0.0024587109127205548,0.0027803813622322843
"{TA, VPD, SW_IN, SW_IN_POT_daily, LST_Night, NDWI_SWIR2, PFT}",1.2356136141690114e-06,0.056150889035868415,0.05468545250108641,0.06531450956441237,0.004612743807972571,0.0026581910450135665,0.0038984409492708524,0.0016487661586055344,0.002754965641310801,0.00487268757556493
"{VPD, SW_IN, dSW_IN_POT, dSW_IN_POT_daily, LST_Night, NIRv, NDWI_SWIR2}",2.8810869047182495e-07,0.057185057617903344,0.052486930739666725,0.059358986145930076,0.02236112098798687,0.002132291163466804,0.0026079957398355558,0.002215362044147559,0.002017097623604462,0.0034898168580097394
"{dSW_IN_POT_daily, NIRv, NDWI_SWIR2, PFT}",5.59587414288372e-07,0.10605582584705078,0.10317604313865719,0.12169821013863574,-0.6642569267655389,0.0004615272155420874,0.002211807150388531,3.576180681497121e-05,0.0009635791861956761,0.0005070557950727361
"{TA, SW_IN_POT, LST_Night, EVI, NIRv}",2.3428490068171373e-07,0.06831347535817872,0.060396900201088594,0.07725089984182659,-0.28262035769006505,0.00221919311416674,0.0020976789603047302,0.0018461689435700507,0.001448428858057918,0.0029175607099683615
"{TA, VPD, SW_IN_POT, SW_IN_POT_daily, dSW_IN_POT, EVI, NDWI_SWIR2}",4.987629238711732e-07,0.061339656087165864,0.05653500075132545,0.06843996333358995,-0.013054398229170983,0.00217243647253626,0.0022826662490961908,0.003401453741565995,0.0014454801320272562,0.003144380341377262
"{TA, VPD, SW_IN, SW_IN_POT_daily, dSW_IN_POT_daily, LST_Day, LST_Night, NIRv}",1.5389632624105815e-07,0.05839624061327862,0.051645197084578376,0.06127187378693143,0.02884012044382071,0.0018787251865852658,0.0018953937762739709,0.0017717034652048463,0.0010517792614172863,0.002245502308851219
"{TA, SW_IN, dSW_IN_POT_daily, LST_Day, LST_Night, NIRv, PFT}",1.9924669588854567e-06,0.055152591042520925,0.05365649804028707,0.0585066101851056,0.0489051740544845,0.001219758909061723,0.0028909154238853374,0.0019377272057890388,0.0005528634377631875,0.004597955368863552
"{VPD, SW_IN, SW_IN_POT_daily, LST_Day, LST_Night, EVI, NDWI_SWIR2, PFT}",1.5131065907637306e-06,0.0541335170459624,0.051513245739917335,0.056947763444038686,0.14469902371923413,0.002145894028437477,0.002828448428564903,0.0017232665325565416,0.0014859081625394344,0.004901896815637338
"{VPD, SW_IN, EVI, NDWI_SWIR2}",7.826669880513471e-07,0.06270212983427925,0.05720249606282066,0.06043514578192129,0.1187953613719553,0.0027434505874687626,0.0035131054250284732,0.0020322826184845932,0.004173716464643859,0.0044019329647178446
"{TA, VPD, SW_IN, PFT}",6.759136860118249e-06,0.06682703173644934,0.057754688131167346,0.07320910679921634,-0.1909443305685676,0.00750865646625877,0.00383327809823307,0.0010367254431292994,0.0017080262714614866,0.0067501136450597715
"{VPD, SW_IN, dSW_IN_POT, dSW_IN_POT_daily, EVI, NIRv, PFT}",1.5718307369059822e-06,0.0561054049664475,0.05535116128794869,0.0613402451161264,0.13383321303530202,0.0023150223819356844,0.0029943795403466825,0.0016942626820724005,0.0020578667297294073,0.005214113967516837
"{SW_IN, SW_IN_POT, SW_IN_POT_daily, dSW_IN_POT, dSW_IN_POT_daily, LST_Night, EVI, NIRv, PFT}",8.419741178371619e-07,0.05470240478437007,0.05310687282059301,0.05992632263024113,0.0685164995612394,0.0014141163651341868,0.0016732370682258774,0.0015286990528422112,0.00040480919287816386,0.0032589291380553664
"{VPD, SW_IN, dSW_IN_POT_daily, LST_Day, EVI, NIRv, PFT}",1.6973317540627156e-06,0.05533935415881478,0.05443671564879257,0.0583434513835049,0.10934842877814455,0.0021579669825984096,0.0024964156444321275,0.0014065617516067358,0.0015350699603858403,0.0049989529629437535
"{TA, VPD, SW_IN_POT, SW_IN_POT_daily, LST_Day, EVI, NIRv, NDWI_SWIR2, PFT}",2.824558355584854e-06,0.05816262958091374,0.05388302955350227,0.06221874522659861,0.09243696445147187,0.0020103454747179145,0.003289367873842014,0.0023918513418101778,0.0012248181331412158,0.006088451255060037
"{SW_IN, SW_IN_POT, dSW_IN_POT_daily, LST_Day, LST_Night, EVI, NIRv, NDWI_SWIR2}",3.575024476519243e-07,0.05742657559156316,0.05286790477397358,0.059365713066308515,0.022606011670489423,0.0023611147888975767,0.0022872159813298876,0.0017380096171224976,0.0011432349163578298,0.002899285417383185
"{TA, VPD, SW_IN_POT_daily, NIRv, NDWI_SWIR2, PFT}",1.2956832644756636e-06,0.08065825114217792,0.0737033074457944,0.09065981828324972,-0.5458449536579116,0.00011732961884897142,0.0020596790764079997,0.0010852395413403354,0.0013410641017360739,0.003534049517627147
"{TA, SW_IN, SW_IN_POT, SW_IN_POT_daily, LST_Day, LST_Night, NDWI_SWIR2}",1.1244536528790076e-06,0.06015538865250558,0.05537423667908577,0.0638477002044416,-0.05009062583827869,0.004584154839247026,0.0020272492273662596,0.002451847369257368,0.0014436020227974328,0.0025912993408155616
"{SW_IN_POT, SW_IN_POT_daily, LST_Day, PFT}",4.537158523741758e-06,0.07427027949940154,0.07656799799376662,0.07322249506292376,-0.08012850462399528,0.006207076452268444,0.0025619635107435312,0.004445351665150574,0.001056201205108985,0.006655948720886776
"{SW_IN_POT_daily, dSW_IN_POT, dSW_IN_POT_daily, LST_Day, EVI, NIRv, NDWI_SWIR2, PFT}",1.2953102947903374e-06,0.08094367106457523,0.07882130965855852,0.09737556320291066,-0.101799533672624,0.0007533715540684327,0.00288604087482891,0.0009039331426253516,0.0029385094924721175,0.00349925030828252
"{TA, SW_IN_POT, dSW_IN_POT, dSW_IN_POT_daily, EVI, NIRv, NDWI_SWIR2}",4.7555540095116786e-07,0.06304820945273455,0.060602145394096085,0.07690677457725612,-0.2099813098648651,0.001511100423516501,0.00236971332336669,0.002687774730505549,0.0016473115741022365,0.003384527656405442
"{TA, VPD, SW_IN_POT_daily, dSW_IN_POT_daily, LST_Day, LST_Night, NIRv, NDWI_SWIR2, PFT}",6.978597895551216e-07,0.07853937366047105,0.07193089774336658,0.08854522252770505,-0.5595890683368757,0.00037666645211756333,0.0017877066695821953,0.0009370315619183639,0.0005200132984403,0.002594197023240402
"{TA, VPD, SW_IN, SW_IN_POT, LST_Day, LST_Night, EVI, NIRv, PFT}",2.090630886826677e-06,0.05497009725695397,0.052109082447211,0.05824023280525822,0.1333986353296325,0.0018020554019282792,0.0025099759682200573,0.001426050881524553,0.000629624868773021,0.0048730558354715126
"{SW_IN_POT, SW_IN_POT_daily, dSW_IN_POT_daily, EVI, NIRv, NDWI_SWIR2}",8.200377929842074e-07,0.06694080010338252,0.06840871571790468,0.0718105127080288,-0.03608406312975976,0.002327939327546713,0.00359136787486046,0.0019233077697624473,0.0020682200017478267,0.004196167339431192
"{LST_Day, NDWI_SWIR2, PFT}",4.923647371369152e-07,0.10815425033257359,0.09412624435592376,0.12371746984109588,-1.0228188239995923,0.00045680939655956543,0.002202195402639856,0.00015849882937729598,0.0010511964340844254,0.0011043723701138208
"{SW_IN_POT, SW_IN_POT_daily, dSW_IN_POT_daily, LST_Day, EVI, NDWI_SWIR2, PFT}",1.4212120307290077e-06,0.06412903384589488,0.06493385440471852,0.06760180287214454,0.051738459691454186,0.00230722757470405,0.0028770609963645333,0.001813730321015436,0.0005708039360264108,0.004186659900143483
"{TA, SW_IN_POT, SW_IN_POT_daily, dSW_IN_POT, dSW_IN_POT_daily, LST_Day, EVI, NDWI_SWIR2}",3.9859628786826824e-07,0.06253453507634532,0.06007742014282077,0.0742166363878882,-0.1940105479950435,0.0021875374259633373,0.002029110637278647,0.0025306280369484097,0.0011051789747614504,0.0030120032525634693
"{TA, dSW_IN_POT, LST_Day, EVI, PFT}",1.2760477646170017e-06,0.07760795764271389,0.07118624717630731,0.09532781142180016,-0.26443535838489934,0.0024629156631949256,0.002697328398969856,0.003909680883773234,0.0029179066159577133,0.005538106135827059
"{SW_IN, SW_IN_POT_daily, dSW_IN_POT, LST_Night, NIRv, NDWI_SWIR2}",2.7744180397761965e-07,0.05807570417512941,0.05328077816665218,0.06077764008755124,-0.007068578124523735,0.0020217671999031434,0.0026990700302450335,0.0022906700950565684,0.001857418113443511,0.0033251435051287054
"{TA, dSW_IN_POT, dSW_IN_POT_daily, LST_Day, LST_Night, PFT}",1.4334209062386358e-06,0.07846723593214107,0.07246526984571858,0.10194507767687516,-0.6984289771073646,0.005865356749693726,0.003962400383213591,0.004645899821701535,0.0025250627987436075,0.0055452825758647295
"{TA, VPD, SW_IN, SW_IN_POT, dSW_IN_POT, dSW_IN_POT_daily, NIRv, PFT}",2.279636747791097e-06,0.05496362684818914,0.05097568868722832,0.059068437816848285,0.06335876173407583,0.0016692818264528453,0.002255479622752306,0.0015189225382941096,0.0008075877658454758,0.005157044133019678
"{SW_IN, LST_Night, EVI}",4.076068291000777e-07,0.06600975653426018,0.05646610503245919,0.07116726307806809,-0.1931454352286348,0.0011743969969733176,0.0018633342700985767,0.0005035587949100556,0.0020806110345901185,0.002200569989095874
"{VPD, dSW_IN_POT_daily, LST_Day, EVI}",3.1523727888080636e-07,0.08679108921179074,0.07606079755733514,0.09520813997013897,-0.5588455829737632,0.0008841884514903114,0.0020819056910473394,0.0017921134925575483,0.002615395041599647,0.0018158329151526098
"{TA, VPD, SW_IN_POT_daily, dSW_IN_POT, dSW_IN_POT_daily, LST_Day, LST_Night, NDWI_SWIR2}",5.730209580965788e-07,0.0737998960834766,0.0653971179729293,0.08224453920867517,-0.36169890259426607,0.0037321686094853174,0.0023253162929652293,0.0026508269712040705,0.003830573040314221,0.001943785844267104
"{SW_IN, SW_IN_POT_daily, dSW_IN_POT, LST_Day, LST_Night, EVI, NIRv, NDWI_SWIR2}",4.0964460671963833e-07,0.05680240316957618,0.05311671497338419,0.05916229017753261,0.05722195641717909,0.002420245944815068,0.0019399521361772587,0.0018720040633447357,0.0013446039111959726,0.003248295731041684
"{TA, dSW_IN_POT, dSW_IN_POT_daily, NIRv}",3.084758869678037e-07,0.08212078092050963,0.07235021898646236,0.09798190403810042,-0.7125125219392183,0.0016502033403567734,0.0029988105853888114,0.0028509220694269283,0.0030572416097268407,0.002120449190166171
"{SW_IN_POT, EVI, NIRv, NDWI_SWIR2, PFT}",2.128145896845748e-06,0.06848328320208233,0.07024886151352341,0.07002884157608957,0.01191992318146349,0.002812985858580891,0.0049600661396732165,0.002316213112547816,0.002540352280640812,0.005937728048615393
"{TA, VPD, SW_IN, SW_IN_POT_daily, dSW_IN_POT_daily, LST_Night, NIRv, PFT}",2.4355625369611872e-06,0.05464368869085016,0.051704262275195395,0.058152396754873686,0.07492532563186642,0.0010554370615341035,0.0026539253678702496,0.0013582251974506854,0.0008151636976301557,0.005034914374361432
"{SW_IN_POT, dSW_IN_POT, dSW_IN_POT_daily, LST_Day, EVI, NIRv, NDWI_SWIR2}",3.9594713640086854e-07,0.06487343936970892,0.06443752004941483,0.07442183975487779,-0.08636158925360944,0.0020012051009966197,0.0018344467418685978,0.002311589770795472,0.0008160643916089588,0.0026909700747149157
"{TA, LST_Night}",2.374681609131661e-05,0.10916571673052038,0.09326099592013608,0.12918049468944842,-1.6465095557670237,0.014356615661097027,0.0007536497951691062,0.0017947348657613577,0.0038193106252259607,0.00375816770292281
"{TA, SW_IN_POT_daily, dSW_IN_POT_daily, EVI, NDWI_SWIR2}",1.9236637534272367e-07,0.08728930165275543,0.08214198659336994,0.11904985384599016,-1.1534747170195523,0.0013248876988025682,0.0021400569711525347,0.002583023838428969,0.0016538164941108102,0.0016781798644751739
"{TA, SW_IN_POT_daily, dSW_IN_POT_daily, LST_Day, LST_Night, NIRv}",1.6494348120319695e-07,0.08656146314882891,0.07987255449963529,0.11460065629892036,-1.1514948939830119,0.0005880892491778589,0.0011660598573468711,0.001831770952580053,0.0009372594038607115,0.0011430907394616163
"{VPD, SW_IN_POT, SW_IN_POT_daily, dSW_IN_POT_daily, LST_Day, LST_Night, EVI, NIRv, NDWI_SWIR2, PFT}",2.0875426218929072e-06,0.057228827564283984,0.053099473724731366,0.06353731765718834,0.049729075859967255,0.001766515652437968,0.003023545320987503,0.0019944368595312192,0.0013836852975783812,0.005389199382184601
"{VPD, SW_IN, dSW_IN_POT, NIRv}",2.1178961312100058e-07,0.06555009044456861,0.05643368322603445,0.06459539749030317,-0.024913874840526096,0.0014919811666847388,0.0028761952613362493,0.0018967091583302967,0.0023190029232875373,0.0022321868266866884
"{TA, VPD, SW_IN, SW_IN_POT_daily, dSW_IN_POT_daily, EVI, NIRv, NDWI_SWIR2, PFT}",2.0310519085839974e-06,0.05380720208944792,0.05191591187041315,0.056869925169012264,0.14778923745315162,0.0014898630309120586,0.0031031868061479825,0.0013500792931714634,0.002139925144783561,0.005229686132924086
"{VPD, SW_IN, SW_IN_POT, dSW_IN_POT, dSW_IN_POT_daily, LST_Night, NDWI_SWIR2, PFT}",1.0898100345931157e-06,0.05529928823461393,0.05586154250147034,0.0643772885402006,0.0469692907136107,0.003029626793218762,0.003399738619742805,0.0017916327791852246,0.0016292795296864795,0.004432557368940021
"{TA, SW_IN, SW_IN_POT, SW_IN_POT_daily, dSW_IN_POT_daily, EVI}",1.644021253047376e-07,0.06188729255805977,0.053204468269522895,0.06480488180562952,-0.14484069802899274,0.0017678440515886268,0.002020022152924912,0.0019149663487388544,0.0015504298822316964,0.002747241188388025
"{TA, SW_IN_POT, dSW_IN_POT, dSW_IN_POT_daily}",1.493420178101632e-05,0.07596358242477383,0.06729176442250397,0.08790366227063151,-0.6121590890498605,0.010646908963722654,0.0005033805898202459,0.00381690203790723,0.001097119159800021,0.007516801678196197
"{VPD, SW_IN, dSW_IN_POT, NIRv, NDWI_SWIR2, PFT}",2.362074364948148e-06,0.05717300234019772,0.055466069974848875,0.05884513687651498,0.09405369203386009,0.0029821851442675684,0.003954851978108909,0.0017330985176770355,0.0021352235723842566,0.006037172939807142
"{VPD, dSW_IN_POT, dSW_IN_POT_daily, LST_Day, LST_Night, EVI}",2.8064661444846124e-07,0.07476049716957714,0.06356266672552033,0.08421117645543558,-0.31514963883088365,0.002878417886076956,0.0017769295901660376,0.002423590356123023,0.0031336228125633733,0.0019000883229118998
"{SW_IN_POT, dSW_IN_POT_daily, LST_Night, NIRv}",5.069693930867648e-07,0.0709723760370797,0.06648912777133326,0.08357023790873516,-0.46347756836376847,0.0025556306730801087,0.002783573629388747,0.0011979966118632196,0.0014183098806699324,0.0028770330066247435
"{TA, dSW_IN_POT_daily, LST_Night, EVI, NDWI_SWIR2, PFT}",5.6416445702969e-07,0.08434171416452911,0.08288965397482548,0.10732133847419942,-0.9739525366921233,0.0006116776839065335,0.0022052374909317524,0.0020921318125941557,0.001181943894208566,0.0026871337681202007
"{SW_IN_POT, dSW_IN_POT, dSW_IN_POT_daily, LST_Day, LST_Night, NDWI_SWIR2}",1.060812719073534e-06,0.0669836625954978,0.06665073068584768,0.07880897185449967,-0.37402271803745873,0.0034639578934138673,0.0013281026409125984,0.002739585178253637,0.0005555728226734474,0.0017095737851989257
"{TA, SW_IN, SW_IN_POT_daily, dSW_IN_POT_daily, NDWI_SWIR2}",5.86372739162542e-07,0.06151206048473491,0.056365860294271236,0.06395768613511815,-0.10890531004785835,0.003467147708924735,0.0024940273094033807,0.0012970138292624639,0.0032900981387511616,0.0026519542407270474
"{SW_IN, SW_IN_POT, dSW_IN_POT_daily, LST_Day, LST_Night, EVI, NDWI_SWIR2}",4.7191006783596633e-07,0.05789500643460152,0.05352110446772756,0.06064474170810201,0.00964655894250079,0.0026540045030720508,0.0023684012419336944,0.0014998759923465499,0.0011399992988276667,0.002937148247786972
"{TA, VPD, SW_IN_POT_daily, dSW_IN_POT, LST_Night, EVI, NIRv}",1.4891492034124928e-07,0.07518325736718036,0.0627080711114882,0.0837816682641284,-0.3517067073311926,0.002378524165874668,0.0018692177840102797,0.0029672005524042228,0.00278706479584611,0.00269814567578959
"{SW_IN_POT, SW_IN_POT_daily, dSW_IN_POT, dSW_IN_POT_daily, LST_Day, PFT}",6.552807454354939e-06,0.06978042158478352,0.06848426099084808,0.07448699529939679,-0.07332497092179541,0.006588060469509195,0.0017504463889166239,0.00415216048303664,1.0095944423610392e-05,0.006311914460032
"{SW_IN_POT, SW_IN_POT_daily, dSW_IN_POT_daily, LST_Day, LST_Night, NDWI_SWIR2, PFT}",8.053418983425423e-07,0.06481122636994154,0.06704873102195537,0.07507225599464984,-0.1160414651021565,0.0020057450773485266,0.002670366537357513,0.0022648324505564893,0.0007883434144201965,0.003535973406378859
"{TA, SW_IN_POT, dSW_IN_POT_daily, LST_Night, EVI, NDWI_SWIR2, PFT}",2.3795846329951165e-06,0.060770351488886265,0.05953806838866535,0.0681559263730388,-0.0740815270424618,0.0020840934247091034,0.003380116403581372,0.001936668631796229,0.0008725323271526336,0.005371688950242148
"{SW_IN, SW_IN_POT, SW_IN_POT_daily, LST_Day, EVI, NDWI_SWIR2, PFT}",1.1373109771267466e-06,0.05607574577982688,0.05366775945912798,0.06019488694893491,0.14984589420437072,0.002531690144809487,0.0029346267449885458,0.0012961812897667804,0.0010415376745425628,0.003927724358924453
"{TA, SW_IN, SW_IN_POT, dSW_IN_POT, LST_Day, NIRv}",5.210476052823672e-07,0.06061556298013433,0.05232836789010431,0.06326153724927529,-0.0417649874052927,0.0011129795396192937,0.0014430460515737695,0.0029642381588801878,0.0011782227854351401,0.0023136113988135865
"{TA, SW_IN, LST_Day, NDWI_SWIR2}",1.991621348307847e-07,0.06375598151867881,0.05688481203542891,0.06279810354067014,0.02202391473697333,0.003224254995514292,0.002425148134503202,0.0018624896535011648,0.0022709106726269204,0.0025979949738799274
"{TA, VPD, SW_IN, SW_IN_POT, dSW_IN_POT, LST_Day, LST_Night, NDWI_SWIR2, PFT}",1.1238690436084807e-06,0.055151566030938286,0.054456514018212436,0.06286337785414889,0.06906136049630503,0.0025254124087881052,0.003298440325564145,0.0017361137506550633,0.0009675832581519037,0.003931677923984897
"{TA, SW_IN_POT_daily, dSW_IN_POT, LST_Night, EVI}",6.954598791758014e-07,0.08037046696932193,0.07107169691598687,0.09419989558308126,-0.531881156540961,0.0021265099314757147,0.002268823156005781,0.0029354222533937296,0.004397942063746406,0.0023848126169115497
"{VPD, SW_IN_POT_daily, LST_Day, LST_Night, EVI, PFT}",3.905465915425797e-07,0.08135048854503328,0.07375046733070273,0.08433637665887989,-0.27920590152711533,0.0007787588344012886,0.001964964293660318,0.0016025276515214681,0.0009553325360091222,0.0024606954837181477
"{VPD, SW_IN_POT, dSW_IN_POT, dSW_IN_POT_daily}",1.1748014069689668e-05,0.07453858625127031,0.06633316387245826,0.07981172029146015,-0.4470955034883841,0.008823187363032337,0.0004569586441913881,0.0037394687014288136,0.002380490074223987,0.008890248359873093
"{SW_IN_POT, SW_IN_POT_daily, dSW_IN_POT_daily, PFT}",1.274193698730684e-05,0.07548709962889373,0.0711891361619812,0.07809637373109429,-0.24537400762647346,0.010024979333817075,0.0015214929246692016,0.004573605901231237,0.0021932852516169526,0.009453146271696466
"{SW_IN, dSW_IN_POT_daily, LST_Night, EVI, PFT}",7.414837408239601e-07,0.057181618679050236,0.05608775690497861,0.06080650619699159,0.03902501775990511,0.0017888725869654662,0.002218857669810101,0.0012967875947831609,0.001539161639794867,0.0037241060411242893
"{VPD, SW_IN, SW_IN_POT, dSW_IN_POT, LST_Day, LST_Night, EVI, NDWI_SWIR2}",3.5286886709448264e-07,0.05696161541267495,0.051974485084603284,0.05877446663059885,0.07716180752050887,0.0025976190009109473,0.0017099453126296765,0.002489455339014568,0.0014168673989912312,0.003024869532863461
"{VPD, SW_IN, SW_IN_POT_daily, LST_Day, EVI, NDWI_SWIR2}",5.954065281041172e-07,0.05879432720598587,0.05348801001347399,0.058105209762982404,0.12268937050113089,0.002774680749510809,0.0025340084645971706,0.0021306613594967855,0.002403301525566247,0.004318368099223216
"{SW_IN, SW_IN_POT, SW_IN_POT_daily, dSW_IN_POT_daily, LST_Day, LST_Night, NDWI_SWIR2}",5.633423989641466e-07,0.05993106422679302,0.05698523462244879,0.06972043384512258,-0.13674010543848328,0.003415932158859908,0.0018235555165852096,0.001668616298002551,0.0011969048520659858,0.0018368610787688061
"{TA, SW_IN, dSW_IN_POT, LST_Day, PFT}",4.5160920855007945e-06,0.06508952741386904,0.05600896359557869,0.07360855696807239,-0.263271781033872,0.007051095107580688,0.004689420411856403,0.003142892744115458,0.0009811397644990047,0.00588720943124435
"{SW_IN_POT, SW_IN_POT_daily, dSW_IN_POT, dSW_IN_POT_daily, LST_Day, NDWI_SWIR2}",1.1071825608414752e-06,0.06717961840167908,0.06638399144024401,0.07683693955997986,-0.14907881487443456,0.003135738635480778,0.0014008529781211615,0.001880354497029002,-0.00014510968900553062,0.0014185430904686824
"{VPD, SW_IN, SW_IN_POT_daily, dSW_IN_POT, LST_Day, NIRv, NDWI_SWIR2}",7.053595353468207e-07,0.057845030246159994,0.053941608960620974,0.0596319485049365,0.12489064378005076,0.002888706432399156,0.0029561281379713727,0.0023857105893144923,0.0016763526111055055,0.004236824590253083
"{TA, VPD, LST_Day, LST_Night, PFT}",1.2663537196069118e-06,0.08780731666984891,0.0809087024818308,0.10377760413493149,-1.0456708549771812,0.0044952812791490965,0.0029932997515870197,0.0021991550899478074,0.0011885249969657147,0.0035006986759641007
"{TA, VPD, EVI, NIRv}",2.9968185853892546e-07,0.08904752408203187,0.07585104125033923,0.09774417112232181,-0.5640815697581446,0.0012934921312323655,0.0021959585564497175,0.0009016662618684529,0.0019763631058012585,0.002316646537629377
"{TA, SW_IN, SW_IN_POT, dSW_IN_POT, LST_Night, EVI}",4.776903870291614e-07,0.06119548668336649,0.052505012078263656,0.06451688713283234,-0.15041451436106043,0.001565410167787551,0.0010598302407789223,0.001893653052591579,0.0007245504136237785,0.0027149770313789484
"{TA, SW_IN_POT, dSW_IN_POT_daily, LST_Day, LST_Night, EVI, PFT}",2.497389221531097e-06,0.06147313231965235,0.05840243732770696,0.0687381128261583,-0.0679274964213476,0.0018091394771262703,0.0028446869332865374,0.0028006361071408886,0.0007623973689148758,0.005514001987688741
"{TA, VPD, LST_Day, EVI, NDWI_SWIR2}",4.124745119956646e-07,0.08526248963233418,0.07492011769872158,0.09418521776625616,-0.5305638870799715,0.0016358029730783319,0.001939076475052981,0.002960991462417295,0.0019449438372301092,0.003269813046243672
"{TA, VPD, SW_IN, SW_IN_POT, SW_IN_POT_daily, dSW_IN_POT, LST_Night, EVI, NIRv, PFT}",1.8085985588654703e-06,0.054267099085380126,0.05128541617622841,0.05845018439108479,0.1296660116562964,0.001546564309408395,0.001713110742478638,0.0016325344929656316,0.0005681559284508864,0.004563198418002054
"{SW_IN, SW_IN_POT, dSW_IN_POT, LST_Day, EVI, NIRv, PFT}",8.265312094509661e-07,0.05650410866235319,0.05426841414570242,0.06001821872052975,0.11762322929747232,0.001604721965807028,0.0018401965958668096,0.0014591515049621612,0.000336678936056288,0.0031793737900395885
"{TA, SW_IN, SW_IN_POT, SW_IN_POT_daily, dSW_IN_POT_daily, EVI, NIRv, NDWI_SWIR2}",9.069361771537487e-07,0.057294326791552434,0.05444098184186674,0.05949881307463474,0.008230189564681892,0.002309808585427335,0.0028173104602732466,0.002077685876785876,0.0026517134074187584,0.0047558545752899445
"{SW_IN, SW_IN_POT, dSW_IN_POT, LST_Day, LST_Night, EVI, NIRv, NDWI_SWIR2}",4.092626074510637e-07,0.056950433694565095,0.0528420739523633,0.05967571450675819,-0.012136906927778524,0.0020811671062497886,0.001750868715094972,0.002002231167264043,0.0008893948460405171,0.0028806391419400057
"{SW_IN_POT, dSW_IN_POT, LST_Day, NDWI_SWIR2}",1.0188836405747576e-06,0.0696836305038064,0.06888643328396205,0.07799581983756315,-0.11880258621860083,0.001962442630422563,0.002631852501197157,0.0032432341565391265,0.00028779002644876983,0.0015064463478503543
"{TA, SW_IN_POT, dSW_IN_POT, LST_Night, NIRv, NDWI_SWIR2, PFT}",2.5651915009337845e-06,0.06114117119997181,0.059422843242960044,0.06797914342570543,-0.07240781815667229,0.0015543012698954264,0.0025741525777686278,0.0020684453324211413,0.00033858825100526596,0.00518156203361049
"{SW_IN, SW_IN_POT, dSW_IN_POT, EVI, NDWI_SWIR2, PFT}",1.3977779578473046e-06,0.0574141327262683,0.055298266294176356,0.05993281467249084,0.12286735103844859,0.0023727125565428248,0.002797563483451261,0.0018254681125130026,0.001326708801686241,0.004762981406030514
"{TA, VPD, SW_IN_POT_daily, dSW_IN_POT_daily, LST_Night, EVI, NIRv, NDWI_SWIR2}",7.091192815534088e-08,0.08100833691750477,0.07123700133843723,0.09113887755058844,-0.6807720396507261,0.001081509286321905,0.001890411903588879,0.0016169932827740652,0.0013917606262760854,0.0014491540815752268
"{SW_IN, SW_IN_POT, SW_IN_POT_daily, LST_Day, NDWI_SWIR2}",4.831529266348772e-07,0.06244005381080302,0.05834904232115522,0.06225442557375738,0.06305332813203494,0.0034536677276276392,0.002645272193353275,0.0016240509487666574,0.0016473492881445423,0.0020071815684473276
"{TA, VPD, SW_IN_POT, dSW_IN_POT, LST_Night, EVI, NIRv, NDWI_SWIR2, PFT}",2.4541578646762073e-06,0.058017315555806574,0.054403563847329875,0.06710307280843986,0.011001819152057113,0.001361360069976468,0.0026021324671161652,0.0019550623444318377,0.0006765861094095438,0.005226551370845087
"{TA, SW_IN, SW_IN_POT, dSW_IN_POT_daily, NIRv, PFT}",2.2277192263020735e-06,0.056383794520746995,0.05398099516594551,0.059932985856489665,0.0684100358764096,0.0017096192243654662,0.0027070880849752663,0.0018856862555501203,0.001351900648108216,0.005475714639983462
"{TA, VPD, SW_IN_POT_daily, dSW_IN_POT_daily, LST_Day, NIRv, NDWI_SWIR2}",1.2271081398896452e-07,0.08126999695145919,0.07254130851725218,0.09346058184702477,-0.6331473703978062,0.0008602736809675826,0.0014944931375165948,0.001543050546455746,0.0015535663770465877,0.0019489306397915684
"{VPD, SW_IN_POT, SW_IN_POT_daily, LST_Night, NIRv}",2.4485334486325493e-07,0.06620028031516047,0.05544852744342545,0.07342405493759205,-0.24125504746248624,0.0022770131424798695,0.0016067592756753499,0.002819399399244124,0.0014400076711187856,0.0021633217493847168
"{TA, SW_IN, SW_IN_POT, dSW_IN_POT, dSW_IN_POT_daily, LST_Night, NIRv}",3.384474206148687e-07,0.05998425682600371,0.05156908086203658,0.06855040400868032,-0.26379502811497607,0.001622344953098466,0.0014205169414751584,0.0019063643032579472,0.0009058313125235029,0.0026669034822434795
"{VPD, SW_IN_POT, dSW_IN_POT, dSW_IN_POT_daily, LST_Day, LST_Night, EVI, NIRv}",1.2214271890084905e-07,0.0613796570307928,0.053916064585568954,0.07047107657985267,-0.06781315104957626,0.0015690933672946952,0.0015779076813138351,0.0024570482138048175,0.001538021581577044,0.0018889864457260624
"{VPD, SW_IN, SW_IN_POT_daily, dSW_IN_POT, LST_Day, LST_Night}",1.6948235112597692e-06,0.06488112600837839,0.057278809659719036,0.06500381232078861,-0.04439246383418113,0.005001047099151147,0.0012722577791702341,0.0025520345965820562,0.0016289775199047687,0.0025668991379928507
"{SW_IN_POT, dSW_IN_POT_daily, LST_Night, EVI, NIRv, NDWI_SWIR2, PFT}",9.323151727463522e-07,0.06411827760974732,0.06604783772688623,0.07076798408491092,-0.04956615803712383,0.0018031010640847459,0.002468791716425181,0.001587547156648536,0.0010014042327138456,0.003824757541800422
"{TA, VPD, dSW_IN_POT, dSW_IN_POT_daily, EVI, NDWI_SWIR2, PFT}",1.6192002977570817e-06,0.06997722117714575,0.06299049732811711,0.07739011992972168,-0.1602330607279899,0.0017973403936316495,0.002476893845450065,0.0020244986855576796,0.002702387648750061,0.005329264318121793
"{TA, SW_IN_POT, dSW_IN_POT, dSW_IN_POT_daily, LST_Day, LST_Night, EVI, NIRv}",3.1451733958779795e-07,0.06375126188635281,0.057617526272103224,0.0789724361808336,-0.3437664879006948,0.0018280526384596499,0.0016437143952536051,0.002647902144147729,0.0009236110282194246,0.0020491756364888064
"{VPD, SW_IN_POT, SW_IN_POT_daily, dSW_IN_POT, LST_Night, EVI, NDWI_SWIR2}",2.7737634753257763e-07,0.06070067058741825,0.05620780762728917,0.06631950147560607,-0.022135836444793167,0.0019526179813945596,0.0020977588287407894,0.003101475783103304,0.001561096953208621,0.002525133214055092
"{SW_IN_POT, SW_IN_POT_daily, dSW_IN_POT, dSW_IN_POT_daily, LST_Day, LST_Night, NIRv, NDWI_SWIR2, PFT}",1.1193460143402286e-06,0.06261379728045594,0.06433348127563474,0.07045200277304428,-0.09389937735102838,0.0021196217165928913,0.0016417133043960253,0.00204824404794908,0.0001243057489295693,0.0034201897356337385
"{TA, SW_IN_POT, SW_IN_POT_daily, dSW_IN_POT, dSW_IN_POT_daily, LST_Night, NDWI_SWIR2}",8.554659336550647e-07,0.06505865134778656,0.05935372388213568,0.08029618223362608,-0.432163001342865,0.0035956465305953186,0.0015137792462101701,0.00253174758255649,0.0008701376070437764,0.00209530075705866
"{SW_IN, SW_IN_POT, dSW_IN_POT, dSW_IN_POT_daily, LST_Night, NIRv, PFT}",1.1765860706588662e-06,0.055527064437711784,0.0537468842267632,0.06193221492743045,0.016271294499899225,0.0014790037976033302,0.0021328501953757767,0.0018254621793432069,0.0004973310470968786,0.0038213388650407826
"{SW_IN_POT, SW_IN_POT_daily, dSW_IN_POT, LST_Night, EVI, NIRv, NDWI_SWIR2}",1.1908274059953728e-07,0.06509913494075158,0.06505442703852209,0.07819679412674643,-0.22897242662094122,0.0016767132900328274,0.0018656542031513512,0.0022261463014039973,0.0012939162911178928,0.002188268135106766
"{TA, VPD, SW_IN, SW_IN_POT, dSW_IN_POT, dSW_IN_POT_daily, EVI, PFT}",1.5647852268529378e-06,0.054765416535119966,0.0511112414319689,0.05884030731864,0.14217680228916033,0.0017334674846234827,0.002149974682005569,0.0016756431726366455,0.0008487830123148216,0.004545945484459815
"{TA, SW_IN, LST_Day, EVI, NIRv, NDWI_SWIR2, PFT}",1.4755899356824395e-06,0.05533757957786945,0.053762742217177396,0.05929480473302241,0.08933661827087108,0.0016698551310315723,0.0032725070045151877,0.0016879625253278033,0.0016143983830646733,0.004663726706026314
"{VPD, SW_IN_POT, dSW_IN_POT, LST_Night, PFT}",1.4529228872983356e-05,0.06793639508927604,0.06123384023816835,0.07857490728069123,-0.3745156771857883,0.01131156134099514,0.0030750621513672693,0.0024767371148409073,0.0015610646673126297,0.008402886072832322
"{TA, VPD, SW_IN, SW_IN_POT_daily, PFT}",9.298804520837336e-06,0.06471244071378854,0.05626201042995298,0.07175706528853396,-0.17311584334263266,0.009030993632912411,0.0031141051079090834,0.0017291536120180168,0.0023980477738061723,0.008051455897344698
"{TA, SW_IN, SW_IN_POT, SW_IN_POT_daily, dSW_IN_POT, LST_Day, NDWI_SWIR2}",5.228990378933784e-07,0.05936951959449561,0.055638899368127034,0.06358126592537205,-0.0012440741126161041,0.0030116574275621324,0.0015152440714628485,0.0021084502161235474,0.0008075807439251736,0.0018646154669027387
"{TA, SW_IN_POT_daily, dSW_IN_POT, LST_Day, LST_Night, NIRv, PFT}",1.0627834102536251e-06,0.07431291710156954,0.07045100353054343,0.08895679987623262,-0.188261511202321,0.0024894726656777763,0.002355650171719223,0.003001891975642268,0.002046753002866185,0.004932725964919629
"{VPD, dSW_IN_POT_daily, LST_Night, EVI, NIRv, PFT}",7.933809100509677e-07,0.08184649371308834,0.07659362793825125,0.08734355265084778,-0.532182485326178,0.00026748689330605147,0.0027130991251419767,0.001499490305122253,0.001298763673391698,0.002533251524896793
"{dSW_IN_POT, dSW_IN_POT_daily, LST_Night, PFT}",4.3979472259464166e-06,0.08822592167290846,0.08710689313565963,0.10912349628074677,-0.7576620364918886,0.009428548485477209,0.003979152700826688,0.003577512678906561,0.004750803297671212,0.00536847800198878
"{TA, SW_IN_POT_daily, dSW_IN_POT, LST_Night, PFT}",8.311881354046943e-06,0.0819817559535234,0.07564569927732709,0.09536277705502874,-0.743876852201845,0.011316107055033012,0.0034556302777710296,0.005383483787852653,0.003716118747845547,0.0072090681290675335
"{TA, VPD, SW_IN_POT, SW_IN_POT_daily, dSW_IN_POT, LST_Day, LST_Night}",2.0518125790012244e-06,0.06693133477506823,0.05827667800028488,0.074602321079655,-0.15009357206394489,0.004442974562720865,0.0007562903248228559,0.003536764566229242,0.0010458191788149315,0.003021834640362639
"{SW_IN_POT, dSW_IN_POT, LST_Day, LST_Night, PFT}",3.1530963494322783e-06,0.06977093762695166,0.06839823071884149,0.07973473871375042,-0.25853466110880585,0.006211911156216519,0.002758385508181485,0.0034617329066551766,0.0007488628504906045,0.004052307887545362
"{TA, SW_IN_POT_daily, LST_Day, NDWI_SWIR2}",7.740355337392184e-07,0.09082450836687916,0.08380068683951167,0.11328625862751202,-0.743313341543543,0.0037111693457607536,0.0016093089151053563,0.0029124808091349486,0.0034187705909997437,0.0016491638558703697
"{VPD, LST_Day, LST_Night, EVI, NDWI_SWIR2, PFT}",4.923093367497852e-07,0.08154757170971265,0.07338404884854655,0.08911306301676047,-0.4792362763164826,0.000727099079875046,0.0014336636885057819,0.0011998138661745428,0.000985288981758585,0.002740541424210277
"{TA, SW_IN, SW_IN_POT, dSW_IN_POT, LST_Day, LST_Night, EVI, NIRv, NDWI_SWIR2}",5.795480113231638e-07,0.056623445627768915,0.05255107993887024,0.059260999859638966,-0.009844981795796662,0.0021912346601754493,0.0017621672585917889,0.0023655094450688585,0.0012585966291491363,0.003539807682646265
"{TA, SW_IN_POT, SW_IN_POT_daily, LST_Night, EVI, NIRv, NDWI_SWIR2}",7.684846119483064e-07,0.06390154396178603,0.05957794499783579,0.07133869169619102,-0.15646091252268657,0.0016425411970787118,0.002935901180675486,0.0029162781434635826,0.001445695175970367,0.003781475156696343
"{VPD, SW_IN, SW_IN_POT_daily, dSW_IN_POT, dSW_IN_POT_daily, LST_Day, NDWI_SWIR2, PFT}",2.0730641431758218e-06,0.05616156609837722,0.05622041042753506,0.05991403168945242,0.09088118867657514,0.003478231991257838,0.004802880618879471,0.0017684429171403518,0.0023436303750591705,0.005592622839567032
"{VPD, SW_IN_POT_daily, dSW_IN_POT, LST_Day, EVI, NDWI_SWIR2, PFT}",3.069389179494019e-06,0.07023158851233931,0.06437886200404982,0.07252854667509916,-0.019315217595218814,0.0021154124990363093,0.0028338525938167575,0.0009858872841183308,0.003553619474766373,0.006204664104063035
"{SW_IN_POT, SW_IN_POT_daily, dSW_IN_POT_daily, EVI, NIRv}",8.316668298823382e-07,0.06976697884463226,0.06820446760412904,0.07851400552184445,-0.22775626377350502,0.002825570626533741,0.004076260361347672,0.0016579077476503862,0.0018182959601701562,0.0033273362356643216
"{TA, VPD, SW_IN_POT_daily, dSW_IN_POT_daily, LST_Day, LST_Night}",3.754232506697763e-07,0.08625682090269658,0.07245873419453479,0.10076915877030236,-0.7245177283049179,0.002703298860332645,0.0010152210741527362,0.002419600784399567,0.0016743861468699328,0.002370554334174893
"{VPD, SW_IN_POT_daily, dSW_IN_POT_daily, LST_Day, NIRv, NDWI_SWIR2}",2.4351536539132236e-07,0.08253532315791821,0.07364821000791422,0.08522756480802327,-0.48427577092973656,0.000916443627219668,0.0018856875940755496,0.0016217296962254962,0.002383924807457423,0.0020470408507664017
"{TA, SW_IN, SW_IN_POT, SW_IN_POT_daily, dSW_IN_POT, dSW_IN_POT_daily, LST_Night, NIRv}",3.2153237543006344e-07,0.05942198371209693,0.05128044520612267,0.07053230926401668,-0.38164374417759195,0.001700543718751682,0.0014041404349417613,0.0016190761836831352,0.0008697490015902656,0.002617069381397774
"{SW_IN, SW_IN_POT}",1.9481371810405417e-05,0.08703221727639858,0.07318675300120014,0.08574540224153546,-0.6019288017639514,0.012567919887324322,0.0005925135733244047,0.0012101967970834515,0.0030680360614392527,0.00666523744433474
"{TA, VPD, SW_IN_POT, SW_IN_POT_daily, dSW_IN_POT, dSW_IN_POT_daily, EVI, NDWI_SWIR2, PFT}",1.5059731761008613e-06,0.05739866130949619,0.053467895719629156,0.06505762725400278,0.055312807517916396,0.002057552755337734,0.0029720916554916224,0.0020302612362731315,0.0006958601769871189,0.004412503547663399
"{VPD, dSW_IN_POT, LST_Night, NDWI_SWIR2}",3.104595833989059e-06,0.08026397861305634,0.07019315940751902,0.08417977443115225,-0.2689756214173059,0.003417384520597838,0.0033984697912188278,0.002802677817488386,0.007477777491830685,0.002862669957928568
"{SW_IN, SW_IN_POT, dSW_IN_POT_daily, LST_Night, EVI, NIRv, NDWI_SWIR2}",2.798508492127111e-07,0.05813469778659448,0.054394645706653644,0.05959809094169699,0.012403874485013419,0.0021046045912707784,0.0027211223213665717,0.0017563287590783017,0.0019564309066968516,0.003183140082933217
"{TA, VPD, SW_IN, dSW_IN_POT, LST_Day, PFT}",2.372413187174698e-06,0.06150981470540412,0.05507634075915756,0.06935116917808369,-0.08540320257251471,0.00439492724403414,0.003081025459755485,0.0016706441468415587,0.0007787332544154091,0.0047955628649720555
"{TA, SW_IN, SW_IN_POT_daily, dSW_IN_POT, dSW_IN_POT_daily, LST_Night, EVI, PFT}",1.280235302335693e-06,0.05467614086902701,0.05249916583939063,0.05904776129779212,0.05745593291043022,0.0015852505478325812,0.002767048750008244,0.0014244539936695208,0.000827633096954522,0.0040021688514642745
"{SW_IN_POT, dSW_IN_POT, LST_Day, LST_Night, EVI, NDWI_SWIR2, PFT}",1.1099045946291603e-06,0.06347135276693716,0.0652723641192708,0.06957155618843294,-0.037920430385220104,0.0019118351329853872,0.0018809464705364515,0.001859813441142416,0.00012247184399838407,0.0034501296554701466
"{VPD, SW_IN_POT_daily, dSW_IN_POT, dSW_IN_POT_daily, LST_Day, EVI, NIRv, PFT}",2.1855006869667338e-06,0.07050212796320254,0.06667124149266668,0.0736776594626031,-0.05998107864799799,0.0023994815396821897,0.0027040505677771165,0.0014422178243869571,0.0034758680852936957,0.0058229069578420445
"{TA, SW_IN_POT_daily, dSW_IN_POT, dSW_IN_POT_daily, LST_Day, EVI, PFT}",1.3480519992846741e-06,0.07424866026466255,0.0705816699619645,0.09152949472856081,-0.3681103656943218,0.0020767111594063303,0.0023426114348619603,0.0036605113828515196,0.002162757711409509,0.005083173701066562
"{TA, VPD, SW_IN_POT_daily, dSW_IN_POT, LST_Day, LST_Night, NIRv, NDWI_SWIR2, PFT}",1.9530825656892923e-06,0.06910998690944183,0.06297513910557669,0.07609465445156989,-0.14900979077854482,0.001597798741064943,0.0021355710633964853,0.0016955589669989946,0.0019879964565066716,0.0053142589590382955
"{TA, SW_IN, dSW_IN_POT_daily, LST_Night, EVI, NIRv, PFT}",1.4194969878274823e-06,0.05516135875558098,0.05314936455119364,0.05792468863811957,0.05940945673841699,0.0012146431744940456,0.0025866184457407834,0.001392846320790779,0.0007298009572333855,0.00403833811084596
"{VPD, SW_IN, dSW_IN_POT, dSW_IN_POT_daily, LST_Day, NIRv}",6.385328799454742e-08,0.060232240453021876,0.05336609298863308,0.06254770531299592,-0.008517624177267128,0.0015280118913674479,0.001821784684179803,0.0018209117694868715,0.0014293130281845048,0.002146193048767786
"{TA, SW_IN_POT, dSW_IN_POT, dSW_IN_POT_daily, LST_Day, EVI, PFT}",1.5964047441099556e-06,0.06136476438729828,0.058366944415234545,0.07034424616575805,-0.09527431771502899,0.0018753494282655742,0.0022898837176075285,0.0027410697748648655,0.000523264094690036,0.004415190731494836
"{SW_IN_POT, SW_IN_POT_daily, dSW_IN_POT, EVI, NDWI_SWIR2}",2.981583938333847e-07,0.06763990220168693,0.0718647756218656,0.07304540146120543,-0.06988105553457961,0.0035721863939743373,0.0027628060671941734,0.0029384070546557006,0.0019101252744316982,0.002475391198420926
"{VPD, SW_IN_POT, LST_Day, EVI, NIRv, NDWI_SWIR2}",1.3295188859904553e-06,0.06282959568932925,0.05674847360121017,0.06458318943098641,0.08995083471509868,0.0017413535232248048,0.0026540629634032448,0.0028467436341357635,0.003238108420933708,0.005227974302988395
"{VPD, SW_IN, dSW_IN_POT, dSW_IN_POT_daily, LST_Day, EVI, NIRv}",1.8251691726530507e-07,0.05930744883362296,0.05293599420812285,0.06028859003190775,0.037297039390283504,0.0022328306107196536,0.0015308592465894041,0.0017035016669813552,0.001577339112166093,0.0026271280294163785
"{TA, SW_IN, dSW_IN_POT, LST_Day, LST_Night}",2.6849173976554407e-06,0.06744442864696282,0.05689729293548507,0.07038423029481784,-0.2997631693266484,0.0058992342810902515,0.001759500782143139,0.003304175701885778,0.0017945960768157576,0.001577653277177904
"{SW_IN, SW_IN_POT, dSW_IN_POT, dSW_IN_POT_daily, LST_Day, LST_Night, EVI, NIRv, PFT}",6.820726279927442e-07,0.054546329617192815,0.05363945389862767,0.059874354691168356,0.07974905465296207,0.0018142878646772165,0.0017264549168393706,0.0014784210715882706,0.00046814042643299886,0.0030529041631223303
"{TA, SW_IN, SW_IN_POT_daily, dSW_IN_POT, dSW_IN_POT_daily, LST_Day, NIRv, PFT}",1.9799051853133822e-06,0.055018985063661735,0.05436430261073377,0.058811436531848726,0.1048038762934555,0.001473154882213605,0.0031865941970086256,0.0015697328552577161,0.0008379251600354257,0.004702801149974956
"{TA, VPD, SW_IN_POT_daily, dSW_IN_POT, LST_Day, LST_Night}",1.3158339641678514e-06,0.07854448759040115,0.06753395205658905,0.08297071252240934,-0.17749421391528308,0.004130058395255987,0.0013931260275237278,0.003121375290758399,0.004426391780198734,0.0021737185155226713
"{SW_IN_POT, SW_IN_POT_daily, dSW_IN_POT, dSW_IN_POT_daily, LST_Night, EVI, PFT}",7.681148266342136e-07,0.06383814060202139,0.06506758954318224,0.07541246935314785,-0.13935739108412992,0.0018858931999350126,0.001598134774147969,0.0017248461120165093,3.49508421459907e-05,0.0027375148153685747
"{VPD, SW_IN_POT_daily, dSW_IN_POT_daily, LST_Day, EVI, NDWI_SWIR2}",1.000216345269901e-07,0.0826662081647388,0.0733395967560265,0.08426035805530055,-0.44068680351979417,0.0013134684881108416,0.0016554547920753088,0.0014874529666680514,0.002245248285443667,0.0017794781418382921
"{VPD, SW_IN, SW_IN_POT, SW_IN_POT_daily, dSW_IN_POT, dSW_IN_POT_daily, LST_Night, EVI, NDWI_SWIR2}",1.8322710979522428e-07,0.05623957491562003,0.053284391796613505,0.058531203403148734,0.049902641893901666,0.0030083315315070774,0.002045033258454558,0.0021980536658633004,0.0019308607630465838,0.0027990770370059925
"{TA, VPD, SW_IN_POT, dSW_IN_POT_daily, EVI}",7.209968882328121e-08,0.06625499650368626,0.0557879244042775,0.06948803962779598,-0.10820147804646302,0.002520398058360837,0.0023356138106083377,0.002599495216417752,0.001828272828893869,0.002336178837792663
"{TA, VPD, SW_IN_POT, NIRv, NDWI_SWIR2, PFT}",3.3850504599236415e-06,0.05987960804658556,0.055315993488750395,0.06306928650548925,0.03456163643441005,0.0021050984148546573,0.0035594740633599006,0.0020373618544801478,0.0016715305675027992,0.006650999079977418
"{VPD, SW_IN_POT, dSW_IN_POT, LST_Day, NDWI_SWIR2}",2.3357456550527647e-07,0.0646468205454716,0.05921608348168522,0.06933378122555117,-0.008597294756784205,0.001726191117596719,0.002057792902489669,0.0028927723662087457,0.0015411040158127831,0.0023968816421794797
"{TA, SW_IN, NDWI_SWIR2, PFT}",1.8354948488760373e-06,0.06085167237941334,0.056347434363201304,0.0638602798949531,-0.025635147884367604,0.0026245337389274384,0.004458380372357081,0.0014968586190918995,0.0034812803476284987,0.005365660338687558
"{TA, VPD, SW_IN, dSW_IN_POT_daily, PFT}",7.78336285810315e-06,0.06449992157955413,0.05577939354379641,0.07294383406137733,-0.18939124154304024,0.00892698876545018,0.003472980872307553,0.0031859377842647363,0.0025310128474645838,0.008507854852729313
"{TA, VPD, LST_Day, EVI, NIRv, PFT}",2.741526481154469e-07,0.08245915240394577,0.07410137576799591,0.09325470796071095,-0.41460297388069334,0.0014755075738610846,0.001966641273890929,0.0019714928233261625,0.0013921361093281806,0.0028637635921255067
"{VPD, SW_IN, SW_IN_POT, SW_IN_POT_daily, dSW_IN_POT_daily, LST_Day, LST_Night, EVI, NIRv}",2.0260602258828403e-07,0.057761530776593385,0.05128821265059598,0.060454601872782315,0.0532052599300837,0.0022788657969460835,0.001709895016220167,0.001385339261959398,0.001179070900084532,0.0022734100807845353
"{TA, SW_IN_POT, SW_IN_POT_daily, dSW_IN_POT, dSW_IN_POT_daily, LST_Day, EVI, NIRv}",5.012092281627851e-07,0.06411049492511572,0.05793201215973687,0.07598035477348536,-0.28812918452197583,0.0020481517004178607,0.001514352417629268,0.002826040999109311,0.0008633251407325904,0.002549025510693137
"{SW_IN_POT_daily, dSW_IN_POT, dSW_IN_POT_daily, LST_Night, EVI, NIRv, PFT}",6.027950676337104e-07,0.08107418036835587,0.0793961136257603,0.09742621977378937,-0.2877139809422284,0.0021864518924944037,0.002764424348226019,0.0015965017388040736,0.0035459800891115556,0.003605893305635849
"{TA, VPD, SW_IN_POT, LST_Day, EVI}",7.719892755742376e-07,0.06659528218814886,0.056579394776360564,0.06759446766753982,0.04326061994647442,0.002778140405184558,0.0020292791906535157,0.003982852188602795,0.0013861264212323213,0.0021421973065509775
"{TA, SW_IN_POT, dSW_IN_POT, LST_Night}",1.186661973190742e-05,0.07699931323403338,0.0675512074008521,0.08724298199884735,-0.5732535792455314,0.009709890529077767,0.0011070130449797322,0.0035759570406515145,0.001764126391143525,0.008099433521707736
"{VPD, SW_IN_POT, dSW_IN_POT_daily, NDWI_SWIR2}",8.8677663188973e-07,0.06694885907418494,0.06040129681632504,0.06816663670387443,0.002136875280956093,0.0039181335273148,0.0033026926153015834,0.002560482391402649,0.005385418011614955,0.0033996746189129817
"{TA, SW_IN, SW_IN_POT_daily, dSW_IN_POT, dSW_IN_POT_daily, LST_Night, NIRv, PFT}",1.7139295183328426e-06,0.05472519485853661,0.05254997460530924,0.06012955406480909,0.035432006528873315,0.0012842758090519726,0.0025076399972908947,0.001613971957691064,0.0006608262997181841,0.004430370951266999
"{TA, VPD, SW_IN, SW_IN_POT_daily, LST_Day, LST_Night}",2.124842455183334e-06,0.06425963134850839,0.05518978365687763,0.06397202456696546,-0.003888821179198291,0.004907035662335454,0.0006371294102647945,0.0022445066789475235,0.0013763892211649392,0.0017830729352539265
"{VPD, SW_IN_POT, dSW_IN_POT_daily, LST_Day, NIRv, PFT}",3.694911768572329e-06,0.05967706397260424,0.05650798250515054,0.06367152266143161,0.053613024643421124,0.0019940482229166487,0.003269706899817773,0.002242563149697903,0.0015591517963945145,0.006861608316724763
"{TA, SW_IN_POT_daily, dSW_IN_POT, LST_Day, LST_Night, EVI, NIRv}",5.192916103673109e-07,0.07753933255748034,0.06969049714285691,0.09570041655345653,-0.3580486800835628,0.0018799123351555397,0.0021324633877282673,0.0035944394499390075,0.003620535312618453,0.0028159470604630643
"{TA, VPD, SW_IN, SW_IN_POT, LST_Night, NIRv, PFT}",2.890506561256884e-06,0.056063155344008846,0.05248553805394411,0.05933305101529733,0.07063848188613507,0.001763774540808928,0.002476451516925493,0.0014253990138750686,0.0005961180151878159,0.005537849654383267
"{SW_IN_POT, dSW_IN_POT, dSW_IN_POT_daily, LST_Night, EVI, PFT}",9.531361142222834e-07,0.06423783817889625,0.06518228236277938,0.07554248999578342,-0.10872454113120837,0.0018522881028867622,0.001598256854430699,0.0015202268861810447,-8.077037352455935e-05,0.002969175543957578
"{SW_IN, SW_IN_POT, dSW_IN_POT, EVI, NDWI_SWIR2}",7.434278540158157e-08,0.060824353309563935,0.057707779570740324,0.06132580370337537,0.10310595729823198,0.0027353461557679953,0.003067570339036353,0.002823345599703188,0.0022380083355035135,0.002617713278962333
"{SW_IN, SW_IN_POT_daily, dSW_IN_POT, dSW_IN_POT_daily, LST_Night, EVI, NIRv, PFT}",9.77743416230173e-07,0.054989805416928515,0.05381664330193588,0.060005038154561645,0.07107432831373985,0.0014375665396923545,0.0021280913975909935,0.0015434109508310617,0.0009879352082531323,0.0038233209250345124
"{SW_IN, SW_IN_POT, SW_IN_POT_daily, dSW_IN_POT, dSW_IN_POT_daily, LST_Day, LST_Night, PFT}",3.763330445953136e-06,0.05919341408865524,0.055968518418180443,0.06629933787418332,-0.11448870469398699,0.006272166600623574,0.0025057778825944357,0.001982265070853584,0.000735537767305873,0.0043594151068045844
"{SW_IN_POT, dSW_IN_POT, LST_Day, LST_Night}",2.3934722951578615e-06,0.07370893727913068,0.06841194641540604,0.08275693872574208,-0.2931248770400569,0.005265833762970837,0.0011840395317476299,0.003977282411467067,0.0014604344466402838,0.0024553435711612698
"{TA, SW_IN, LST_Day, LST_Night, NIRv, NDWI_SWIR2, PFT}",1.8967799510668008e-06,0.055040454588460956,0.055330013608095766,0.05800728452229535,0.04284754703123159,0.0017881722149139384,0.0034299445242186102,0.0012181401920574528,0.0008575213441351232,0.004469765705138878
"{TA, dSW_IN_POT, dSW_IN_POT_daily, LST_Day, LST_Night, NDWI_SWIR2}",9.907227087750844e-07,0.07841131767648983,0.06986549831314882,0.09325347273738102,-0.686592237413915,0.004010800807775133,0.0019295631260668883,0.003499542492842095,0.0034541314509745763,0.0014451295801074793
"{TA, SW_IN, SW_IN_POT, SW_IN_POT_daily, dSW_IN_POT, LST_Day, LST_Night, EVI, PFT}",1.286831659092251e-06,0.0544063738562842,0.05317487026996547,0.05944323722940134,0.08959523450844081,0.0017649995043612227,0.0019501769748231784,0.0015789229175668731,0.0002077578966017471,0.0037595763980483032
"{SW_IN, SW_IN_POT, dSW_IN_POT, dSW_IN_POT_daily, LST_Day, LST_Night, EVI, NDWI_SWIR2}",3.375839107072785e-07,0.05654012518869777,0.05347249059554372,0.061148186636963184,-0.016385380355753192,0.00262282350737289,0.001999676433722751,0.0017281075029002071,0.0010047361430326265,0.0024902095656643974
"{TA, SW_IN, SW_IN_POT_daily, dSW_IN_POT, LST_Day, LST_Night, EVI, NIRv, PFT}",1.4136783508366336e-06,0.054539283114020565,0.05322430296027198,0.05872103800585324,0.13748434670953,0.001392846257727176,0.0026072224789729023,0.0015836070822145415,0.0005831125290356523,0.004039258402902146
"{TA, SW_IN, SW_IN_POT, SW_IN_POT_daily, LST_Night, NIRv, PFT}",2.30059646844276e-06,0.055847258349103215,0.05376291548506352,0.06075341347478898,0.05108488593962307,0.0015106429444470826,0.0025679733881540864,0.001981519021506388,0.0005725246729032935,0.005080571970269163
"{TA, VPD, SW_IN, SW_IN_POT_daily, dSW_IN_POT_daily}",3.73656752689403e-06,0.0692735326152632,0.05941410222516795,0.07403464846313063,-0.3601795226845168,0.006189848362871328,0.0009583313778003255,0.0026293753113282303,0.0020535326993418312,0.004992859196207608
"{SW_IN, SW_IN_POT_daily, dSW_IN_POT, LST_Day, LST_Night}",1.1432033896721192e-06,0.06555451590566677,0.058517370350945494,0.06878198765964401,-0.08652848899907135,0.00452636207473079,0.0015534961006338222,0.0026593834444171224,0.0016706460317840177,0.0028337048682487015
"{TA, VPD, dSW_IN_POT, dSW_IN_POT_daily, EVI, NIRv, PFT}",1.519139778933798e-06,0.0710073546772068,0.06529942365537486,0.0797158058200663,-0.11546868439106929,0.0020337743826892574,0.0025572758453080158,0.0021209645884585487,0.0027358522978251296,0.005372774514306983
"{VPD, SW_IN, SW_IN_POT, dSW_IN_POT, dSW_IN_POT_daily, LST_Day, NIRv}",5.184976644524454e-08,0.05935383278528285,0.05363448710732317,0.06160679570935153,-0.0036153152372711737,0.0016123734249173377,0.001513696636925986,0.00187177113015502,0.0014157816749282362,0.00202751937669203
"{TA, LST_Day, LST_Night, EVI, NDWI_SWIR2}",2.9314496387207303e-07,0.08871322793773981,0.08290841546822511,0.1092572056784914,-0.8243032444309556,0.001410617123383237,0.0018974795115511006,0.002817422483676918,0.001440372617955564,0.0023572952797042412
"{VPD, SW_IN_POT, SW_IN_POT_daily, dSW_IN_POT, EVI, NIRv, NDWI_SWIR2, PFT}",1.6381195545793284e-06,0.05825055592935063,0.054597053547433716,0.06007964981335519,0.07235751642392514,0.0022939213374469566,0.0028694909588366235,0.0015314247958226473,0.0015216196591943537,0.00499339479744039
"{TA, VPD, SW_IN, LST_Night, EVI, PFT}",2.0993694270649974e-06,0.05628060230513157,0.052684479720179006,0.05930607024343293,0.11020223211463948,0.0014168303912458907,0.0023896228257411084,0.0008299379682609187,0.000680808790055179,0.004626078304356268
"{TA, VPD, SW_IN, SW_IN_POT, dSW_IN_POT, LST_Day, EVI, NDWI_SWIR2, PFT}",1.606523723460601e-06,0.05398701903851653,0.05058267458628884,0.05780668901909674,0.14802456113055576,0.0019488672478115976,0.002715566209493127,0.0015291448122474738,0.001083437893633979,0.0046886735733854545
"{TA, SW_IN, SW_IN_POT, SW_IN_POT_daily, LST_Night, PFT}",2.0804070666658847e-05,0.06527402962835309,0.05789610953452763,0.08239514480906254,-0.5435619474799928,0.014143073346876714,0.003239588673419558,0.003645081452073859,0.0013968247995479813,0.007835624098016275
"{TA, VPD, SW_IN_POT, LST_Day, EVI, NIRv, NDWI_SWIR2}",9.869812245439738e-07,0.06238333200381035,0.05591191815803301,0.06605345885077421,0.07348658027032857,0.0017956241144113927,0.0027168432930598854,0.0033565707478747514,0.0025488175638373536,0.004754840051151107
"{TA, VPD, SW_IN_POT_daily, dSW_IN_POT_daily, LST_Day, PFT}",6.864990153221975e-07,0.08357583746048038,0.07333600085796763,0.09950814407108691,-0.5514589801605085,0.0029338054662159663,0.002223331854028135,0.002325435778357407,0.0017339349525003767,0.004142570381197308
"{TA, VPD, SW_IN_POT_daily, LST_Night, NIRv, NDWI_SWIR2}",4.0916813436705703e-07,0.08243882554967182,0.07117752417335221,0.0883798825572282,-0.4913808587984276,0.000683774791465766,0.0022170596142618015,0.0018809062200377535,0.0018447240626191033,0.002591785183571657
"{VPD, SW_IN, SW_IN_POT, NIRv, PFT}",2.7936499066148496e-06,0.05938043919325676,0.05504404010789543,0.059570060395958246,0.13140208742171625,0.0022887671858741396,0.0034239251878606936,0.001627911124217181,0.001667018635593813,0.006102522200767832
"{TA, VPD, SW_IN, SW_IN_POT, dSW_IN_POT, EVI, NIRv, NDWI_SWIR2, PFT}",1.7724734382483727e-06,0.05431626090760736,0.051605538557336156,0.0578533586630751,0.1386392487959621,0.002082801249310158,0.0025943282987116387,0.0016457506287852613,0.0014011983819091842,0.0051006533297351525
"{VPD, SW_IN, dSW_IN_POT, LST_Day, LST_Night, NIRv, PFT}",2.0242522569130844e-06,0.055674145071496296,0.05265785178953458,0.05867712473787222,0.09996627752687899,0.0020516852567763685,0.0024644107899275403,0.001757790340619153,0.0004625977404879994,0.004822544083455824
"{TA, SW_IN_POT, dSW_IN_POT_daily, LST_Day, NDWI_SWIR2}",7.621793828527626e-07,0.06715138451757466,0.06008363847619219,0.0728461300580959,-0.15166191226403172,0.004591460884504413,0.0024736998805477417,0.0028865223346525998,0.002049533495203676,0.0026745474059455127
"{TA, VPD, SW_IN_POT_daily, dSW_IN_POT, LST_Day}",1.0507252076348783e-06,0.08001988011800107,0.06756427576428997,0.08240707471460804,-0.128330665164479,0.0029247391386623828,0.0018762594255733317,0.002741024621988719,0.004737818018223046,0.0019989403279307982
"{SW_IN, dSW_IN_POT_daily, LST_Day, LST_Night, EVI, NIRv}",1.9958984468508831e-07,0.059361005989156106,0.053345160079636494,0.06228349970942244,-0.011308916333133523,0.0018941633065340663,0.0017347595012870143,0.0011142868611719106,0.0009050133312673847,0.0020401734646649794
"{TA, VPD, SW_IN, dSW_IN_POT, dSW_IN_POT_daily, NIRv, NDWI_SWIR2}",6.63510970311332e-07,0.05745000075628996,0.053385785490616136,0.05912375830995399,0.07013541021524794,0.0020144157255821624,0.0027443318715461087,0.0023011635315013657,0.0021096178650690176,0.0042296971012364265
"{SW_IN_POT, dSW_IN_POT, dSW_IN_POT_daily, NIRv, NDWI_SWIR2}",3.4081625212323425e-07,0.0664853973067502,0.06741758190717154,0.07316364366204506,-0.056640452389072594,0.0021628688597625095,0.0021440743406409557,0.002290455191174101,0.0012173858564201029,0.003053994136608562
"{VPD, SW_IN_POT_daily, dSW_IN_POT, dSW_IN_POT_daily, LST_Day, LST_Night, NIRv, NDWI_SWIR2, PFT}",1.5613865763727061e-06,0.06908175707592472,0.06541748308511267,0.0739810232468776,-0.17587581420608753,0.0015941938427375194,0.0021158906079492418,0.0010127326442900958,0.0023827717241086815,0.004671998486735371
"{TA, SW_IN_POT, SW_IN_POT_daily, dSW_IN_POT, LST_Day, EVI, NDWI_SWIR2, PFT}",1.5596919105572602e-06,0.06033403120595071,0.057923374529331745,0.06786685331753178,-0.02893757624974151,0.0022088966300340893,0.002607555922271479,0.002136553221089639,0.0003827825910845406,0.004299193756354597
"{TA, SW_IN, SW_IN_POT, SW_IN_POT_daily, LST_Night, EVI}",2.0171326428984663e-07,0.06176791828789471,0.05241353204720943,0.06826557453689142,-0.19322257767579454,0.0014193522061793085,0.0016744602690583268,0.0015037445550194761,0.0014358109960505572,0.002608211303184352
"{VPD, SW_IN, SW_IN_POT, EVI, PFT}",2.6871619261558956e-06,0.05923637156017687,0.05491678531349786,0.05898587046056034,0.15837871614888185,0.0022662576087093544,0.0033248892962241886,0.0012464759577336115,0.0019813729554548284,0.005947930749106767
"{TA, VPD, SW_IN, SW_IN_POT, SW_IN_POT_daily, dSW_IN_POT_daily, NDWI_SWIR2, PFT}",1.6872789391482147e-06,0.05585015443646059,0.054557649949590274,0.06025510716212262,0.0886317666201308,0.0029368749724769105,0.004075838464688064,0.001585638322224879,0.0027740476611870443,0.005422338776654809
"{TA, SW_IN, SW_IN_POT, SW_IN_POT_daily, dSW_IN_POT, LST_Day}",2.5187020281262726e-06,0.06580384112185715,0.057749572408537134,0.06711722947236667,-0.10102960839245313,0.004443826122028885,0.0007442985115493767,0.0025305761325433163,0.0007015505419654261,0.004080255400169944
"{VPD, SW_IN_POT, dSW_IN_POT, NDWI_SWIR2}",9.987267065267977e-08,0.06613264899760278,0.061218782782062,0.0706284679599326,-0.013298478393599156,0.0017424231838440996,0.002017861480892058,0.0026287963907366263,0.002387755983290385,0.00241165996433558
"{TA, SW_IN, LST_Day, EVI, NIRv, NDWI_SWIR2}",7.323542671569572e-07,0.058995161744139685,0.05494123644318264,0.05908422209504027,0.07491145833423392,0.0019249389459948668,0.0026783315090587456,0.0025491239335385385,0.0023148228902549264,0.004408107404446512
"{TA, SW_IN_POT_daily, dSW_IN_POT_daily, LST_Day, EVI, NIRv, NDWI_SWIR2}",1.3258101450791718e-07,0.08564562264048971,0.0799876824724283,0.11868425503945837,-0.9594458326886635,0.0009856896043850677,0.0014847440070628326,0.002123001533321331,0.0015509548258611575,0.00166180526532346
"{TA, VPD, SW_IN, SW_IN_POT, SW_IN_POT_daily, NIRv, NDWI_SWIR2, PFT}",2.536505330796403e-06,0.054743386301710856,0.0526310896801704,0.05771169950170238,0.14260482918990408,0.002101910643101862,0.00335297965849915,0.002002334451551402,0.0018317629044877909,0.006068686898566489
"{SW_IN, LST_Day, LST_Night, NIRv}",2.058438183878558e-07,0.06227148463522222,0.05523209066265744,0.0628650813289271,0.0061618861735511414,0.0019095603992467097,0.001375718537866416,0.0014954242307402832,0.0008208834865278888,0.0021288338704249787
"{VPD, SW_IN, SW_IN_POT, SW_IN_POT_daily, dSW_IN_POT_daily, NIRv}",2.15505431878608e-07,0.06239913367647417,0.05460126576707454,0.061736883518675165,-0.05614169826995954,0.001691453682700017,0.0027752493930182226,0.0016224139220513967,0.0025685809443030394,0.0023361831001676575
"{SW_IN, SW_IN_POT, LST_Day, EVI, NIRv, NDWI_SWIR2, PFT}",1.1871341533356319e-06,0.05670963908894089,0.054704620215092474,0.06031223575629322,0.13560597699889235,0.0021873876316979082,0.002942440462195134,0.0013515003453158092,0.0011515022005938458,0.004117722774864621
"{TA, SW_IN, SW_IN_POT, LST_Night, NIRv, NDWI_SWIR2}",9.049779538468933e-07,0.05887003719526444,0.05315975465949709,0.06007831034241314,-0.011657206775364451,0.002196813277238828,0.0027422444756939127,0.0018343194350625425,0.001497059764822388,0.004210362300284445
"{TA, SW_IN_POT, SW_IN_POT_daily, dSW_IN_POT_daily, EVI, NIRv}",4.877672321405505e-07,0.06638382826068603,0.060568063086412216,0.07645776598183518,-0.3424549803071691,0.003225606756472238,0.002027708662487554,0.0022394675811197445,0.00137283182740245,0.003133323882974978
"{TA, SW_IN_POT, SW_IN_POT_daily, NDWI_SWIR2, PFT}",1.7171199639910041e-06,0.06438413006481139,0.06312733480614391,0.06888920339661601,-0.0630999295628677,0.0026758056241020095,0.003802299785095671,0.002568197045091619,0.00208124575723876,0.005739196379315664
"{TA, VPD, SW_IN_POT, LST_Day, LST_Night, NIRv}",6.531459421583589e-07,0.06472665634287039,0.05520120320200078,0.06790293226792468,0.014397118796104705,0.00307548273394246,0.0020501806371472087,0.0031398963925972495,0.0009271262870612293,0.0021769706588327664
"{TA, VPD, SW_IN, SW_IN_POT, SW_IN_POT_daily, dSW_IN_POT, NIRv, NDWI_SWIR2, PFT}",1.974612144347601e-06,0.054061502188963204,0.05263101967196933,0.05748271030006116,0.1294663393464183,0.00204879703444575,0.002947260593159265,0.0019554371302854257,0.0010516860030038919,0.00517728975634299
"{SW_IN_POT, dSW_IN_POT_daily, EVI}",1.1187848954698288e-06,0.07444803710744821,0.06892993364500052,0.07225141233512108,-0.07940873254173843,0.0024756678502944607,0.004754629133108007,0.0019221235246503904,0.0028466448288480203,0.004148102953617908
"{VPD, SW_IN_POT, dSW_IN_POT_daily, NIRv, NDWI_SWIR2}",9.5702158959952e-07,0.0628791365289659,0.05752333241482032,0.06546437715918198,0.021371358022187703,0.002292820506059036,0.003567225860577998,0.0029755796051296884,0.003794202329982198,0.005228410104909639
"{TA, VPD, SW_IN_POT, dSW_IN_POT, LST_Night, EVI, NDWI_SWIR2, PFT}",2.387022669787011e-06,0.05814550846267206,0.05419987289664009,0.06722799002636548,0.005970409076831422,0.0016216900653847899,0.0029320549153113926,0.0016750800844078442,0.00048570596329417653,0.005021108788284531
"{TA, VPD, dSW_IN_POT, dSW_IN_POT_daily, LST_Day, LST_Night, PFT}",1.9246070112053423e-06,0.07467914503986034,0.0659297572404595,0.09429776097732208,-0.6258665089731417,0.006052748149199164,0.003677432047841364,0.003438437732520061,0.002653207067359803,0.005950432191281191
"{TA, SW_IN, SW_IN_POT, dSW_IN_POT_daily, LST_Day, NIRv, NDWI_SWIR2, PFT}",1.9318659840528815e-06,0.05424561888835829,0.05362956238472588,0.0575909248382975,0.07624282130062167,0.002185802128500336,0.0033401600521357697,0.001260067745791689,0.0014527410228834456,0.005016895657038195
"{SW_IN, dSW_IN_POT, dSW_IN_POT_daily, NIRv, PFT}",2.22153668514964e-06,0.058095826604895845,0.06004533621461862,0.06383973631675813,0.09327782961448944,0.0017471177725368187,0.003761046186115967,0.0013584801920112285,0.0014533258564141116,0.005091977987540908
"{TA, SW_IN, SW_IN_POT, LST_Day, EVI, NDWI_SWIR2, PFT}",1.6445095835328682e-06,0.0552202845518269,0.05313092557460437,0.05898310716734632,0.11251768393008722,0.002096204593269653,0.0028921761354040315,0.001505110692098001,0.0015973800903285804,0.004983368255322321
